id,system,thread_id,customer,evidence_customer,evidence_reply,relevant,supports_next_step,current_advice,reviewer_id,reviewer_type,rationale
c3_001,agent,t_750217,"hey im trying to remove a few of my old releases, they are on discontinued labels. But i no longer have contact with the people running it. How would i do this?",how do I change my artist picture? My music put on Spotify through a label I no longer work with and no artist picture was included,@user Hi there! You can change your image at any time with Spotify for Artists. There’s more info on this here: <url>,,,,,,
c3_001,agent,t_2707038,"hey im trying to remove a few of my old releases, they are on discontinued labels. But i no longer have contact with the people running it. How would i do this?",Hi If there are a load of old albums by UK artists that were only released in the UK which @user and @user have uploaded to you but have geoblocked in the UK what can you do? The labels are refusing to help and we’re deprived of amazing pop! Help please!,"@user Hi Rob! We’d love to have all music available, but we have some info about content here: <url>",,,,,,
c3_001,agent,t_823260,"hey im trying to remove a few of my old releases, they are on discontinued labels. But i no longer have contact with the people running it. How would i do this?",would be cool if Spotify included production details of music. Label. Producer. Engineer. These people deserve recognition 2,"@user Hey Rick, we can see how that’d be useful! You can vote for the official idea here: <url>",,,,,,
c3_001,agent,t_1261980,"hey im trying to remove a few of my old releases, they are on discontinued labels. But i no longer have contact with the people running it. How would i do this?",can you remind me how you can search by label?,"@user Hey Ellen, help's here! Just to check, are you trying to search for a record label on the app, or otherwise?",,,,,,
c3_001,agent,t_1705028,"hey im trying to remove a few of my old releases, they are on discontinued labels. But i no longer have contact with the people running it. How would i do this?",I've just got some Google Chromecast speakers. How do I remove my old Spotify Connect speaker? <url>,@user Hey Bobby! Have you tried the troubleshooting steps here: <url>? Keep us posted,,,,,,
c3_001,agent,t_1857344,"hey im trying to remove a few of my old releases, they are on discontinued labels. But i no longer have contact with the people running it. How would i do this?",Push notifications on please 😁💚 <url>,@user Hey! We're no longer sending emails for every release. Head to Browse > New Releases to find the latest releases updated every Friday,,,,,,
c3_001,quality,current:contact,"hey im trying to remove a few of my old releases, they are on discontinued labels. But i no longer have contact with the people running it. How would i do this?",Need official human support,Spotify's contact page offers messaging with customer support. The assistant cannot contact staff or access accounts.,,,,,,
c3_002,quality,current:contact,Hi. I can't link you my Facebook account. It says my Facebook is already linked to another Spotify account :(,Need official human support,Spotify's contact page offers messaging with customer support. The assistant cannot contact staff or access accounts.,,,,,,
c3_002,agent,t_1272291,Hi. I can't link you my Facebook account. It says my Facebook is already linked to another Spotify account :(,I trying to link with Facebook but saying Facebook account linked with another account,@user Hi James! The cavalry's here. Could you DM us your account's email address and Facebook profile link? We'll take a look backstage <url>,,,,,,
c3_002,agent,t_2530058,Hi. I can't link you my Facebook account. It says my Facebook is already linked to another Spotify account :(,hi I can't link my Spotify account to my ps4. Says I already have one linked but I don't.,"@user Hey there! The folks over @user will be able to help you out with this. For anything else, give us a shout",,,,,,
c3_002,agent,t_2211072,Hi. I can't link you my Facebook account. It says my Facebook is already linked to another Spotify account :(,I can't make a spotify account using my email due to the fact my current email is already linked to a account which is linked to a Facebook which i deleted a long time ago. So i can't sign in at all or get access to the account. What can i do?,@user Hi! Can you DM us your account's email address or Facebook URL? We'll take a look <url>,,,,,,
c3_002,agent,t_1962120,Hi. I can't link you my Facebook account. It says my Facebook is already linked to another Spotify account :(,my Spotify says it is linked with another psn and I can’t link it with mine. Is there a way to revoke that to link my account?,"@user 1: Hey Trevor! We're afraid that we're unable to unlink your Playstation account on our end, but the good folks over at @user...",,,,,,
c3_002,agent,t_1867720,Hi. I can't link you my Facebook account. It says my Facebook is already linked to another Spotify account :(,"Hallo spotify, i had already changed my email in facebook account, but email in spot. acc is not changed, How can I renew it?","@user Hi, help's arrived! Could you DM us a link to your Facebook profile and the email address on your Spotify account? We'll check it out 🔍 <url>",,,,,,
c3_002,agent,t_665363,Hi. I can't link you my Facebook account. It says my Facebook is already linked to another Spotify account :(,@user spotify won't work on my PS4 because it says ive linked another account to my PSN? how do i undo this? i need my 🎶,"@user 2: having issues, the folks over @user may be able to help you out with this 👍",,,,,,
c3_003,agent,t_654666,"I just got charged 10€ because I forgot to cancel my Premium, would it be possible to refund it and have it removed?","Hi , I want to change the date that money leaves my account for premium, is this possible or do I have to cancel and renew again??","@user Hey Racha! We're afraid it's not possible to change your billing date. You would need to cancel your subscription, then resubscribe on the day you'd like to be charged. We hope this helps",,,,,,
c3_003,agent,t_124849,"I just got charged 10€ because I forgot to cancel my Premium, would it be possible to refund it and have it removed?","Hi! I would like to cancel my premium account but just found out that I got charged today. If I cancel the premium service now, will I still be able to use it for a month since it’s already paid? Please advise thank you!","@user Hi Mitzki, help's here! If you cancel your subscription, your Premium features will remain for the rest of the Premium time. Hope this helps 🙂",,,,,,
c3_003,agent,t_1313514,"I just got charged 10€ because I forgot to cancel my Premium, would it be possible to refund it and have it removed?","just got charged for premium, i was meant to cancel before it charged me so i've just canceled right now can i get a refund??",@user Hey Mel! Can you DM us your account's email address? We'll see what we can do <url>,,,,,,
c3_003,agent,t_2704314,"I just got charged 10€ because I forgot to cancel my Premium, would it be possible to refund it and have it removed?","I have an account for my younger sister, she forgot her login details to cancel her trial. After 4 days and numerous attempts we finally got bk in! If I cancel the account now, will premium continue to work until the last day, payed for?","@user Hey there! Yes, it will. Her account will revert to Free on her renewal date. Let us know if you have other questions 🙂",,,,,,
c3_003,agent,t_535329,"I just got charged 10€ because I forgot to cancel my Premium, would it be possible to refund it and have it removed?",I might cancel my premium I can’t access my account I got a new one I need to delete it if it’s not accable not happy no one has helped me I forgot my id pass word,@user Let's not throw in the towel just yet. We'd love to help out. Can you send us a DM? <url>,,,,,,
c3_003,agent,t_1824117,"I just got charged 10€ because I forgot to cancel my Premium, would it be possible to refund it and have it removed?",My favourite song got taken off .,@user Hey there! Sometimes content gets temporarily removed because of licensing changes. Hopefully we'll have it available again soon,,,,,,
c3_003,quality,current:contact,"I just got charged 10€ because I forgot to cancel my Premium, would it be possible to refund it and have it removed?",Need official human support,Spotify's contact page offers messaging with customer support. The assistant cannot contact staff or access accounts.,,,,,,
c3_004,quality,current:contact,"can't use website player. keep getting ""ooops, something went wrong. Reload."" I've reloaded, restarted, signed out & in...",Need official human support,Spotify's contact page offers messaging with customer support. The assistant cannot contact staff or access accounts.,,,,,,
c3_004,agent,t_1829525,"can't use website player. keep getting ""ooops, something went wrong. Reload."" I've reloaded, restarted, signed out & in...","Getting a lot of issues with web player - 'Oops something went wrong, reload', seeing nginx 503 errors!","@user Hey Roo! Can you try clearing your browser's cache and cookies? Using an incognito window might do the trick, too. Keep us posted",,,,,,
c3_004,agent,t_1306513,"can't use website player. keep getting ""ooops, something went wrong. Reload."" I've reloaded, restarted, signed out & in...","Hey WTH is going on with your web player? Keep getting ""Oooops, something went wrong with the playback. Reload"" every 2nd song?!?!",@user Hey there! Can you try using an incognito window or a different browser to see if it helps? Let us know how it goes,,,,,,
c3_004,agent,t_224116,"can't use website player. keep getting ""ooops, something went wrong. Reload."" I've reloaded, restarted, signed out & in...","hey i'm trying to sign up for an account and I just keep getting the same ""oops something went wrong, please try again...""",@user Hey there! Can you try clearing your browser's cache and cookies? That might help,,,,,,
c3_004,agent,t_2783492,"can't use website player. keep getting ""ooops, something went wrong. Reload."" I've reloaded, restarted, signed out & in...","I keep getting a server time-out, is there something wrong with the website this morning?","@user Hi Joel! Thanks for keeping us posted. If it happens again, let us know and we'll dig deeper. Otherwise... <url> 🙂",,,,,,
c3_004,agent,t_2300002,"can't use website player. keep getting ""ooops, something went wrong. Reload."" I've reloaded, restarted, signed out & in...",radio won’t let you like songs! Says that something went wrong,"@user Hey Kaylinn, help's here! That's not cool. Does logging out > restarting the device > logging back in help? Keep us posted",,,,,,
c3_004,agent,t_912988,"can't use website player. keep getting ""ooops, something went wrong. Reload."" I've reloaded, restarted, signed out & in...",I've been finding difficulties signing up with both my Facebook or Email. Feedback; oop something went wrong for hr,@user Hi there! What country are you currently in? We'll see what we can suggest,,,,,,
c3_005,agent,t_2857442,Hi been trying to update my payment but it dint load. Or cancel. It doesnt take a moment 💔 <url>,"I'm trying to update my premium payment and I just get this loading page, what's the story? <url>",@user Hi Graham! Could you try updating your payment info at <url> on a desktop or laptop computer? Let us know how it plays out,,,,,,
c3_005,agent,t_2803542,Hi been trying to update my payment but it dint load. Or cancel. It doesnt take a moment 💔 <url>,"I keep trying to update my payment method to keep my Spotify account but every time I try, it just keeps loading, loading, and loading... Any help? I use Spotify on my MacBook Pro. Thanks. - __email__ <url>","@user Hey Mitchell! Could you please delete this tweet since it contains your personal info? On another note, we've just sent you a bit more info over DM. We'll carry on helping out there",,,,,,
c3_005,agent,t_1688975,Hi been trying to update my payment but it dint load. Or cancel. It doesnt take a moment 💔 <url>,i am trying to update my payment information but have searched this whole app and cant find this option?,@user Hey! Help's here. You can update your payment details by logging in to <url>,,,,,,
c3_005,agent,t_2081503,Hi been trying to update my payment but it dint load. Or cancel. It doesnt take a moment 💔 <url>,"Trying to update Spotify payment card - says ""loading..please wait"" ... for over an hour. Tried everything! Help! .",@user Hey Angela! The cavalry's here. Could you DM us your account's email address or username? We'll take a look under the hood <url>,,,,,,
c3_005,agent,t_2246130,Hi been trying to update my payment but it dint load. Or cancel. It doesnt take a moment 💔 <url>,Trying to update payment details. Form on the page won't load on two different browsers. Any ideas?,"@user Hi there. Can you let us know what device, OS, and browsers you're using? Also, are you getting any specific error messages",,,,,,
c3_005,agent,t_2346324,Hi been trying to update my payment but it dint load. Or cancel. It doesnt take a moment 💔 <url>,Yo. Trying to update my payment information. It's been suck on the Change Payment Details page forever. What's the deal?? Tried on both Chrome and Firefox.,@user Hey there! Could you try using an incognito window? Let us know how it goes,,,,,,
c3_005,quality,current:contact,Hi been trying to update my payment but it dint load. Or cancel. It doesnt take a moment 💔 <url>,Need official human support,Spotify's contact page offers messaging with customer support. The assistant cannot contact staff or access accounts.,,,,,,
c3_006,quality,current:contact,Yo I keep trying to apply for the student discount but it keeps telling me my 'csrf token' is invalid???????,Need official human support,Spotify's contact page offers messaging with customer support. The assistant cannot contact staff or access accounts.,,,,,,
c3_006,agent,t_2259557,Yo I keep trying to apply for the student discount but it keeps telling me my 'csrf token' is invalid???????,I'm trying to update my payment method and I keep getting this error: The CSRF token is invalid. Please try to resubmit the form.,@user Hi David! The cavalry's here. Can you DM us your account's email address and a screenshot of the exact error message you're getting? <url>,,,,,,
c3_006,agent,t_458053,Yo I keep trying to apply for the student discount but it keeps telling me my 'csrf token' is invalid???????,"I am trying to reset my password, but the page keeps showing ""The CSRF token is invalid."" Can you provide assistance?","@user Hey Charles, help's here! Does clearing your cache/cookies help? You might also want to try using an incognito window. Let us know how it goes",,,,,,
c3_006,agent,t_1902085,Yo I keep trying to apply for the student discount but it keeps telling me my 'csrf token' is invalid???????,I need help on trying to get my spotify premium student discount! 😭,"@user Hi, help's here! What's happening when you apply for the student discount? Could you also DM us your email & username? Keep us posted <url>",,,,,,
c3_006,agent,t_106339,Yo I keep trying to apply for the student discount but it keeps telling me my 'csrf token' is invalid???????,"every time I try to reset password it says ""The CSRF token is invalid. Please try to resubmit the form.""","@user Hey Kindal, help's arrived! Can you shoot us over a DM with a screenshot of the error message you're receiving? We'll check things out backstage <url>",,,,,,
c3_006,agent,t_2071597,Yo I keep trying to apply for the student discount but it keeps telling me my 'csrf token' is invalid???????,does your student offer for both premium and hulu apply to high school students or only college students?,@user 1: Hey there! Students must be actively in term at their college/university to be eligible to apply the discount. If they try to sign...,,,,,,
c3_006,agent,t_1126453,Yo I keep trying to apply for the student discount but it keeps telling me my 'csrf token' is invalid???????,"Hi There! I’m now a Student, on a Family Premium Plan. Is it possible if my UNiDAYS 50% Discount can Apply To Family Plans? 🙂",@user Hi Ben! We're afraid you can't apply additional discounts to a Premium for Family plan. Nice try though 😉,,,,,,
c3_007,agent,t_1958985,hi I need some help with linking accounts turns out I’m paying two subscriptions please help,please contact me reg an account. I’m paying for a monthly subscription but don’t know which email it’s linked to? Thank you!,"@user Hey there, help's here! Can you DM us any email addresses or usernames you might have used to open an account? We'll dig deeper <url>",,,,,,
c3_007,agent,t_1209236,hi I need some help with linking accounts turns out I’m paying two subscriptions please help,I pay for premium and I’m fed up. doesn’t work!! I want this sorted or I’m cancelling my subscription.,@user Hey Soph! What exactly is going on with your Spotify account? We'll do our best to help you out,,,,,,
c3_007,agent,t_1935851,hi I need some help with linking accounts turns out I’m paying two subscriptions please help,"i need to cancel my subscription, however my subscription is under a Facebook account that i no longer have access too. help!","@user Hey, help's here! Could you DM us your email address or the link to your Facebook profile? We'll do some digging 🔍 <url>",,,,,,
c3_007,agent,t_2706998,hi I need some help with linking accounts turns out I’m paying two subscriptions please help,"hey gang, is it possible to merge two existing accounts into a family account if they belong to two different users?","@user Hey! Merging the accounts isn't needed. A Premium for Family plan allows up to six separate accounts to share one subscription. One will just need to sign up for the plan, then send invites to the members. For the exact steps, check out <url>",,,,,,
c3_007,agent,t_123459,hi I need some help with linking accounts turns out I’m paying two subscriptions please help,Hi I’m trying to link my Spotify premium account with the ps4 service but it fails : ‘Spotify already linked ...’ - could you help me please ?,@user Hey there! Our friends over @user should be able to help with this. Give us a shout if you have other questions,,,,,,
c3_007,agent,t_2578880,hi I need some help with linking accounts turns out I’m paying two subscriptions please help,How do I turn of the Automatic renew function for premium?,@user Hi there! You can cancel your Premium subscription anytime by heading to <url>. Let us know if you need a hand with this. We're happy to help,,,,,,
c3_007,quality,current:contact,hi I need some help with linking accounts turns out I’m paying two subscriptions please help,Need official human support,Spotify's contact page offers messaging with customer support. The assistant cannot contact staff or access accounts.,,,,,,
c3_008,quality,current:contact,unable to access my premium account via Facebook or email upon phone change. I can't reset it or do anything. Please help.,Need official human support,Spotify's contact page offers messaging with customer support. The assistant cannot contact staff or access accounts.,,,,,,
c3_008,agent,t_2024406,unable to access my premium account via Facebook or email upon phone change. I can't reset it or do anything. Please help.,"hi,, i decativated facebook. please can i change my login account","@user Hi James, help's here! Can you confirm your account's email address via DM? We'll see what we can do <url>",,,,,,
c3_008,agent,t_1896825,unable to access my premium account via Facebook or email upon phone change. I can't reset it or do anything. Please help.,"got a new phone, unable to log in Spotify with email address, says I've logged in via Facebook, never used Facebook, help?","@user Hi Neil, don't worry! Help has arrived. Can you DM us your account's email address or username? We'll take a look under the hood <url>",,,,,,
c3_008,agent,t_2056589,unable to access my premium account via Facebook or email upon phone change. I can't reset it or do anything. Please help.,Hi! Is it possible to change my Facebook-created Spotify Premium account to a regular one that is not connected to Facebook?,@user Hey Jeroen! Could you DM us the email address linked to your Facebook account? We'll do our best to help you out <url>,,,,,,
c3_008,agent,t_591472,unable to access my premium account via Facebook or email upon phone change. I can't reset it or do anything. Please help.,I cannot login to New device because I have permanently deleted my Facebook account which i used to use to logon. Please help.,@user Hi Daniel! Can you send over the email address on your Facebook account via DM? We'll do our best to help out <url>,,,,,,
c3_008,agent,t_1799988,unable to access my premium account via Facebook or email upon phone change. I can't reset it or do anything. Please help.,I am unable to log in. My Facebook account's e-mail address is __email__ I have a Premium. Please help ASAP!,@user Hey there! We recommend deleting your last tweet as it contains your private info. Can you DM us your email address instead? <url>,,,,,,
c3_008,agent,t_1595443,unable to access my premium account via Facebook or email upon phone change. I can't reset it or do anything. Please help.,Is there any possible way to disconnect my cousins facebook from my spotify via xbox or phone?,"@user 1: Hi Nick! We're afraid you can't do that from your phone or Xbox, but you can disconnect your cousin's Facebook profile using your...",,,,,,
c3_009,agent,t_1806450,love me,"I am a newcomer and I am already in love with Spotify. Still... Why don't you have ""From Paris With Love -The Skatalites""-. I am in love with that one and I was wondering... why? <url>","@user Hey! We’d love to have all of The Skatalites' content available, but we have some info about content here: <url>",,,,,,
c3_009,agent,t_2053081,love me,Hi playing Crazy in Love and Drunk in Love in sequence is not a good example of shuffle,@user Hi! We’ve recently made some improvements to our shuffle algorithm. We’d love to hear your feedback here: <url>,,,,,,
c3_009,agent,t_2342543,love me,Can we please get “I Love You Bro” and “The Rise of the Pauls” on Spotify? @user,"@user Hey! We'd love to have them on Spotify. Hopefully, we will in the future. Check this out: <url>",,,,,,
c3_009,agent,t_2661128,love me,Thanks for daily mixes. Love you.,@user Hey! We’ve made some improvements to our shuffle algorithm. We’d love to hear your feedback here: <url>,,,,,,
c3_009,agent,t_1859361,love me,why was i love my love by @user taken off 😭😭,"@user Hi there! Fingers crossed we'll be able to have it soon, but there's info about Spotify content here: <url>",,,,,,
c3_009,agent,t_2748519,love me,love Spotify but so limited what I can with my Alexa I will need to drop it..,@user Hey! Sorry to hear that. Can you let us know what's happening exactly? We'd love to help you out,,,,,,
c3_009,quality,current:contact,love me,Need official human support,Spotify's contact page offers messaging with customer support. The assistant cannot contact staff or access accounts.,,,,,,
c3_010,quality,current:contact,@user bought 5 gift cards today. 4 are fine but 5th pin code refuses to work,Need official human support,Spotify's contact page offers messaging with customer support. The assistant cannot contact staff or access accounts.,,,,,,
c3_010,agent,t_168119,@user bought 5 gift cards today. 4 are fine but 5th pin code refuses to work,"I bought a £10 gift card for a USA friend - but apparently it only works for UK customers. I've not scratched the pin - should I return it to the shop or is it still redeemable, or can you help some other way?","@user Hey Matthew, help's here! Could you DM us a picture of the gift card's PIN along with the receipt? The account's email address of your friend would also be handy. We'll see what we can suggest <url>",,,,,,
c3_010,agent,t_2289767,@user bought 5 gift cards today. 4 are fine but 5th pin code refuses to work,Hello. I have been given a gift of 3 months Spotify premium but the code is saying invalid for this country? How can I make it work?,"@user Hi Lauza! Can you let us know where the gift cards were bought? Also, could you DM us your account's email address? We'll look into it <url>",,,,,,
c3_010,agent,t_2704353,@user bought 5 gift cards today. 4 are fine but 5th pin code refuses to work,I got a $10 gift card for Spotify and I entered the PIN number and it said the code is not valid. Can you help?,"@user Hi Ashley. Don't worry, help's here. First up, can you DM us your username or email address so we can check your account? <url>",,,,,,
c3_010,agent,t_2712675,@user bought 5 gift cards today. 4 are fine but 5th pin code refuses to work,I bought two Spotify gift cards and they aren't working???,"@user Hey! Can you DM us your account's username and email address? If you're getting an error message when redeeming the gift cards, it'd be great if you could include a screenshot of the exact message as well <url>",,,,,,
c3_010,agent,t_1052693,@user bought 5 gift cards today. 4 are fine but 5th pin code refuses to work,"why does a £10 gift card only give one month's spotify premium, if I have a student account and normally only pay £5 a month?","@user 1: Hey there! Spotify gift cards are only available for Premium at its standard rate, so it’s not...",,,,,,
c3_010,agent,t_1728117,@user bought 5 gift cards today. 4 are fine but 5th pin code refuses to work,"Hi! I recieved a gift card, but somehow I can't redeem it. #help","@user Hey Nadi! Can you DM us your account's username or email address, and the code you're trying to redeem? We'll see what we can suggest <url>",,,,,,
c3_011,agent,t_1027724,"help I accidentally thumbs downed a song I like, how do I fix it?? It's not there if I scroll back through my recently played 😭",I accidentally hit thumbs down on a song in a radio playlist. how do you remove that thumbs down?,"@user Hey there! Right now it isn’t possible to undo the action, but we’ll pass on your feedback. Hope that helps",,,,,,
c3_011,agent,t_1485016,"help I accidentally thumbs downed a song I like, how do I fix it?? It's not there if I scroll back through my recently played 😭",Ack! What do I do when I accidentally thumbs-down a song I really like on a radio station? Can I un-thumbs-down it somehow?,"@user Hey Peter! You can help make it happen by adding your vote at <url>. Hopefully, we'll have an update soon",,,,,,
c3_011,agent,t_760614,"help I accidentally thumbs downed a song I like, how do I fix it?? It's not there if I scroll back through my recently played 😭","I accidentally thumbs-downed one of my favourite songs in a station, how can I undo it? :(","@user Hey Dayne! We're afraid this isn't currently possible, but you can vote for the official idea here: <url>",,,,,,
c3_011,agent,t_223039,"help I accidentally thumbs downed a song I like, how do I fix it?? It's not there if I scroll back through my recently played 😭",why come when i thumbs down a song I CANT FIND IT ANYMORE EVER?,"@user Hey! When you tap the thumbs up or thumbs down icons when a track is playing, the station improves to match your tastes. Hope that helps",,,,,,
c3_011,agent,t_871329,"help I accidentally thumbs downed a song I like, how do I fix it?? It's not there if I scroll back through my recently played 😭",I updated my app this week and now it won't play songs all the way through and sticks on ads. How do I fix it?,"@user Hey there, that's not fun! Does logging out > restarting the device > logging back in help? Keep us posted",,,,,,
c3_011,agent,t_602835,"help I accidentally thumbs downed a song I like, how do I fix it?? It's not there if I scroll back through my recently played 😭",I accidentally thumbed down a song I wanted to save and it disappeared from my radio!! what do??,"@user Hi there! Right now it isn’t possible to undo the action, but we’ll pass on your feedback. If you have other questions, give us a shout",,,,,,
c3_011,quality,t_1027724,"help I accidentally thumbs downed a song I like, how do I fix it?? It's not there if I scroll back through my recently played 😭",I accidentally hit thumbs down on a song in a radio playlist. how do you remove that thumbs down?,"@user Hey there! Right now it isn’t possible to undo the action, but we’ll pass on your feedback. Hope that helps",,,,,,
c3_011,quality,t_1485016,"help I accidentally thumbs downed a song I like, how do I fix it?? It's not there if I scroll back through my recently played 😭",Ack! What do I do when I accidentally thumbs-down a song I really like on a radio station? Can I un-thumbs-down it somehow?,"@user Hey Peter! You can help make it happen by adding your vote at <url>. Hopefully, we'll have an update soon",,,,,,
c3_011,quality,t_760614,"help I accidentally thumbs downed a song I like, how do I fix it?? It's not there if I scroll back through my recently played 😭","I accidentally thumbs-downed one of my favourite songs in a station, how can I undo it? :(","@user Hey Dayne! We're afraid this isn't currently possible, but you can vote for the official idea here: <url>",,,,,,
c3_011,quality,t_223039,"help I accidentally thumbs downed a song I like, how do I fix it?? It's not there if I scroll back through my recently played 😭",why come when i thumbs down a song I CANT FIND IT ANYMORE EVER?,"@user Hey! When you tap the thumbs up or thumbs down icons when a track is playing, the station improves to match your tastes. Hope that helps",,,,,,
c3_011,quality,t_871329,"help I accidentally thumbs downed a song I like, how do I fix it?? It's not there if I scroll back through my recently played 😭",I updated my app this week and now it won't play songs all the way through and sticks on ads. How do I fix it?,"@user Hey there, that's not fun! Does logging out > restarting the device > logging back in help? Keep us posted",,,,,,
c3_011,quality,t_602835,"help I accidentally thumbs downed a song I like, how do I fix it?? It's not there if I scroll back through my recently played 😭",I accidentally thumbed down a song I wanted to save and it disappeared from my radio!! what do??,"@user Hi there! Right now it isn’t possible to undo the action, but we’ll pass on your feedback. If you have other questions, give us a shout",,,,,,
c3_011,quality,current:contact,"help I accidentally thumbs downed a song I like, how do I fix it?? It's not there if I scroll back through my recently played 😭",Need official human support,Spotify's contact page offers messaging with customer support. The assistant cannot contact staff or access accounts.,,,,,,
c3_011,quality,current:playback,"help I accidentally thumbs downed a song I like, how do I fix it?? It's not there if I scroll back through my recently played 😭",Technical trouble playing Spotify,"For playback or app technical problems, restart or update the app. Reinstalling requires downloading offline music and podcasts again. These steps do not answer playlist editing, catalog, billing or feature questions.",,,,,,
c3_011,quality,policy:clarification,"help I accidentally thumbs downed a song I like, how do I fix it?? It's not there if I scroll back through my recently played 😭",Missing diagnostic context,"Cadence's reviewed response policy permits a specific, relevant question about the affected feature, device, app version or exact error. Never repeat information already supplied or ask for private account details. A question is not a resolution.",,,,,,
c3_012,quality,t_1400076,hey guys you have some EDM artist Sanchez mixed up with dancehall reggae Sanchez and it keeps messing up my algo playlists,You guys messed my Artist Name up on the site. Please fix it.,@user Hey there! You'll need to reach out to your distributor to get this fixed up. There's some more info here: <url>,,,,,,
c3_012,quality,t_871323,hey guys you have some EDM artist Sanchez mixed up with dancehall reggae Sanchez and it keeps messing up my algo playlists,What's up with Ghostface Killah's artist page - has some crappy EDM singles as the newest releases,@user Hi Henry. Thanks for the heads up. We'll get this reported. Great detective work! <url>,,,,,,
c3_012,quality,t_2059673,hey guys you have some EDM artist Sanchez mixed up with dancehall reggae Sanchez and it keeps messing up my algo playlists,"I have 3 Korean songs on one of my playlists and half of my ""discover weekly"" playlist is Korean. EVERY WEEK. Seriously guys.","@user Hey there! To keep Discover Weekly fresh, keep listening to more of your favourite tunes. This will mix things up",,,,,,
c3_012,quality,t_83673,hey guys you have some EDM artist Sanchez mixed up with dancehall reggae Sanchez and it keeps messing up my algo playlists,sometimes i wonder what kind of algorithm uses to create my weekly playlist... you've once again put some weird stuff together guys,"@user Hey there! To keep Discover Weekly fresh, keep listening to more of your favourite tunes. This will mix things up",,,,,,
c3_012,quality,t_479849,hey guys you have some EDM artist Sanchez mixed up with dancehall reggae Sanchez and it keeps messing up my algo playlists,"hey guys, there's this rad little Canadian band called @user and you've got some of their singles mixed up with another artist, which made it pretty difficult to find them. Just wanted to let ya know!","@user Hey Lauren! Don't worry, help's here. Can you get back to us with the singles that got mixed up? We'll have a closer look",,,,,,
c3_012,quality,t_2487408,hey guys you have some EDM artist Sanchez mixed up with dancehall reggae Sanchez and it keeps messing up my algo playlists,is there any way to stop specific bands/artists from being put onto your discover weekly/daily mix playlists????,@user Hi there! Your Discover Weekly should improve as it gets to know you. Keep adding your fav tracks to Your Library/playlists. This should mix things up 🙂,,,,,,
c3_012,quality,current:contact,hey guys you have some EDM artist Sanchez mixed up with dancehall reggae Sanchez and it keeps messing up my algo playlists,Need official human support,Spotify's contact page offers messaging with customer support. The assistant cannot contact staff or access accounts.,,,,,,
c3_012,quality,current:playback,hey guys you have some EDM artist Sanchez mixed up with dancehall reggae Sanchez and it keeps messing up my algo playlists,Technical trouble playing Spotify,"For playback or app technical problems, restart or update the app. Reinstalling requires downloading offline music and podcasts again. These steps do not answer playlist editing, catalog, billing or feature questions.",,,,,,
c3_012,quality,policy:clarification,hey guys you have some EDM artist Sanchez mixed up with dancehall reggae Sanchez and it keeps messing up my algo playlists,Missing diagnostic context,"Cadence's reviewed response policy permits a specific, relevant question about the affected feature, device, app version or exact error. Never repeat information already supplied or ask for private account details. A question is not a resolution.",,,,,,
c3_012,agent,t_1400076,hey guys you have some EDM artist Sanchez mixed up with dancehall reggae Sanchez and it keeps messing up my algo playlists,You guys messed my Artist Name up on the site. Please fix it.,@user Hey there! You'll need to reach out to your distributor to get this fixed up. There's some more info here: <url>,,,,,,
c3_012,agent,t_871323,hey guys you have some EDM artist Sanchez mixed up with dancehall reggae Sanchez and it keeps messing up my algo playlists,What's up with Ghostface Killah's artist page - has some crappy EDM singles as the newest releases,@user Hi Henry. Thanks for the heads up. We'll get this reported. Great detective work! <url>,,,,,,
c3_012,agent,t_2059673,hey guys you have some EDM artist Sanchez mixed up with dancehall reggae Sanchez and it keeps messing up my algo playlists,"I have 3 Korean songs on one of my playlists and half of my ""discover weekly"" playlist is Korean. EVERY WEEK. Seriously guys.","@user Hey there! To keep Discover Weekly fresh, keep listening to more of your favourite tunes. This will mix things up",,,,,,
c3_012,agent,t_83673,hey guys you have some EDM artist Sanchez mixed up with dancehall reggae Sanchez and it keeps messing up my algo playlists,sometimes i wonder what kind of algorithm uses to create my weekly playlist... you've once again put some weird stuff together guys,"@user Hey there! To keep Discover Weekly fresh, keep listening to more of your favourite tunes. This will mix things up",,,,,,
c3_012,agent,t_479849,hey guys you have some EDM artist Sanchez mixed up with dancehall reggae Sanchez and it keeps messing up my algo playlists,"hey guys, there's this rad little Canadian band called @user and you've got some of their singles mixed up with another artist, which made it pretty difficult to find them. Just wanted to let ya know!","@user Hey Lauren! Don't worry, help's here. Can you get back to us with the singles that got mixed up? We'll have a closer look",,,,,,
c3_012,agent,t_2487408,hey guys you have some EDM artist Sanchez mixed up with dancehall reggae Sanchez and it keeps messing up my algo playlists,is there any way to stop specific bands/artists from being put onto your discover weekly/daily mix playlists????,@user Hi there! Your Discover Weekly should improve as it gets to know you. Keep adding your fav tracks to Your Library/playlists. This should mix things up 🙂,,,,,,
c3_013,agent,t_46648,"Dear , can you please take your money and let me listen to my music please 😭😭😭","Dear , can't imagine what I listened to that gave you the idea to constantly fill my #DiscoverWeekly with Jam bands. Please stop.","@user 1: Hey! Discover Weekly's based on your listening history, and on others who dig similar stuff. The more you listen, the better it gets.",,,,,,
c3_013,agent,t_2919403,"Dear , can you please take your money and let me listen to my music please 😭😭😭","dear , my survival depends on access to your music library. please fix your shit ASAP. love, troll CC:",@user Hey Eric! Everything should be running smoothly now. Let us know if this is still happening,,,,,,
c3_013,agent,t_1306501,"Dear , can you please take your money and let me listen to my music please 😭😭😭","Dear Discover Playlist, I want good new music, not music that's already in my library. Love and kisses Estevan","@user Hey there! To keep Discover Weekly fresh, keep listening to more of your favourite tunes. This will mix things up",,,,,,
c3_013,agent,t_1220143,"Dear , can you please take your money and let me listen to my music please 😭😭😭","Dear , why is there not a place in the app to let me upgrade to premium. Like...why don’t you want my money? #amimissingsomething?","@user Hey there! This isn't currently possible, but we'll let the right team know it's something you'd like to see",,,,,,
c3_013,agent,t_2653074,"Dear , can you please take your money and let me listen to my music please 😭😭😭","Dear, , When I Am Listening To Satanic Black Metal, Please Do Not Put Shitty Pop Ads, Please. Thank you, And Goodbye~",@user Thanks for the feedback – we appreciate it! We’ll get this passed onto the right team,,,,,,
c3_013,agent,t_832174,"Dear , can you please take your money and let me listen to my music please 😭😭😭","just let me listen to suneohair please..... please if it wasn't for suneohair's music, I would've killed myself back in college",@user Hey there. We'd love to have him on Spotify! Hopefully we will in the future. Check this out: <url>,,,,,,
c3_013,quality,current:contact,"Dear , can you please take your money and let me listen to my music please 😭😭😭",Need official human support,Spotify's contact page offers messaging with customer support. The assistant cannot contact staff or access accounts.,,,,,,
c3_014,quality,t_2128782,"Hey , Any chance to implement the Time Capsule's interface in the whole app ?",any plans to use the playback interface from the Time Capsule mode for normal playback? It’s so much nicer!,"@user Hey! Thanks for sharing your thoughts. We appreciate the feedback, and we'll pass this along to the right team 🙂",,,,,,
c3_014,quality,t_633763,"Hey , Any chance to implement the Time Capsule's interface in the whole app ?",I love the interface on Your Time Capsule playlist. Why is this exclusive to this one? <url>,"@user Hey there! Thanks for your feedback about this, we'll make sure it reaches the relevant folks 😁",,,,,,
c3_014,quality,t_2338501,"Hey , Any chance to implement the Time Capsule's interface in the whole app ?","Any chance of improving my Time Capsule? There are songs that just don’t belong, and a few others that do, but aren’t there.","@user Hi Oscar! Sorry to hear that. It's this season's playlist made for you, so the tracks won't be refreshed",,,,,,
c3_014,quality,t_1791055,"Hey , Any chance to implement the Time Capsule's interface in the whole app ?",how often is the Time Capsule playlist updated??,@user Hi James! We're afraid the Time Capsule playlist is a one-time playlist only. Let us know if you have any other questions,,,,,,
c3_014,quality,t_2380378,"Hey , Any chance to implement the Time Capsule's interface in the whole app ?",LOVE the design of the Time Capsule playlist/cover art. Any chance this is going to be applied to regular playlists?! <url>,"@user Hi, we appreciate your feedback! Don't worry, we'll make sure to pass this on to the right team. Let us know if you have other questions",,,,,,
c3_014,quality,t_1075775,"Hey , Any chance to implement the Time Capsule's interface in the whole app ?",love the time capsule feature but I don't recall having buried the edited version of any of these 2pac tracks in my youth,@user Hey there! Thanks for taking the time to reach out – your feedback about your Time Capsule playlist has been noted 📝,,,,,,
c3_014,quality,current:contact,"Hey , Any chance to implement the Time Capsule's interface in the whole app ?",Need official human support,Spotify's contact page offers messaging with customer support. The assistant cannot contact staff or access accounts.,,,,,,
c3_014,quality,current:playback,"Hey , Any chance to implement the Time Capsule's interface in the whole app ?",Technical trouble playing Spotify,"For playback or app technical problems, restart or update the app. Reinstalling requires downloading offline music and podcasts again. These steps do not answer playlist editing, catalog, billing or feature questions.",,,,,,
c3_014,quality,policy:clarification,"Hey , Any chance to implement the Time Capsule's interface in the whole app ?",Missing diagnostic context,"Cadence's reviewed response policy permits a specific, relevant question about the affected feature, device, app version or exact error. Never repeat information already supplied or ask for private account details. A question is not a resolution.",,,,,,
c3_014,agent,t_2128782,"Hey , Any chance to implement the Time Capsule's interface in the whole app ?",any plans to use the playback interface from the Time Capsule mode for normal playback? It’s so much nicer!,"@user Hey! Thanks for sharing your thoughts. We appreciate the feedback, and we'll pass this along to the right team 🙂",,,,,,
c3_014,agent,t_633763,"Hey , Any chance to implement the Time Capsule's interface in the whole app ?",I love the interface on Your Time Capsule playlist. Why is this exclusive to this one? <url>,"@user Hey there! Thanks for your feedback about this, we'll make sure it reaches the relevant folks 😁",,,,,,
c3_014,agent,t_2338501,"Hey , Any chance to implement the Time Capsule's interface in the whole app ?","Any chance of improving my Time Capsule? There are songs that just don’t belong, and a few others that do, but aren’t there.","@user Hi Oscar! Sorry to hear that. It's this season's playlist made for you, so the tracks won't be refreshed",,,,,,
c3_014,agent,t_1791055,"Hey , Any chance to implement the Time Capsule's interface in the whole app ?",how often is the Time Capsule playlist updated??,@user Hi James! We're afraid the Time Capsule playlist is a one-time playlist only. Let us know if you have any other questions,,,,,,
c3_014,agent,t_2380378,"Hey , Any chance to implement the Time Capsule's interface in the whole app ?",LOVE the design of the Time Capsule playlist/cover art. Any chance this is going to be applied to regular playlists?! <url>,"@user Hi, we appreciate your feedback! Don't worry, we'll make sure to pass this on to the right team. Let us know if you have other questions",,,,,,
c3_014,agent,t_1075775,"Hey , Any chance to implement the Time Capsule's interface in the whole app ?",love the time capsule feature but I don't recall having buried the edited version of any of these 2pac tracks in my youth,@user Hey there! Thanks for taking the time to reach out – your feedback about your Time Capsule playlist has been noted 📝,,,,,,
c3_015,agent,t_1792859,I've still got student discount so why have I been moved off the student tariff??,I recently got a student discount but I'm on Spotify Preminum do I still have to pay 9.99 after Premium or will I be paying 4.99 for Student Discount or do I pay for both?,"@user Hi, help's arrived! You'll only be charged 4.99 USD once the student discount's on your account. Let us know if you need anything else",,,,,,
c3_015,agent,t_1934999,I've still got student discount so why have I been moved off the student tariff??,why in the world do college students only get one year discounted??? I’m here for 4+ years!!!!!!!,@user Hey! The student discount is valid 12 months at a time. You can renew it if you're still a student. More info at <url>,,,,,,
c3_015,agent,t_1993477,I've still got student discount so why have I been moved off the student tariff??,I just got the student discount premium service and its still showing free and giving me ads. Ive been charged already,@user Hey there! That's not cool. Does logging out > restarting the device > logging back in help? Keep us posted,,,,,,
c3_015,agent,t_1205904,I've still got student discount so why have I been moved off the student tariff??,Can students still get 50% off with a NUS card and not Unidays ?,@user Hey Nicole! NUS is currently unavailable as a discount option. We’d recommend using UNiDAYS at <url>. Hope this helps,,,,,,
c3_015,agent,t_1948049,I've still got student discount so why have I been moved off the student tariff??,if i have a unidays account can i still receive the premium discount after the 12 month period?,"@user Hi Mario! If you're still a student, you can renew the discount for another 12 months anytime here: <url> 🙂",,,,,,
c3_015,agent,t_1436771,I've still got student discount so why have I been moved off the student tariff??,@user also your front page still says 50% off for students so what’s going on? <url>,@user Hi Catherine! NUS is currently unavailable as a discount option. We’d recommend using UNiDAYS at <url>,,,,,,
c3_015,quality,current:contact,I've still got student discount so why have I been moved off the student tariff??,Need official human support,Spotify's contact page offers messaging with customer support. The assistant cannot contact staff or access accounts.,,,,,,
c3_016,quality,current:contact,I'm having some issues to add family members. DM me Pls.,Need official human support,Spotify's contact page offers messaging with customer support. The assistant cannot contact staff or access accounts.,,,,,,
c3_016,agent,t_510533,I'm having some issues to add family members. DM me Pls.,"I'm having issues adding a family member, I'm paying for premium and can't get proper support?","@user Hi Neto, help's on the way! Could you DM us yours and your family member's usernames and email addresses? We'll see what we can suggest <url>",,,,,,
c3_016,agent,t_1803605,I'm having some issues to add family members. DM me Pls.,having trouble adding people to the family plan. pls help!,@user Hi Bartolomé! Can you DM us your account's email address or username? Fire over your family members' info as well. We'll check backstage <url>,,,,,,
c3_016,agent,t_2077800,I'm having some issues to add family members. DM me Pls.,"having issues with my Family Premium account, it won't send email for other family member to join.",@user Hey there! Help's here. Can you DM us the email addresses or usernames of the owner and the members? We'll take a look backstage <url>,,,,,,
c3_016,agent,t_2081964,I'm having some issues to add family members. DM me Pls.,i am having issues adding my family. The code was sent but cant find where to apply it. Plz help,@user Hi Shannon! Help has arrived. Can DM us all accounts' (yours and your family members') email addresses or usernames? We'll take a look <url>,,,,,,
c3_016,agent,t_856195,I'm having some issues to add family members. DM me Pls.,I have a premium family account how do I go about adding family members,@user Hey Rich! We have some more info on inviting family members here: <url>. Let us know how it goes,,,,,,
c3_016,agent,t_364163,I'm having some issues to add family members. DM me Pls.,@user why am I not able to add a family member to Spotify family? Keep receiving this error. <url>,@user Hey there! Can you DM us the email addresses of your account and the family member you're trying to add? We'll take a look backstage <url>,,,,,,
c3_017,agent,t_1498736,I've sent you a DM,can you follow back for a DM I've being charged by yous & it's still saying my account is free?,"@user Hey! We're now following you, and we've just sent you a bit more info over DM. We'll carry on helping out there",,,,,,
c3_017,agent,t_585115,I've sent you a DM,"Hi? I've sent the DM a while ago, has it been received? <url>",@user We've just sent you a DM. We'll carry on helping out there 🙂,,,,,,
c3_017,agent,t_964338,I've sent you a DM,Please reply to my DM. I've sent what you asked for,@user Hey! We've just sent a DM your way. Let's carry on chatting there 🙂,,,,,,
c3_017,agent,t_2927401,I've sent you a DM,"Hi Spotify, I've sent you a dm. Please check 😊",@user Hey! We've just sent a DM your way. Let's carry on chatting there,,,,,,
c3_017,agent,t_639419,I've sent you a DM,I need help with mu account. I've already sent you a DM.,@user Hi there! We've just sent a DM your way. Let's carry on chatting there,,,,,,
c3_017,agent,t_1026773,I've sent you a DM,we've got some issues! I've sent a DM with the info.,@user Hey there! We've just sent a DM your way. Let's carry on chatting there,,,,,,
c3_017,quality,current:contact,I've sent you a DM,Need official human support,Spotify's contact page offers messaging with customer support. The assistant cannot contact staff or access accounts.,,,,,,
c3_018,quality,current:contact,"Yo @user and , y'all need to get together and figure out the Spotify app. This is just sad.",Need official human support,Spotify's contact page offers messaging with customer support. The assistant cannot contact staff or access accounts.,,,,,,
c3_018,agent,t_2912521,"Yo @user and , y'all need to get together and figure out the Spotify app. This is just sad.","Yo, I’m gonna need you to get your shit together today. <url>",@user Hey! Everything should be running smoothly now. Let us know if this is still happening,,,,,,
c3_018,agent,t_2832296,"Yo @user and , y'all need to get together and figure out the Spotify app. This is just sad.",How do I set up a profile as an artist on Spotify? I can't seem to figure it out - stuck in a loop of forums yo!,"@user Hey there! Just to check, are you trying to access your artist profile or get your own music on Spotify?",,,,,,
c3_018,agent,t_1099891,"Yo @user and , y'all need to get together and figure out the Spotify app. This is just sad.",I'm offended that Are You that Somebody by @user isn't considered one of her most popular songs on y'all need 2 get it together,@user Hey! We hear you 🎧 Rest assured your feedback will be passed on to the right folks,,,,,,
c3_018,agent,t_1700279,"Yo @user and , y'all need to get together and figure out the Spotify app. This is just sad.",can y'all get your shit together??!!! All I wanna do is cast my music and I fucking can't,"@user Hey, sorry to hear that. What device, operating system, and Spotify version are you using? We'll see what we can suggest",,,,,,
c3_018,agent,t_958500,"Yo @user and , y'all need to get together and figure out the Spotify app. This is just sad.",", y'all need to get your act together and stop with all these ads. Give us back our freedom to select any song we want w/o premium.","@user We hear you 🎧 Rest assured, your feedback will be passed on to the right folks",,,,,,
c3_018,agent,t_2071143,"Yo @user and , y'all need to get together and figure out the Spotify app. This is just sad.","Yo , don't you have enough data to put together my artist station yet?",@user Hey! Our friends in Artist Support are the right folks to help with this. You can get in touch with them here: <url>,,,,,,
c3_019,agent,t_2583356,"dear... this artist ""Jimin Park (15&)"" -- <url> are a same artist with this one - (<url>)",Yo wtf did Jimin do to you??? <url>,@user Hey! We're afraid that the artist/record label is the one who is managing the artist page. We'd suggest reaching out to them about this. Let us know if you need anything else,,,,,,
c3_019,agent,t_785203,"dear... this artist ""Jimin Park (15&)"" -- <url> are a same artist with this one - (<url>)",dear spotify admin... this artist <url> are a same with <url> please merge them... Thx,"@user Hey there! Thanks for giving us a heads up, and we'll make sure to pass this on to the right team",,,,,,
c3_019,agent,t_2615422,"dear... this artist ""Jimin Park (15&)"" -- <url> are a same artist with this one - (<url>)","@user One of my tracks is on a different profile with the same artist name, how can I change it to my verified profile? Thanks.",@user Hey! Not a problem. We'd recommend reaching out to our Artist Services team at <url>. They should be able to help with this,,,,,,
c3_019,agent,t_1298047,"dear... this artist ""Jimin Park (15&)"" -- <url> are a same artist with this one - (<url>)","Dear if I wanted to listen to 4 straight tracks of the same artist I would have the decency to search the name, not your shuffle","@user Hey Gui! Sorry to hear that. Can you let us know your device, operating system, and Spotify version?",,,,,,
c3_019,agent,t_2004084,"dear... this artist ""Jimin Park (15&)"" -- <url> are a same artist with this one - (<url>)","Hi, please remove Aoki's remix from the top of the ""This Is: Linkin Park"" playlist. The irony speaks for itself...",@user Hey Ryan! These playlists include original tracks by the artists and collaborations. But we'll pass your feedback on to the right folks,,,,,,
c3_019,agent,t_2013106,"dear... this artist ""Jimin Park (15&)"" -- <url> are a same artist with this one - (<url>)",", if I’m listening to a playlist, why do you throw in your own suggested songs? It’s MY playlist And Nickelback is NOT Linkin Park!","@user Hey Sloane! To reduce the number of Suggested Tracks you get, try adding more artists into your playlists.",,,,,,
c3_019,quality,t_2583356,"dear... this artist ""Jimin Park (15&)"" -- <url> are a same artist with this one - (<url>)",Yo wtf did Jimin do to you??? <url>,@user Hey! We're afraid that the artist/record label is the one who is managing the artist page. We'd suggest reaching out to them about this. Let us know if you need anything else,,,,,,
c3_019,quality,t_785203,"dear... this artist ""Jimin Park (15&)"" -- <url> are a same artist with this one - (<url>)",dear spotify admin... this artist <url> are a same with <url> please merge them... Thx,"@user Hey there! Thanks for giving us a heads up, and we'll make sure to pass this on to the right team",,,,,,
c3_019,quality,t_2615422,"dear... this artist ""Jimin Park (15&)"" -- <url> are a same artist with this one - (<url>)","@user One of my tracks is on a different profile with the same artist name, how can I change it to my verified profile? Thanks.",@user Hey! Not a problem. We'd recommend reaching out to our Artist Services team at <url>. They should be able to help with this,,,,,,
c3_019,quality,t_1298047,"dear... this artist ""Jimin Park (15&)"" -- <url> are a same artist with this one - (<url>)","Dear if I wanted to listen to 4 straight tracks of the same artist I would have the decency to search the name, not your shuffle","@user Hey Gui! Sorry to hear that. Can you let us know your device, operating system, and Spotify version?",,,,,,
c3_019,quality,t_2004084,"dear... this artist ""Jimin Park (15&)"" -- <url> are a same artist with this one - (<url>)","Hi, please remove Aoki's remix from the top of the ""This Is: Linkin Park"" playlist. The irony speaks for itself...",@user Hey Ryan! These playlists include original tracks by the artists and collaborations. But we'll pass your feedback on to the right folks,,,,,,
c3_019,quality,t_2013106,"dear... this artist ""Jimin Park (15&)"" -- <url> are a same artist with this one - (<url>)",", if I’m listening to a playlist, why do you throw in your own suggested songs? It’s MY playlist And Nickelback is NOT Linkin Park!","@user Hey Sloane! To reduce the number of Suggested Tracks you get, try adding more artists into your playlists.",,,,,,
c3_019,quality,current:contact,"dear... this artist ""Jimin Park (15&)"" -- <url> are a same artist with this one - (<url>)",Need official human support,Spotify's contact page offers messaging with customer support. The assistant cannot contact staff or access accounts.,,,,,,
c3_019,quality,current:playback,"dear... this artist ""Jimin Park (15&)"" -- <url> are a same artist with this one - (<url>)",Technical trouble playing Spotify,"For playback or app technical problems, restart or update the app. Reinstalling requires downloading offline music and podcasts again. These steps do not answer playlist editing, catalog, billing or feature questions.",,,,,,
c3_019,quality,policy:clarification,"dear... this artist ""Jimin Park (15&)"" -- <url> are a same artist with this one - (<url>)",Missing diagnostic context,"Cadence's reviewed response policy permits a specific, relevant question about the affected feature, device, app version or exact error. Never repeat information already supplied or ask for private account details. A question is not a resolution.",,,,,,
c3_020,quality,current:contact,WHAT THE FUCK i've accidentally removed songs from my favourite playlist TWICE now... where is the regret button?? Please implement,Need official human support,Spotify's contact page offers messaging with customer support. The assistant cannot contact staff or access accounts.,,,,,,
c3_020,agent,t_1740075,WHAT THE FUCK i've accidentally removed songs from my favourite playlist TWICE now... where is the regret button?? Please implement,what did u do with the Top50 charts buttons?! I misclicked and accidentally voted 👎🏽 for the song that I most liked in the PL!,@user Hey there! Can you send us the link to the playlist? We'll take a look backstage,,,,,,
c3_020,agent,t_1569791,WHAT THE FUCK i've accidentally removed songs from my favourite playlist TWICE now... where is the regret button?? Please implement,why is there no “remove from playlist button”?,"@user Hey there, great question! You can find info on removing tracks from playlists here: <url> 🙂",,,,,,
c3_020,agent,t_784791,WHAT THE FUCK i've accidentally removed songs from my favourite playlist TWICE now... where is the regret button?? Please implement,regret adding explicit songs to my study playlist now Im listening to it at my internship 😅 maybe a filter would be a cool feature?,@user Hey! We can see how that'd be handy. You can support the idea by voting for it here: <url>,,,,,,
c3_020,agent,t_760614,WHAT THE FUCK i've accidentally removed songs from my favourite playlist TWICE now... where is the regret button?? Please implement,"I accidentally thumbs-downed one of my favourite songs in a station, how can I undo it? :(","@user Hey Dayne! We're afraid this isn't currently possible, but you can vote for the official idea here: <url>",,,,,,
c3_020,agent,t_1486997,WHAT THE FUCK i've accidentally removed songs from my favourite playlist TWICE now... where is the regret button?? Please implement,"Why is it that if a song is accidentally removed, theres no button to ""undo"". The undo option in the app doesn't do anything.","@user We hear you, Steve! Your feedback has been noted and passed onto the team 👊🏼",,,,,,
c3_020,agent,t_2473689,WHAT THE FUCK i've accidentally removed songs from my favourite playlist TWICE now... where is the regret button?? Please implement,"hi , how about adding a feature in playlist management? So that when I have skipped a song twice/thrice, it will be automatically removed from that playlist. Or maybe you've got it already? if so, please inform me. thank you! just an idea from a hopeful customer.",@user Hey there. This sounds like a great idea! Suggest it in our Community at <url> and get support from other users,,,,,,
c3_021,agent,t_1477056,Thank you! <url>,Thanks. Try harder plz😉 <url>,"@user You're welcome. Thanks for sharing your feedback, we'll pass it on to the relevant folks",,,,,,
c3_021,agent,t_2076401,Thank you! <url>,"has THE best customer service ever experienced. Creating a playlist as a thank you message. Incredible ! Thank you, Milena and Alis <url>","@user Hey! Thanks for the kind words. You made us blush a little 😍 If you need help with anything at all, just... <url>",,,,,,
c3_021,agent,t_1530125,Thank you! <url>,@user thanks for following and thanks for supporting music 🎧,@user Hey Tom! You're welcome. Give us a shout if you need anything else 😍,,,,,,
c3_021,agent,t_2891294,Thank you! <url>,Your staff is amazing @user thank you all.,@user Hey! Thanks for the kind words - we'll make sure this is passed onto the right folks 🙂,,,,,,
c3_021,agent,t_275915,Thank you! <url>,Shout out to for their amazing customer care! Thank you!,"@user Hey Gaby, thanks for the feedback! We'll make sure to pass this to the entire team. <url>",,,,,,
c3_021,agent,t_611904,Thank you! <url>,"I suddenly hate strawberries so much, thanks to @user annoying AF ads on",@user Hey Jen! Thanks for your feedback. We'll be sure to pass it on to the right folks 🙂,,,,,,
c3_021,quality,current:contact,Thank you! <url>,Need official human support,Spotify's contact page offers messaging with customer support. The assistant cannot contact staff or access accounts.,,,,,,
c3_022,quality,current:contact,Need help gaining access to my account - email was changed yesterday by some dude in Japan...,Need official human support,Spotify's contact page offers messaging with customer support. The assistant cannot contact staff or access accounts.,,,,,,
c3_022,agent,t_1102757,Need help gaining access to my account - email was changed yesterday by some dude in Japan...,Thanks support for getting my account back to me! Someone somehow changed my email address and I couldn't gain access...,"@user Hey Chris, no worries! If you ever need anything else, just shout and we'll come running 🏃",,,,,,
c3_022,agent,t_619680,Need help gaining access to my account - email was changed yesterday by some dude in Japan...,accidentally revoked a 3rd party app and i can’t re-gain access to it. how do i gain access to it again??,@user Hey there! Can you let us know which third-party app you're referring to? We'll see what we can suggest,,,,,,
c3_022,agent,t_1630488,Need help gaining access to my account - email was changed yesterday by some dude in Japan...,"Hello! I've been hacked (someone accessed to my account and changed email and password), I still can access trough Facebook but I need support I'm not receiving. :-(","@user Hey, we’re sorry to hear that. Check out <url> for what to do next",,,,,,
c3_022,agent,t_466094,Need help gaining access to my account - email was changed yesterday by some dude in Japan...,hey dudes how do i make a playlist show up as created by my artist page and not my personal facebook name? the point of making the playlist is to promo my spotify artist page :),"@user Hey there! To add an artist playlist, you’ll need access to Spotify for Artists. Check out the steps here: <url>",,,,,,
c3_022,agent,t_2764536,Need help gaining access to my account - email was changed yesterday by some dude in Japan...,How do I gain access to your lossless beta? Super close to switching from @user but need lossless.,@user Hey! We're always testing things in order to improve Spotify. There's more info here: <url>,,,,,,
c3_022,agent,t_2725147,Need help gaining access to my account - email was changed yesterday by some dude in Japan...,"I’m in the beta for Spotify on iOS, but I have not gained access to the beta community boards. It’s been a little over a week.","@user Hey Arne! Just to check, is this what your trying to access: <url>?",,,,,,
c3_023,agent,t_1694974,@user I'm trying to activate a Hulu account with my Spotify student and everytime I try it just brings this up...? <url>,Just signed up for spotify premium + hulu and I can't activate hulu because I can not load up the web page :(,"@user Hey! Don't worry, we're on it. Our developers are looking into this, and we'll keep everyone updated",,,,,,
c3_023,agent,t_1634776,@user I'm trying to activate a Hulu account with my Spotify student and everytime I try it just brings this up...? <url>,"I already have an existing Student Premium Account, But i can't find the link to activate my Hulu account with it. Please Help :)","@user Hey Megha! Could you try logging in to your account page here: <url>. Then press ""Learn More"" to get the ball rolling",,,,,,
c3_023,agent,t_2332422,@user I'm trying to activate a Hulu account with my Spotify student and everytime I try it just brings this up...? <url>,Signed up for the student Spotify + Hulu bundle and unable to activate Hulu. Also why tf is twitter the only way to contact u?,@user 2: account's email address or username? We'll check backstage <url>,,,,,,
c3_023,agent,t_784864,@user I'm trying to activate a Hulu account with my Spotify student and everytime I try it just brings this up...? <url>,Do you need to re-enter your credit card info to add Hulu? Already have a student premium membership.,"@user Hey Matt! If you already have the student discount, head to <url>, and select Activate Hulu. Let us know how it goes",,,,,,
c3_023,agent,t_167763,@user I'm trying to activate a Hulu account with my Spotify student and everytime I try it just brings this up...? <url>,"if I have premium family account with Spotify, and I'm a student, can I still get the Hulu bundle?",@user Hi Julio! You'll need to leave your current Family plan in order to apply for the student discount + Hulu bundle. Hope this clears things up,,,,,,
c3_023,agent,t_1102972,@user I'm trying to activate a Hulu account with my Spotify student and everytime I try it just brings this up...? <url>,hello I've been trying to sign up for a student account. Everytime I get to the spot where it says to verify that I am a stu..,"@user Hi there. Don't worry, help's here. Can you try using a different browser or an incognito window instead? Let us know how it goes",,,,,,
c3_023,quality,current:contact,@user I'm trying to activate a Hulu account with my Spotify student and everytime I try it just brings this up...? <url>,Need official human support,Spotify's contact page offers messaging with customer support. The assistant cannot contact staff or access accounts.,,,,,,
c3_024,quality,current:contact,i have some trouble issued. i already paid for the premium but why my acc still on FREE ACC.,Need official human support,Spotify's contact page offers messaging with customer support. The assistant cannot contact staff or access accounts.,,,,,,
c3_024,agent,t_949518,i have some trouble issued. i already paid for the premium but why my acc still on FREE ACC.,hi i already paid for my premium subscription but my account is still on the free version :/ username is christaabad,@user Hey there! We'd like to share some info with you privately. Could you send us a DM instead?,,,,,,
c3_024,agent,t_1858111,i have some trouble issued. i already paid for the premium but why my acc still on FREE ACC.,i already paid in cash for my spotify premium but my account is still free.,@user Hey there! Can you DM us your account's email address or username? We'll take a look behind the scenes <url>,,,,,,
c3_024,agent,t_2030791,i have some trouble issued. i already paid for the premium but why my acc still on FREE ACC.,"already paid spotify premium payment, but still not working (still free user). <url>",@user Hey there. We suggest deleting your public post as it contains private info. Could you DM it to us instead? <url>,,,,,,
c3_024,agent,t_1162303,i have some trouble issued. i already paid for the premium but why my acc still on FREE ACC.,if i was to cancel my premium account.......would i still get the remaining time ive already paid for?,"@user Hey Vic! Don't worry, if you cancel you'll still have access to all your Premium features for the remainder of your paid month",,,,,,
c3_024,agent,t_2264807,i have some trouble issued. i already paid for the premium but why my acc still on FREE ACC.,"Hello, I would like to know why I do not have my premium account active, if I already paid the payment was made on behalf of the student, it tells me that the account is free but I already pay, here I enclose the payment note <url>",@user Hey Leslie! We'd recommend deleting your public tweet as it contains private info. Could you DM it to us instead? We'll be waiting <url>,,,,,,
c3_024,agent,t_2434767,i have some trouble issued. i already paid for the premium but why my acc still on FREE ACC.,I already paid for premium account but why my account is still free ?,@user Hi Dina! We just responded to your DM. We'll continue to help out backstage,,,,,,
c3_025,agent,t_2917841,"hi, Spotify isn’t set on offline but every time I’m not on WiFi it says “Spotify is offline” but my data is activate",App isn’t working. Doesn’t matter if I’m on data or WiFi. Restarted my phone and updated. What’s going on?,"@user Hi John, thanks for bearing with us. Spotify should be working perfectly again!",,,,,,
c3_025,agent,t_2526450,"hi, Spotify isn’t set on offline but every time I’m not on WiFi it says “Spotify is offline” but my data is activate",So some feedback I’m sure you get all the time. Offline mode for iOS and Android is not useful. Somehow Amazon has nailed it. Since it costs my family a fair bit to go over their data plans these features save us money. <url>,"@user Hey, thanks for the feedback! Typically, the app is only set to download offline tracks over WiFi, but this can be changed under Settings. You can also set the app to Offline Mode to keep the app from streaming. More info here: <url>",,,,,,
c3_025,agent,t_2608721,"hi, Spotify isn’t set on offline but every time I’m not on WiFi it says “Spotify is offline” but my data is activate","would love 2 see ""only use data on wifi"" setting so I don't hav 2 change to offline mode every time I leave the house/office.",@user Hey! We can see how that’d be handy. Thanks for taking the time to reach out – your feedback's been noted 📝,,,,,,
c3_025,agent,t_1788405,"hi, Spotify isn’t set on offline but every time I’m not on WiFi it says “Spotify is offline” but my data is activate",my spotify says i’m offline but i’m connected to internet,"@user Hi there! Don't worry, we're here to help. Can you let us know the device, operating system, and Spotify version you're using?",,,,,,
c3_025,agent,t_2382579,"hi, Spotify isn’t set on offline but every time I’m not on WiFi it says “Spotify is offline” but my data is activate",on my desktop says offline for 2 days but I️ have WiFi and it’s not checked for offline under file. Even uninstalled and reinstalled..... <url>,"@user Hey, help's here! Can you let us know the model, operating system, and Spotify version of your device? We'll see what we can suggest",,,,,,
c3_025,agent,t_1722975,"hi, Spotify isn’t set on offline but every time I’m not on WiFi it says “Spotify is offline” but my data is activate","Hi guys, I’m having horrendous battery issues with my phone and last time it was due to my offline device syncing having issues - can you check this isn’t the case again for me please?",@user Hey! Can you let us know your phone's operating system and Spotify versions? We'll see what we can suggest,,,,,,
c3_025,quality,t_2917841,"hi, Spotify isn’t set on offline but every time I’m not on WiFi it says “Spotify is offline” but my data is activate",App isn’t working. Doesn’t matter if I’m on data or WiFi. Restarted my phone and updated. What’s going on?,"@user Hi John, thanks for bearing with us. Spotify should be working perfectly again!",,,,,,
c3_025,quality,t_2526450,"hi, Spotify isn’t set on offline but every time I’m not on WiFi it says “Spotify is offline” but my data is activate",So some feedback I’m sure you get all the time. Offline mode for iOS and Android is not useful. Somehow Amazon has nailed it. Since it costs my family a fair bit to go over their data plans these features save us money. <url>,"@user Hey, thanks for the feedback! Typically, the app is only set to download offline tracks over WiFi, but this can be changed under Settings. You can also set the app to Offline Mode to keep the app from streaming. More info here: <url>",,,,,,
c3_025,quality,t_2608721,"hi, Spotify isn’t set on offline but every time I’m not on WiFi it says “Spotify is offline” but my data is activate","would love 2 see ""only use data on wifi"" setting so I don't hav 2 change to offline mode every time I leave the house/office.",@user Hey! We can see how that’d be handy. Thanks for taking the time to reach out – your feedback's been noted 📝,,,,,,
c3_025,quality,t_1788405,"hi, Spotify isn’t set on offline but every time I’m not on WiFi it says “Spotify is offline” but my data is activate",my spotify says i’m offline but i’m connected to internet,"@user Hi there! Don't worry, we're here to help. Can you let us know the device, operating system, and Spotify version you're using?",,,,,,
c3_025,quality,t_2382579,"hi, Spotify isn’t set on offline but every time I’m not on WiFi it says “Spotify is offline” but my data is activate",on my desktop says offline for 2 days but I️ have WiFi and it’s not checked for offline under file. Even uninstalled and reinstalled..... <url>,"@user Hey, help's here! Can you let us know the model, operating system, and Spotify version of your device? We'll see what we can suggest",,,,,,
c3_025,quality,t_1722975,"hi, Spotify isn’t set on offline but every time I’m not on WiFi it says “Spotify is offline” but my data is activate","Hi guys, I’m having horrendous battery issues with my phone and last time it was due to my offline device syncing having issues - can you check this isn’t the case again for me please?",@user Hey! Can you let us know your phone's operating system and Spotify versions? We'll see what we can suggest,,,,,,
c3_025,quality,current:contact,"hi, Spotify isn’t set on offline but every time I’m not on WiFi it says “Spotify is offline” but my data is activate",Need official human support,Spotify's contact page offers messaging with customer support. The assistant cannot contact staff or access accounts.,,,,,,
c3_025,quality,current:playback,"hi, Spotify isn’t set on offline but every time I’m not on WiFi it says “Spotify is offline” but my data is activate",Technical trouble playing Spotify,"For playback or app technical problems, restart or update the app. Reinstalling requires downloading offline music and podcasts again. These steps do not answer playlist editing, catalog, billing or feature questions.",,,,,,
c3_025,quality,policy:clarification,"hi, Spotify isn’t set on offline but every time I’m not on WiFi it says “Spotify is offline” but my data is activate",Missing diagnostic context,"Cadence's reviewed response policy permits a specific, relevant question about the affected feature, device, app version or exact error. Never repeat information already supplied or ask for private account details. A question is not a resolution.",,,,,,
c3_026,quality,current:contact,what is this??? Not planning on being a victim of fraud <url>,Need official human support,Spotify's contact page offers messaging with customer support. The assistant cannot contact staff or access accounts.,,,,,,
c3_026,agent,t_2713287,what is this??? Not planning on being a victim of fraud <url>,OK but what are @user planning for their annual ‘your year of music’ thing? It’s my favourite time of the year! I love being outed for my trash taste!,"@user Hi there! We don't have any info on this right now, but we'll let the right team know it's something you'd like to see",,,,,,
c3_026,agent,t_458080,what is this??? Not planning on being a victim of fraud <url>,My credit card is being used to charge a monthly subscription with out my permission. Please contact me ASAP! this is fraud!,"@user Hi Juan! Help's here. To help us find your Premium account, could you DM us any usernames or email addresses that we could search with? We'll have a look under the hood 🔍 <url>",,,,,,
c3_026,agent,t_1098728,what is this??? Not planning on being a victim of fraud <url>,"Hey , is ""Can't View the Queue"" during ads a planned behavior?","@user Hey David! Just to check, what device, operating system, and Spotify version are you using? We'll be right here for you",,,,,,
c3_026,agent,t_606291,what is this??? Not planning on being a victim of fraud <url>,when are you guys planning to launch in india???? Using VPN all the time is not easy in india. 😭,@user Hey there! We're launching in new countries as often as possible. Be sure to add your email at <url>,,,,,,
c3_026,agent,t_1942319,what is this??? Not planning on being a victim of fraud <url>,"Keep an eye on your credit card statements for unauthorized charges from and the phone number showing on the credit card statement, to contact Spotify, is not a working number #fraud","@user Hey! We don't have telephone support, but we'll help here. Can you DM us a screenshot of how the charge appears on the bank statement? <url>",,,,,,
c3_026,agent,t_2774600,what is this??? Not planning on being a victim of fraud <url>,is having glitches with the main menu button and it’s forever saying I don’t have songs saved. Is this a glitch that we’re planning to fix or..? #TryingToJam #Spotify,"@user Hey there! What device, operating system, and Spotify version are you using? We'll see what we can suggest",,,,,,
c3_027,agent,t_1364045,I have an Xbox and you guys are blocking me from using my streaming subscription because it isn’t available in the BAHAMAS! WTF,Why isn’t the new @user on yet? I wanna stream ‘n’ jam!,@user Hey Sunny! We’ll have it available to you as soon as it’s available to us! <url>,,,,,,
c3_027,agent,t_1162401,I have an Xbox and you guys are blocking me from using my streaming subscription because it isn’t available in the BAHAMAS! WTF,why isn’t reputation available?,"@user Taylor Swift's 'Reputation' isn't available to stream just yet – stay tuned! For now, check out the singles: <url>",,,,,,
c3_027,agent,t_2363312,I have an Xbox and you guys are blocking me from using my streaming subscription because it isn’t available in the BAHAMAS! WTF,Why isn’t @user #NRACountry on ?!? #Spotify,@user Hey! Sometimes content gets temporarily removed because of licensing changes. Hopefully we'll have it available again soon,,,,,,
c3_027,agent,t_497758,I have an Xbox and you guys are blocking me from using my streaming subscription because it isn’t available in the BAHAMAS! WTF,HOW DO I BLOCK FRANKIE COSMOS FROM APPEARING IN MY DAILY MIXES,"@user Hi there! This isn’t possible right now, but we have more info about this on our Community. Check it out: <url>",,,,,,
c3_027,agent,t_2387461,I have an Xbox and you guys are blocking me from using my streaming subscription because it isn’t available in the BAHAMAS! WTF,Hey how do I block/delete the “walk on water song” from this playlist <url>,"@user Hi! This isn’t possible right now, but we have more info about this on our Community. Check it out: <url>",,,,,,
c3_027,agent,t_2295552,I have an Xbox and you guys are blocking me from using my streaming subscription because it isn’t available in the BAHAMAS! WTF,Why isn’t #reputation on or @user yet? Like Come on! It released 2 days ago and it still isn’t there 😭😭,"@user Hi! Taylor Swift's 'Reputation' isn't available to stream just yet – stay tuned! For now, check out the singles: <url>",,,,,,
c3_027,quality,current:contact,I have an Xbox and you guys are blocking me from using my streaming subscription because it isn’t available in the BAHAMAS! WTF,Need official human support,Spotify's contact page offers messaging with customer support. The assistant cannot contact staff or access accounts.,,,,,,
c3_028,quality,current:contact,Hey I’m trying to use my pre-sale code for @user in Boston but I can’t buy them! Help!,Need official human support,Spotify's contact page offers messaging with customer support. The assistant cannot contact staff or access accounts.,,,,,,
c3_028,agent,t_2128525,Hey I’m trying to use my pre-sale code for @user in Boston but I can’t buy them! Help!,"I'm a subscriber & I'm trying to buy tickets to the DVSN show, but it says I need a spotify presale code, how do I get that??",@user Pre-sale codes are being sent out by email to some of DVSN's biggest fans on Spotify. Hopefully you're one of them!,,,,,,
c3_028,agent,t_2757628,Hey I’m trying to use my pre-sale code for @user in Boston but I can’t buy them! Help!,Why hasn’t sent me the pre-sale code for @user ?! They must hate me 😭😭😭,@user Hey! Pre-sale codes are being sent out by email to some of Romeo Santos's biggest fans on Spotify. Hopefully you're one of them,,,,,,
c3_028,agent,t_1759261,Hey I’m trying to use my pre-sale code for @user in Boston but I can’t buy them! Help!,Why didn't I get a @user Pre-Sale code? I listen to them all the time 😩,@user Hi there. Pre-sale codes are being sent out by email to some of Majid Jordan's biggest fans on Spotify. Hopefully you're one of them!,,,,,,
c3_028,agent,t_1830431,Hey I’m trying to use my pre-sale code for @user in Boston but I can’t buy them! Help!,"@user pre sale code, Pretty plz w/a 🍒on top? 😀😇 <url>","@user Hey Ashley, pre-sale codes are being sent out by email to some of Majid Jordan's biggest fans on Spotify. Hopefully you're one of them!",,,,,,
c3_028,agent,t_2899843,Hey I’m trying to use my pre-sale code for @user in Boston but I can’t buy them! Help!,"When you have premium and follow @user, but haven’t gotten a presale code yet & tickets went on sale. Help?",@user Hi! Pre-sale codes are being sent out by email to some of Betty Who's biggest fans on Spotify. Hopefully you're one of them,,,,,,
c3_028,agent,t_1793644,Hey I’m trying to use my pre-sale code for @user in Boston but I can’t buy them! Help!,I need my jhene aiko pre sale Spotify code pls and thank you.,@user Hey! Pre-sale codes are being sent out by email to some of Jhene Aiko's biggest fans on Spotify. Hopefully you're one of them,,,,,,
c3_029,agent,t_2485958,Hey guys - how can we get a Spotify account for our brand?,how does pricing for branded playlists work? Do you have rates you can share? #BrandedPlaylists #HelpAGirlOut,@user Hey Kaitlin! We'd suggest contacting our Brands team for more info on this. You can get in touch via <url>. Hope this helps 🙂,,,,,,
c3_029,agent,t_840732,Hey guys - how can we get a Spotify account for our brand?,hey there! I want to create an account for my brand. What should I do? Can I create just a premium account or what?,@user Hey there! We'd suggest getting in touch with our Brands team at <url>. Hope this helps,,,,,,
c3_029,agent,t_2819536,Hey guys - how can we get a Spotify account for our brand?,still trying to get set up with a Spotify Brand account! Filled out your contact form a while ago and haven't heard back from you :/ Would be great to get a brand account set up for our music travel blog: <url> <url> TBNT x <url>,"@user Hey there, sorry to hear that! Can you send us a DM using the link below? We'd like to ask you for some info <url>",,,,,,
c3_029,agent,t_1971201,Hey guys - how can we get a Spotify account for our brand?,", I’m trying to buy advertising as part of a govt agency and need add’l info to purchase. How can I get in touch with a rep?","@user Hi there, thanks for reaching out! You can get in touch with our Brands team at <url> for more info 👍",,,,,,
c3_029,agent,t_444533,Hey guys - how can we get a Spotify account for our brand?,"hi, I’ve filled in a spotify for brands enquiry form several times and had no response. Just did it again. How long should i expect to wait for a reply?","@user Hey there! Our Brands team should get back to you as soon as they can. Can you DM us your name, country (and State if you're in the US) you're based in, company you represent, and your contact email address? We'll chase it up",,,,,,
c3_029,agent,t_516758,Hey guys - how can we get a Spotify account for our brand?,"Hey , Could you guys add this brand new Xmas single by @user to some of your Christmas/holiday playlists? 🎄☃🎅🏻 [ To: @user @user @user @user @user ] <url>","@user Thanks for the feedback! Our Curation team are independent & use taste, data, research, and trends to create playlists, but we’ll pass on your suggestion",,,,,,
c3_029,quality,current:contact,Hey guys - how can we get a Spotify account for our brand?,Need official human support,Spotify's contact page offers messaging with customer support. The assistant cannot contact staff or access accounts.,,,,,,
c3_030,quality,t_2279529,Right where is @user new album this morning?? #Reputation 🤔🤔,Where is the Taylor Swift's new album #reputation? 😕,"@user Taylor Swift's 'Reputation' isn't available to stream just yet – stay tuned! For now, check out the singles: <url>",,,,,,
c3_030,quality,t_1757050,Right where is @user new album this morning?? #Reputation 🤔🤔,where’s reputation at ??,"@user Her new album isn't available to stream just yet – stay tuned! For now, check out the singles: <url>",,,,,,
c3_030,quality,t_2259704,Right where is @user new album this morning?? #Reputation 🤔🤔,@user where's Taylor Swifts new album?!?!?,"@user Hi there! 'Reputation' isn't available to stream just yet – stay tuned! For now, check out the singles: <url> 🙂",,,,,,
c3_030,quality,t_2218974,Right where is @user new album this morning?? #Reputation 🤔🤔,where’s Taylor’s new album,"@user Hi! Taylor Swift's 'Reputation' isn't available to stream just yet – stay tuned! For now, check out the singles: <url>",,,,,,
c3_030,quality,t_2215968,Right where is @user new album this morning?? #Reputation 🤔🤔,Hey @user I can’t see the new @user album anywhere. Where could I find it? Asking for a friend #reputation,@user Hey! We’ll have it available to you as soon as it’s available to us: <url>,,,,,,
c3_030,quality,t_2872002,Right where is @user new album this morning?? #Reputation 🤔🤔,where’s the REPUTATION ALBUM????? LMK @user,"@user Hey Jay! Taylor Swift's 'Reputation' isn't available to stream just yet! For now, check out the singles: <url>",,,,,,
c3_030,quality,current:contact,Right where is @user new album this morning?? #Reputation 🤔🤔,Need official human support,Spotify's contact page offers messaging with customer support. The assistant cannot contact staff or access accounts.,,,,,,
c3_030,quality,current:playback,Right where is @user new album this morning?? #Reputation 🤔🤔,Technical trouble playing Spotify,"For playback or app technical problems, restart or update the app. Reinstalling requires downloading offline music and podcasts again. These steps do not answer playlist editing, catalog, billing or feature questions.",,,,,,
c3_030,quality,policy:clarification,Right where is @user new album this morning?? #Reputation 🤔🤔,Missing diagnostic context,"Cadence's reviewed response policy permits a specific, relevant question about the affected feature, device, app version or exact error. Never repeat information already supplied or ask for private account details. A question is not a resolution.",,,,,,
c3_030,agent,t_2279529,Right where is @user new album this morning?? #Reputation 🤔🤔,Where is the Taylor Swift's new album #reputation? 😕,"@user Taylor Swift's 'Reputation' isn't available to stream just yet – stay tuned! For now, check out the singles: <url>",,,,,,
c3_030,agent,t_1757050,Right where is @user new album this morning?? #Reputation 🤔🤔,where’s reputation at ??,"@user Her new album isn't available to stream just yet – stay tuned! For now, check out the singles: <url>",,,,,,
c3_030,agent,t_2259704,Right where is @user new album this morning?? #Reputation 🤔🤔,@user where's Taylor Swifts new album?!?!?,"@user Hi there! 'Reputation' isn't available to stream just yet – stay tuned! For now, check out the singles: <url> 🙂",,,,,,
c3_030,agent,t_2218974,Right where is @user new album this morning?? #Reputation 🤔🤔,where’s Taylor’s new album,"@user Hi! Taylor Swift's 'Reputation' isn't available to stream just yet – stay tuned! For now, check out the singles: <url>",,,,,,
c3_030,agent,t_2215968,Right where is @user new album this morning?? #Reputation 🤔🤔,Hey @user I can’t see the new @user album anywhere. Where could I find it? Asking for a friend #reputation,@user Hey! We’ll have it available to you as soon as it’s available to us: <url>,,,,,,
c3_030,agent,t_2872002,Right where is @user new album this morning?? #Reputation 🤔🤔,where’s the REPUTATION ALBUM????? LMK @user,"@user Hey Jay! Taylor Swift's 'Reputation' isn't available to stream just yet! For now, check out the singles: <url>",,,,,,
c3_031,agent,t_1520029,My is down and I am in DISTRESS and forced to remember what I listened to back when I found iTunes relevant,Can anyone please help? <url>,"@user Hey Mark! You can follow the steps found under ""Can I import my iTunes library?"" at <url> 😉",,,,,,
c3_031,agent,t_2066998,My is down and I am in DISTRESS and forced to remember what I listened to back when I found iTunes relevant,"I can't found my Spotify account I don't remember the email/ username,the only thing I remember is 【you are logged in as 姚郅之】","@user Hey, help's here! Can you DM us any email addresses that you think you might've used? We'll search for your account <url>",,,,,,
c3_031,agent,t_1300191,My is down and I am in DISTRESS and forced to remember what I listened to back when I found iTunes relevant,Is there a way to make the app remember where I am in podcasts? When I pause a cast to listen to some music it starts the cast over,"@user Hey Trevor, this sounds like a great idea! Suggest it in our Community at <url> and get support from other users",,,,,,
c3_031,agent,t_1951054,My is down and I am in DISTRESS and forced to remember what I listened to back when I found iTunes relevant,just found out there's an Upside-Down version of my spotify... PLEASE NEVER GET RID OF IT MY INNER ST FANGIRL IS FREAKING OUT!,"@user Hi, we're glad you like it! You can also match your Spotify listening to a Stranger Things character here: <url> 😉",,,,,,
c3_031,agent,t_1135352,My is down and I am in DISTRESS and forced to remember what I listened to back when I found iTunes relevant,what's up with access to A Pentatonix Christmas Deluxe. I had it and now cannot access it at all. Very distressing 😫😱,@user Hey Kath! Can you let us know what's happening exactly? We'll see what we can suggest,,,,,,
c3_031,agent,t_2056488,My is down and I am in DISTRESS and forced to remember what I listened to back when I found iTunes relevant,I dont remember my login information,"@user Hey Earline! Do you still remember the email address you used? If so, send it via DM and we'll help you get back in 🙂 <url>",,,,,,
c3_031,quality,current:contact,My is down and I am in DISTRESS and forced to remember what I listened to back when I found iTunes relevant,Need official human support,Spotify's contact page offers messaging with customer support. The assistant cannot contact staff or access accounts.,,,,,,
c3_032,quality,current:contact,when will get it’s shit together my music literally stops playing all the time and it doesn’t let me play certain playlists,Need official human support,Spotify's contact page offers messaging with customer support. The assistant cannot contact staff or access accounts.,,,,,,
c3_032,agent,t_2005273,when will get it’s shit together my music literally stops playing all the time and it doesn’t let me play certain playlists,My Spotify literally doesn’t even play songs. It lags all the time. Don’t use Spotify. It’s completely unreliable. #doapplemusic,"@user Hey, that doesn't sound good at all! What device, operating system, and Spotify version are you running? We'll see what we can suggest",,,,,,
c3_032,agent,t_1827573,when will get it’s shit together my music literally stops playing all the time and it doesn’t let me play certain playlists,why won’t you let me listen to @user,"@user Hi! Are you getting any error messages when playing his music? Also, is this happening to all of his tracks, or just certain songs?",,,,,,
c3_032,agent,t_1085655,when will get it’s shit together my music literally stops playing all the time and it doesn’t let me play certain playlists,if someone doesn’t get the rest of aaliyah’s music on spotify i’m going to flip my shit😤,"@user Hey! We’d love to have all of Aaliyah's music available, but we have some info about content here: <url>",,,,,,
c3_032,agent,t_44681,when will get it’s shit together my music literally stops playing all the time and it doesn’t let me play certain playlists,Look I love you & all but also get your shit together and stop undownloading all my songs this $10 ain’t a joke,"@user 1: Hey, we're sorry to hear that. We'd suggest checking out the steps under “Downloads unexpectedly removed” at...",,,,,,
c3_032,agent,t_2311119,when will get it’s shit together my music literally stops playing all the time and it doesn’t let me play certain playlists,aye whenever I leave the Spotify app my music stops playing. And sometimes i will have headphones in and it’ll just stop playing all together. Please help me ;(,@user Hey! That doesn't sound good. Can you let us know which device/OS and Spotify version you're using? We'll see what we can suggest,,,,,,
c3_032,agent,t_2912474,when will get it’s shit together my music literally stops playing all the time and it doesn’t let me play certain playlists,"Come on , get your shit together. I'll die if I can't steam music at work, and it will be all your fault. :-)","@user Hey! Don't worry, we're on it. Our developers are looking into this, and we'll keep everyone updated",,,,,,
c3_033,agent,t_2432967,everyone always asks for your help... But nobody ever asks if you need help. You guys feelin okay lately? How's life been treating you?,"Okay, . You're getting closer. Can everyone here please help the curation team learn which song ALWAYS comes after Heartbreaker? At least you got the band right... so kudos. Hint: NOT Rock and Roll <url>","@user Don't worry, we've already passed on your feedback to our Curation team. Let us know If you need further help with the app 🤘",,,,,,
c3_033,agent,t_2448575,everyone always asks for your help... But nobody ever asks if you need help. You guys feelin okay lately? How's life been treating you?,Ahhh thank you for information <url>,"@user You're welcome! If you ever need us again, know that we're always... <url> 🙂",,,,,,
c3_033,agent,t_856198,everyone always asks for your help... But nobody ever asks if you need help. You guys feelin okay lately? How's life been treating you?,OKAY BUT WHY ISNT TREAT ME LIKE SOMEBODY BY TINK NOT ON <url>,"@user Hey Taylor, we’ll have it available to you as soon as it’s available to us! <url>",,,,,,
c3_033,agent,t_705819,everyone always asks for your help... But nobody ever asks if you need help. You guys feelin okay lately? How's life been treating you?,pls HELP why can't I play local files on my laptop from my other devices? It synced BEFORE but now it unsynced and NOW LIFE IS HARD,@user Anytime! Let us know if you ever need us again. We'd be... <url>,,,,,,
c3_033,agent,t_2453749,everyone always asks for your help... But nobody ever asks if you need help. You guys feelin okay lately? How's life been treating you?,spotify isnt working fix up,"@user Good to know! If you ever need us again, just let us know. We're always here to help",,,,,,
c3_033,agent,t_1821861,everyone always asks for your help... But nobody ever asks if you need help. You guys feelin okay lately? How's life been treating you?,my life has been in a steady decline ever since you added videos to the Rap Caviar playlist. Please advise.,"@user Hey! It isn't currently possible to disable videos. We’re always testing things in order to improve, and we'll pass this feedback along",,,,,,
c3_033,quality,t_2432967,everyone always asks for your help... But nobody ever asks if you need help. You guys feelin okay lately? How's life been treating you?,"Okay, . You're getting closer. Can everyone here please help the curation team learn which song ALWAYS comes after Heartbreaker? At least you got the band right... so kudos. Hint: NOT Rock and Roll <url>","@user Don't worry, we've already passed on your feedback to our Curation team. Let us know If you need further help with the app 🤘",,,,,,
c3_033,quality,t_2448575,everyone always asks for your help... But nobody ever asks if you need help. You guys feelin okay lately? How's life been treating you?,Ahhh thank you for information <url>,"@user You're welcome! If you ever need us again, know that we're always... <url> 🙂",,,,,,
c3_033,quality,t_856198,everyone always asks for your help... But nobody ever asks if you need help. You guys feelin okay lately? How's life been treating you?,OKAY BUT WHY ISNT TREAT ME LIKE SOMEBODY BY TINK NOT ON <url>,"@user Hey Taylor, we’ll have it available to you as soon as it’s available to us! <url>",,,,,,
c3_033,quality,t_705819,everyone always asks for your help... But nobody ever asks if you need help. You guys feelin okay lately? How's life been treating you?,pls HELP why can't I play local files on my laptop from my other devices? It synced BEFORE but now it unsynced and NOW LIFE IS HARD,@user Anytime! Let us know if you ever need us again. We'd be... <url>,,,,,,
c3_033,quality,t_2453749,everyone always asks for your help... But nobody ever asks if you need help. You guys feelin okay lately? How's life been treating you?,spotify isnt working fix up,"@user Good to know! If you ever need us again, just let us know. We're always here to help",,,,,,
c3_033,quality,t_1821861,everyone always asks for your help... But nobody ever asks if you need help. You guys feelin okay lately? How's life been treating you?,my life has been in a steady decline ever since you added videos to the Rap Caviar playlist. Please advise.,"@user Hey! It isn't currently possible to disable videos. We’re always testing things in order to improve, and we'll pass this feedback along",,,,,,
c3_033,quality,current:contact,everyone always asks for your help... But nobody ever asks if you need help. You guys feelin okay lately? How's life been treating you?,Need official human support,Spotify's contact page offers messaging with customer support. The assistant cannot contact staff or access accounts.,,,,,,
c3_033,quality,current:playback,everyone always asks for your help... But nobody ever asks if you need help. You guys feelin okay lately? How's life been treating you?,Technical trouble playing Spotify,"For playback or app technical problems, restart or update the app. Reinstalling requires downloading offline music and podcasts again. These steps do not answer playlist editing, catalog, billing or feature questions.",,,,,,
c3_033,quality,policy:clarification,everyone always asks for your help... But nobody ever asks if you need help. You guys feelin okay lately? How's life been treating you?,Missing diagnostic context,"Cadence's reviewed response policy permits a specific, relevant question about the affected feature, device, app version or exact error. Never repeat information already supplied or ask for private account details. A question is not a resolution.",,,,,,
c3_034,quality,current:contact,is trash in my mobile,Need official human support,Spotify's contact page offers messaging with customer support. The assistant cannot contact staff or access accounts.,,,,,,
c3_034,agent,t_1218581,is trash in my mobile,"I gotta tell you i love your premium service and your mobile app is wonderful. But, the web player is trash. Constant freezing!",@user Hi! That doesn't sound good. What device (make and model) and operating system version are you using? We'll see what we can suggest,,,,,,
c3_034,agent,t_306693,is trash in my mobile,The new app on android is trash.,"@user Hey Jeremy, this doesn't sound good. What issues are you having? We'll see what we can suggest",,,,,,
c3_034,agent,t_93873,is trash in my mobile,"Hey , can you make your web player a slightly smaller flaming pile of trash? Because the large flaming pile of trash that is your web player is getting a little unbearable to deal with...","@user Hey Kevin, we’re sorry to hear that! What’s happening exactly? Can you let us know the device/OS you’re using? We'll see what we can suggest",,,,,,
c3_034,agent,t_23282,is trash in my mobile,your app is trash on PS4. freezes everyday,@user Hey! Can you tell us more about what's happening? Are you getting any error messages? A screenshot of what you can see would be handy,,,,,,
c3_034,agent,t_2275478,is trash in my mobile,rap caviar is trash,"@user Hey! We appreciate your feedback, and we'll surely pass them on to the right folks. If you need us again, you know where to find us",,,,,,
c3_034,agent,t_746960,is trash in my mobile,"Is the app for Mac just trash, or is my computer too old to run it? Cuz it never works","@user Hey! What device, operating system, and Spotify version are you using? We'll see what we can suggest",,,,,,
c3_035,agent,t_2317806,"Any chance of 5x1 wide widget for Android? 4x1 isn't adjustable and it's killing my OCD, lol. Adjustable widget would be good too. Thanks <url>",Any chance you'll make a 5x1 Widget for the Pixel 2 XL or similar phones?,@user Hey Justin! We can see how that’d be handy. Thanks for taking the time to reach out – your feedback's been noted 📝,,,,,,
c3_035,agent,t_2259599,"Any chance of 5x1 wide widget for Android? 4x1 isn't adjustable and it's killing my OCD, lol. Adjustable widget would be good too. Thanks <url>","Where is the 5x1 widget for Android? Its been years since Android released the 5 across screen, we've beem waiting on a widget that fits the screen ever since.",@user This sounds like a great idea! Add your vote here to help make it happen: <url>,,,,,,
c3_035,agent,t_2250136,"Any chance of 5x1 wide widget for Android? 4x1 isn't adjustable and it's killing my OCD, lol. Adjustable widget would be good too. Thanks <url>",can we please get a quick fix to Android widget to support 5x1 gride sizing?! Please. I've been asking for a year now.,"@user Hey Dave, we can see how that’d be useful! You can vote for the official idea here: <url>",,,,,,
c3_035,agent,t_2190917,"Any chance of 5x1 wide widget for Android? 4x1 isn't adjustable and it's killing my OCD, lol. Adjustable widget would be good too. Thanks <url>","y'all need more widgets on Android. The default one is 4 tiles wide, but my screen supports 5 tiles. This leaves a weird looking gap on the sides ☹️ <url>",@user We hear you 🎧 Rest assured your feedback will be passed on to the right folks,,,,,,
c3_035,agent,t_305898,"Any chance of 5x1 wide widget for Android? 4x1 isn't adjustable and it's killing my OCD, lol. Adjustable widget would be good too. Thanks <url>",can you please straighten your logo? My OCD isn't taking this too well,"@user Hey Priscilla, we hear you! You can vote for the official idea here: <url>",,,,,,
c3_035,agent,t_1599271,"Any chance of 5x1 wide widget for Android? 4x1 isn't adjustable and it's killing my OCD, lol. Adjustable widget would be good too. Thanks <url>","People of , is it too much to ask that when you do a movie/TV soundtrack playlist you put the songs in order? #OCD","@user Thanks for the feedback! Don't worry, we'll let the right team know it's something you'd like to see in the future 🙂",,,,,,
c3_035,quality,t_2317806,"Any chance of 5x1 wide widget for Android? 4x1 isn't adjustable and it's killing my OCD, lol. Adjustable widget would be good too. Thanks <url>",Any chance you'll make a 5x1 Widget for the Pixel 2 XL or similar phones?,@user Hey Justin! We can see how that’d be handy. Thanks for taking the time to reach out – your feedback's been noted 📝,,,,,,
c3_035,quality,t_2259599,"Any chance of 5x1 wide widget for Android? 4x1 isn't adjustable and it's killing my OCD, lol. Adjustable widget would be good too. Thanks <url>","Where is the 5x1 widget for Android? Its been years since Android released the 5 across screen, we've beem waiting on a widget that fits the screen ever since.",@user This sounds like a great idea! Add your vote here to help make it happen: <url>,,,,,,
c3_035,quality,t_2250136,"Any chance of 5x1 wide widget for Android? 4x1 isn't adjustable and it's killing my OCD, lol. Adjustable widget would be good too. Thanks <url>",can we please get a quick fix to Android widget to support 5x1 gride sizing?! Please. I've been asking for a year now.,"@user Hey Dave, we can see how that’d be useful! You can vote for the official idea here: <url>",,,,,,
c3_035,quality,t_2190917,"Any chance of 5x1 wide widget for Android? 4x1 isn't adjustable and it's killing my OCD, lol. Adjustable widget would be good too. Thanks <url>","y'all need more widgets on Android. The default one is 4 tiles wide, but my screen supports 5 tiles. This leaves a weird looking gap on the sides ☹️ <url>",@user We hear you 🎧 Rest assured your feedback will be passed on to the right folks,,,,,,
c3_035,quality,t_305898,"Any chance of 5x1 wide widget for Android? 4x1 isn't adjustable and it's killing my OCD, lol. Adjustable widget would be good too. Thanks <url>",can you please straighten your logo? My OCD isn't taking this too well,"@user Hey Priscilla, we hear you! You can vote for the official idea here: <url>",,,,,,
c3_035,quality,t_1599271,"Any chance of 5x1 wide widget for Android? 4x1 isn't adjustable and it's killing my OCD, lol. Adjustable widget would be good too. Thanks <url>","People of , is it too much to ask that when you do a movie/TV soundtrack playlist you put the songs in order? #OCD","@user Thanks for the feedback! Don't worry, we'll let the right team know it's something you'd like to see in the future 🙂",,,,,,
c3_035,quality,current:contact,"Any chance of 5x1 wide widget for Android? 4x1 isn't adjustable and it's killing my OCD, lol. Adjustable widget would be good too. Thanks <url>",Need official human support,Spotify's contact page offers messaging with customer support. The assistant cannot contact staff or access accounts.,,,,,,
c3_035,quality,current:playback,"Any chance of 5x1 wide widget for Android? 4x1 isn't adjustable and it's killing my OCD, lol. Adjustable widget would be good too. Thanks <url>",Technical trouble playing Spotify,"For playback or app technical problems, restart or update the app. Reinstalling requires downloading offline music and podcasts again. These steps do not answer playlist editing, catalog, billing or feature questions.",,,,,,
c3_035,quality,policy:clarification,"Any chance of 5x1 wide widget for Android? 4x1 isn't adjustable and it's killing my OCD, lol. Adjustable widget would be good too. Thanks <url>",Missing diagnostic context,"Cadence's reviewed response policy permits a specific, relevant question about the affected feature, device, app version or exact error. Never repeat information already supplied or ask for private account details. A question is not a resolution.",,,,,,
c3_036,quality,current:contact,<url>,Need official human support,Spotify's contact page offers messaging with customer support. The assistant cannot contact staff or access accounts.,,,,,,
c3_037,agent,t_2313905,What’s wrong with Spotify’s volume? It’s gone all the way down,what’s happened to the the ‘new releases for you’ options in the discover tab? All gone. #spotify,"@user Hey Steven! Just to check, what device, operating system, and Spotify version are you using? We'll see what we can suggest",,,,,,
c3_037,agent,t_1914377,What’s wrong with Spotify’s volume? It’s gone all the way down,It’s a crime that Marina Diamandis’ first two EP’s aren’t on Spotify. Please rectify this situation,@user Hi. We're sorry you feel that way. Music availability all boils down to licensing agreements. More info at <url>,,,,,,
c3_037,agent,t_2957828,What’s wrong with Spotify’s volume? It’s gone all the way down,"I have a Mac and when I use the desktop app Spotify, I cannot hear anything. I have chosen Listening on a Mac chosen so it is not routing it anywhere else. What is wrong? Volume is not down btw.","@user Hey Alexandra, help's here! Does logging out > restarting your Mac > logging back in help? Keep us posted",,,,,,
c3_037,agent,t_1811157,What’s wrong with Spotify’s volume? It’s gone all the way down,Can't turn volume down or up on the new iOS with locked screen ?!,"@user Hey, help's here! Can you fire over the device's make/model and the Spotify version you're using? We'll see what we can suggest",,,,,,
c3_037,agent,t_2614475,What’s wrong with Spotify’s volume? It’s gone all the way down,"Is it just me or is 's ""set same volume level all tracks"" feature doesn't work anymore on Mac?","@user Hey Artem. What's happening exactly? If you could also let us know the OS X and Spotify versions you're using, that'd be great",,,,,,
c3_037,agent,t_854637,What’s wrong with Spotify’s volume? It’s gone all the way down,woke up this morning and all my saved songs are gone... any way this can be fixed?,"@user Hey Kyra! Just to check, did all your offline music get desynced, or has all your saved Songs disappeared? We'll see what we can suggest",,,,,,
c3_037,quality,t_2313905,What’s wrong with Spotify’s volume? It’s gone all the way down,what’s happened to the the ‘new releases for you’ options in the discover tab? All gone. #spotify,"@user Hey Steven! Just to check, what device, operating system, and Spotify version are you using? We'll see what we can suggest",,,,,,
c3_037,quality,t_1914377,What’s wrong with Spotify’s volume? It’s gone all the way down,It’s a crime that Marina Diamandis’ first two EP’s aren’t on Spotify. Please rectify this situation,@user Hi. We're sorry you feel that way. Music availability all boils down to licensing agreements. More info at <url>,,,,,,
c3_037,quality,t_2957828,What’s wrong with Spotify’s volume? It’s gone all the way down,"I have a Mac and when I use the desktop app Spotify, I cannot hear anything. I have chosen Listening on a Mac chosen so it is not routing it anywhere else. What is wrong? Volume is not down btw.","@user Hey Alexandra, help's here! Does logging out > restarting your Mac > logging back in help? Keep us posted",,,,,,
c3_037,quality,t_1811157,What’s wrong with Spotify’s volume? It’s gone all the way down,Can't turn volume down or up on the new iOS with locked screen ?!,"@user Hey, help's here! Can you fire over the device's make/model and the Spotify version you're using? We'll see what we can suggest",,,,,,
c3_037,quality,t_2614475,What’s wrong with Spotify’s volume? It’s gone all the way down,"Is it just me or is 's ""set same volume level all tracks"" feature doesn't work anymore on Mac?","@user Hey Artem. What's happening exactly? If you could also let us know the OS X and Spotify versions you're using, that'd be great",,,,,,
c3_037,quality,t_854637,What’s wrong with Spotify’s volume? It’s gone all the way down,woke up this morning and all my saved songs are gone... any way this can be fixed?,"@user Hey Kyra! Just to check, did all your offline music get desynced, or has all your saved Songs disappeared? We'll see what we can suggest",,,,,,
c3_037,quality,current:contact,What’s wrong with Spotify’s volume? It’s gone all the way down,Need official human support,Spotify's contact page offers messaging with customer support. The assistant cannot contact staff or access accounts.,,,,,,
c3_037,quality,current:playback,What’s wrong with Spotify’s volume? It’s gone all the way down,Technical trouble playing Spotify,"For playback or app technical problems, restart or update the app. Reinstalling requires downloading offline music and podcasts again. These steps do not answer playlist editing, catalog, billing or feature questions.",,,,,,
c3_037,quality,policy:clarification,What’s wrong with Spotify’s volume? It’s gone all the way down,Missing diagnostic context,"Cadence's reviewed response policy permits a specific, relevant question about the affected feature, device, app version or exact error. Never repeat information already supplied or ask for private account details. A question is not a resolution.",,,,,,
c3_038,quality,t_1416129,"I know I can't be the only person in the world who is sick of all the remastered albums on . At the very least, offer both versions. Don't just remove the original in favor of the remaster. My favorite punk albums have lost their grit and emotion and I'm pissed. 😡","While you guys are fixing albums, can you switch the Iron Maiden albums from their remastered versions to their original versions?","@user 1: Hey, thanks for the request! We upload tracks as they are provided to us. Don't worry, we'll make sure to pass your feedback on to the...",,,,,,
c3_038,quality,t_2957826,"I know I can't be the only person in the world who is sick of all the remastered albums on . At the very least, offer both versions. Don't just remove the original in favor of the remaster. My favorite punk albums have lost their grit and emotion and I'm pissed. 😡","you really need a ""i dont like this"" option. Im REALLY sick of all the shit punk music that keeps cropping up. I have more classical than punk (every now and than a punk band cover something not punk) yet wheres my classical in discover weekly?","@user Hi! We're sorry to hear that. To help make it happen, we’d recommend showing your support for the idea here: <url>",,,,,,
c3_038,quality,t_1812576,"I know I can't be the only person in the world who is sick of all the remastered albums on . At the very least, offer both versions. Don't just remove the original in favor of the remaster. My favorite punk albums have lost their grit and emotion and I'm pissed. 😡",I hate when doesnt have the original song.... BUT they have the live version.. smh,"@user Hey, sorry about that. We'd love to have all the world's music & hopefully we will in the future. More info at <url>",,,,,,
c3_038,quality,t_2321307,"I know I can't be the only person in the world who is sick of all the remastered albums on . At the very least, offer both versions. Don't just remove the original in favor of the remaster. My favorite punk albums have lost their grit and emotion and I'm pissed. 😡",Okay but who was in charge of remastering The Beatles on Spotify bc you can’t even hear vocals on half of the songs,"@user Hey Kate! We don't have specific info on that. What device, operating system, and Spotify version are you using? We'll check backstage",,,,,,
c3_038,quality,t_2284265,"I know I can't be the only person in the world who is sick of all the remastered albums on . At the very least, offer both versions. Don't just remove the original in favor of the remaster. My favorite punk albums have lost their grit and emotion and I'm pissed. 😡",Why is the original version of @user's 'Oh Well' not available anywhere on when all their other early work is? #disappointing,"@user Hey Nicolas! We’d love to have all of their stuff available, but we have some info about content here: <url>",,,,,,
c3_038,quality,t_497738,"I know I can't be the only person in the world who is sick of all the remastered albums on . At the very least, offer both versions. Don't just remove the original in favor of the remaster. My favorite punk albums have lost their grit and emotion and I'm pissed. 😡",". should have liner notes with albums on their platform, or at least credits. A lot of people put in a lot of work to make a record and I’d love to know who they are.",@user Nice idea! It's definitely something for the team to consider and we'll make sure it reaches them. Stay awesome 😁,,,,,,
c3_038,quality,current:contact,"I know I can't be the only person in the world who is sick of all the remastered albums on . At the very least, offer both versions. Don't just remove the original in favor of the remaster. My favorite punk albums have lost their grit and emotion and I'm pissed. 😡",Need official human support,Spotify's contact page offers messaging with customer support. The assistant cannot contact staff or access accounts.,,,,,,
c3_038,quality,current:playback,"I know I can't be the only person in the world who is sick of all the remastered albums on . At the very least, offer both versions. Don't just remove the original in favor of the remaster. My favorite punk albums have lost their grit and emotion and I'm pissed. 😡",Technical trouble playing Spotify,"For playback or app technical problems, restart or update the app. Reinstalling requires downloading offline music and podcasts again. These steps do not answer playlist editing, catalog, billing or feature questions.",,,,,,
c3_038,quality,policy:clarification,"I know I can't be the only person in the world who is sick of all the remastered albums on . At the very least, offer both versions. Don't just remove the original in favor of the remaster. My favorite punk albums have lost their grit and emotion and I'm pissed. 😡",Missing diagnostic context,"Cadence's reviewed response policy permits a specific, relevant question about the affected feature, device, app version or exact error. Never repeat information already supplied or ask for private account details. A question is not a resolution.",,,,,,
c3_038,agent,t_1416129,"I know I can't be the only person in the world who is sick of all the remastered albums on . At the very least, offer both versions. Don't just remove the original in favor of the remaster. My favorite punk albums have lost their grit and emotion and I'm pissed. 😡","While you guys are fixing albums, can you switch the Iron Maiden albums from their remastered versions to their original versions?","@user 1: Hey, thanks for the request! We upload tracks as they are provided to us. Don't worry, we'll make sure to pass your feedback on to the...",,,,,,
c3_038,agent,t_2957826,"I know I can't be the only person in the world who is sick of all the remastered albums on . At the very least, offer both versions. Don't just remove the original in favor of the remaster. My favorite punk albums have lost their grit and emotion and I'm pissed. 😡","you really need a ""i dont like this"" option. Im REALLY sick of all the shit punk music that keeps cropping up. I have more classical than punk (every now and than a punk band cover something not punk) yet wheres my classical in discover weekly?","@user Hi! We're sorry to hear that. To help make it happen, we’d recommend showing your support for the idea here: <url>",,,,,,
c3_038,agent,t_1812576,"I know I can't be the only person in the world who is sick of all the remastered albums on . At the very least, offer both versions. Don't just remove the original in favor of the remaster. My favorite punk albums have lost their grit and emotion and I'm pissed. 😡",I hate when doesnt have the original song.... BUT they have the live version.. smh,"@user Hey, sorry about that. We'd love to have all the world's music & hopefully we will in the future. More info at <url>",,,,,,
c3_038,agent,t_2321307,"I know I can't be the only person in the world who is sick of all the remastered albums on . At the very least, offer both versions. Don't just remove the original in favor of the remaster. My favorite punk albums have lost their grit and emotion and I'm pissed. 😡",Okay but who was in charge of remastering The Beatles on Spotify bc you can’t even hear vocals on half of the songs,"@user Hey Kate! We don't have specific info on that. What device, operating system, and Spotify version are you using? We'll check backstage",,,,,,
c3_038,agent,t_2284265,"I know I can't be the only person in the world who is sick of all the remastered albums on . At the very least, offer both versions. Don't just remove the original in favor of the remaster. My favorite punk albums have lost their grit and emotion and I'm pissed. 😡",Why is the original version of @user's 'Oh Well' not available anywhere on when all their other early work is? #disappointing,"@user Hey Nicolas! We’d love to have all of their stuff available, but we have some info about content here: <url>",,,,,,
c3_038,agent,t_497738,"I know I can't be the only person in the world who is sick of all the remastered albums on . At the very least, offer both versions. Don't just remove the original in favor of the remaster. My favorite punk albums have lost their grit and emotion and I'm pissed. 😡",". should have liner notes with albums on their platform, or at least credits. A lot of people put in a lot of work to make a record and I’d love to know who they are.",@user Nice idea! It's definitely something for the team to consider and we'll make sure it reaches them. Stay awesome 😁,,,,,,
c3_039,agent,t_1927090,"somebody else was using my account bc i could see their device playing so i changed my password, but i think they also tried to reset the password bc i received another password reset email that i didn't request. HELP lol",having problems accessing my account tried to reset password but no link has been received by email to do this.,"@user Hey Sarah, help's here! Can you try resetting your password at <url> using a private or incognito window?",,,,,,
c3_039,agent,t_1827761,"somebody else was using my account bc i could see their device playing so i changed my password, but i think they also tried to reset the password bc i received another password reset email that i didn't request. HELP lol",I've logged out of my acc but i forgot my password. I tried to reset it by using my username but it didn't work +,"@user Hey, help's here! Can you DM us any possible email addresses or usernames you could've created an account with? <url>",,,,,,
c3_039,agent,t_1356631,"somebody else was using my account bc i could see their device playing so i changed my password, but i think they also tried to reset the password bc i received another password reset email that i didn't request. HELP lol",Hey! I just learned somebody else is using my spotify account. I changed my password but it didnt log the person off.,"@user Hey Riku, we’re sorry to hear that. Check out <url> for what to do next",,,,,,
c3_039,agent,t_2792168,"somebody else was using my account bc i could see their device playing so i changed my password, but i think they also tried to reset the password bc i received another password reset email that i didn't request. HELP lol",help! Cant reset password !,"@user Hi Zeb. Help's arrived! Could you send us your email address via DM? Also, if you've received any error messages while trying to reset your password, a screenshot of it would be really helpful. We'll see what's going on <url>",,,,,,
c3_039,agent,t_2736072,"somebody else was using my account bc i could see their device playing so i changed my password, but i think they also tried to reset the password bc i received another password reset email that i didn't request. HELP lol",someone has changed the email address/password for my premium account and is listening to it. I can only access my account through Facebook but I can see them listening on another device.,"@user Hey, we’re sorry to hear that. Check out <url> for what to do next",,,,,,
c3_039,agent,t_1024762,"somebody else was using my account bc i could see their device playing so i changed my password, but i think they also tried to reset the password bc i received another password reset email that i didn't request. HELP lol","Guys, I can't log in! The reset password page doesn't recognise my email, but says it is attached to an account",@user Hey Hattie! You should be able to reset your password now. Can you give it another shot? Let us know how that goes,,,,,,
c3_039,quality,current:contact,"somebody else was using my account bc i could see their device playing so i changed my password, but i think they also tried to reset the password bc i received another password reset email that i didn't request. HELP lol",Need official human support,Spotify's contact page offers messaging with customer support. The assistant cannot contact staff or access accounts.,,,,,,
c3_040,quality,current:contact,Also.... WTH? <url>,Need official human support,Spotify's contact page offers messaging with customer support. The assistant cannot contact staff or access accounts.,,,,,,
c3_040,agent,t_2674007,Also.... WTH? <url>,我真的是快被spotify搞瘋了！！！！！ wth !!! <url>,"@user 1: Hey! We can help out in English here on Twitter, but we also have Chinese support via email at <url>.",,,,,,
c3_040,agent,t_1805129,Also.... WTH? <url>,WTH Adult lyrics on children's station!? Read: <url>,"@user Hey Stephane, that's not cool. We'd recommend making sure Autoplay is turned off, which you can read about here: <url>",,,,,,
c3_040,agent,t_2504232,Also.... WTH? <url>,"bring back the preview option, that option was amazing man wth",@user Hey! We have more info about this here: <url>. Give us a shout if you have any questions,,,,,,
c3_040,agent,t_1147706,Also.... WTH? <url>,"My keeps on stop playing music every few songs, wth","@user Hey, help's here! Can you let us know your device, operating system, and Spotify version? We'll see what we can suggest",,,,,,
c3_040,agent,t_2480259,Also.... WTH? <url>,Hello. New member. Why is BLUEGRASS not a category? No playlist either? Have to search by artist/album. WTH? tu,"@user We hear you, Christina! Your feedback has been noted and passed onto the team 👊🏼",,,,,,
c3_040,agent,t_1306513,Also.... WTH? <url>,"Hey WTH is going on with your web player? Keep getting ""Oooops, something went wrong with the playback. Reload"" every 2nd song?!?!",@user Hey there! Can you try using an incognito window or a different browser to see if it helps? Let us know how it goes,,,,,,
c3_041,agent,t_1675763,why is hello by seventeen blocked when the rest of their album isn’t can you unblock it that’s just rude .,I can’t get Hello by Seventeen on their new album. Its the only one that isn’t there,@user Hi Sam! Sometimes content is unavailable due to licensing matters. More info about this here: <url>,,,,,,
c3_041,agent,t_1709579,why is hello by seventeen blocked when the rest of their album isn’t can you unblock it that’s just rude .,why isnt hello playing on seventeen’s album? i need to hear their angelic voices asap,@user Hey Irene! Can you let us know the country your account is currently set to? We'll have a look,,,,,,
c3_041,agent,t_2110225,why is hello by seventeen blocked when the rest of their album isn’t can you unblock it that’s just rude .,"the song “Hello” on the SEVENTEEN album Teen,Age isn’t available for play. Is there a specific reason why?","@user 1: Hey! Can you fire over the Spotify URI? Just right-click the track > Share > URI. If you're on mobile, send us the Song Link instead.",,,,,,
c3_041,agent,t_1670411,why is hello by seventeen blocked when the rest of their album isn’t can you unblock it that’s just rude .,add “hello” to seventeen’s new album >:(,"@user Hi! Sometimes content is not included due to licensing, but we hope to have it soon: <url>",,,,,,
c3_041,agent,t_1917219,why is hello by seventeen blocked when the rest of their album isn’t can you unblock it that’s just rude .,why won’t you let us listen to Hello by Seventeen,@user Hey there! Can you let us know which country your Spotify account is set to? We'll see what we can suggest,,,,,,
c3_041,agent,t_173600,why is hello by seventeen blocked when the rest of their album isn’t can you unblock it that’s just rude .,why isn’t Bad Enough For You by @user on Spotify? You have the rest of Dirty Work?,"@user @user Hey Colette! We’d love to have all of their stuff available, but we have some info about content here: <url>. Hope this explains it",,,,,,
c3_041,quality,t_1675763,why is hello by seventeen blocked when the rest of their album isn’t can you unblock it that’s just rude .,I can’t get Hello by Seventeen on their new album. Its the only one that isn’t there,@user Hi Sam! Sometimes content is unavailable due to licensing matters. More info about this here: <url>,,,,,,
c3_041,quality,t_1709579,why is hello by seventeen blocked when the rest of their album isn’t can you unblock it that’s just rude .,why isnt hello playing on seventeen’s album? i need to hear their angelic voices asap,@user Hey Irene! Can you let us know the country your account is currently set to? We'll have a look,,,,,,
c3_041,quality,t_2110225,why is hello by seventeen blocked when the rest of their album isn’t can you unblock it that’s just rude .,"the song “Hello” on the SEVENTEEN album Teen,Age isn’t available for play. Is there a specific reason why?","@user 1: Hey! Can you fire over the Spotify URI? Just right-click the track > Share > URI. If you're on mobile, send us the Song Link instead.",,,,,,
c3_041,quality,t_1670411,why is hello by seventeen blocked when the rest of their album isn’t can you unblock it that’s just rude .,add “hello” to seventeen’s new album >:(,"@user Hi! Sometimes content is not included due to licensing, but we hope to have it soon: <url>",,,,,,
c3_041,quality,t_1917219,why is hello by seventeen blocked when the rest of their album isn’t can you unblock it that’s just rude .,why won’t you let us listen to Hello by Seventeen,@user Hey there! Can you let us know which country your Spotify account is set to? We'll see what we can suggest,,,,,,
c3_041,quality,t_173600,why is hello by seventeen blocked when the rest of their album isn’t can you unblock it that’s just rude .,why isn’t Bad Enough For You by @user on Spotify? You have the rest of Dirty Work?,"@user @user Hey Colette! We’d love to have all of their stuff available, but we have some info about content here: <url>. Hope this explains it",,,,,,
c3_041,quality,current:contact,why is hello by seventeen blocked when the rest of their album isn’t can you unblock it that’s just rude .,Need official human support,Spotify's contact page offers messaging with customer support. The assistant cannot contact staff or access accounts.,,,,,,
c3_041,quality,current:playback,why is hello by seventeen blocked when the rest of their album isn’t can you unblock it that’s just rude .,Technical trouble playing Spotify,"For playback or app technical problems, restart or update the app. Reinstalling requires downloading offline music and podcasts again. These steps do not answer playlist editing, catalog, billing or feature questions.",,,,,,
c3_041,quality,policy:clarification,why is hello by seventeen blocked when the rest of their album isn’t can you unblock it that’s just rude .,Missing diagnostic context,"Cadence's reviewed response policy permits a specific, relevant question about the affected feature, device, app version or exact error. Never repeat information already supplied or ask for private account details. A question is not a resolution.",,,,,,
c3_042,quality,t_1988805,put back Player - Baby Come Back on spotify im begging you PLEASe,y'all still don't got baby come back on the baby come back album by player wtf,"@user Hey, help's here! Can you DM us your account's email address and the country you're in right now? We'll check backstage <url>",,,,,,
c3_042,quality,t_2066352,put back Player - Baby Come Back on spotify im begging you PLEASe,WHERE DID BABY COME BACK BY NO MERCY GO WHAT THE FUCK YALL,@user Hey there! Sometimes content gets removed because of licensing or other legal issues. Hopefully we'll have it available again soon,,,,,,
c3_042,quality,t_998486,put back Player - Baby Come Back on spotify im begging you PLEASe,Please put Julion Alvarez's songs back on Spotify,@user Hey Jenny! Thanks for reaching out. There's some info on Spotify content here: <url>,,,,,,
c3_042,quality,t_497718,put back Player - Baby Come Back on spotify im begging you PLEASe,please put @user 's Royalty on Spotify. Please and thanks,"@user Hey there! We’ve got some info about mixtapes here: <url>. If you ever need anything else, just shout and we'll come running 🏃",,,,,,
c3_042,quality,t_406694,put back Player - Baby Come Back on spotify im begging you PLEASe,HI CAN U BRING BACK THE TOUCH PREVIEW I'M BEGGING,@user Hey! We have more info about this here: <url>. Give us a shout if you have any questions,,,,,,
c3_042,quality,t_2690055,put back Player - Baby Come Back on spotify im begging you PLEASe,hi please put black silk by @user back on spotify pls & thx,"@user Fingers crossed we'll be able to have it soon, but there's info about Spotify content here: <url>",,,,,,
c3_042,quality,current:contact,put back Player - Baby Come Back on spotify im begging you PLEASe,Need official human support,Spotify's contact page offers messaging with customer support. The assistant cannot contact staff or access accounts.,,,,,,
c3_042,quality,current:playback,put back Player - Baby Come Back on spotify im begging you PLEASe,Technical trouble playing Spotify,"For playback or app technical problems, restart or update the app. Reinstalling requires downloading offline music and podcasts again. These steps do not answer playlist editing, catalog, billing or feature questions.",,,,,,
c3_042,quality,policy:clarification,put back Player - Baby Come Back on spotify im begging you PLEASe,Missing diagnostic context,"Cadence's reviewed response policy permits a specific, relevant question about the affected feature, device, app version or exact error. Never repeat information already supplied or ask for private account details. A question is not a resolution.",,,,,,
c3_042,agent,t_1988805,put back Player - Baby Come Back on spotify im begging you PLEASe,y'all still don't got baby come back on the baby come back album by player wtf,"@user Hey, help's here! Can you DM us your account's email address and the country you're in right now? We'll check backstage <url>",,,,,,
c3_042,agent,t_2066352,put back Player - Baby Come Back on spotify im begging you PLEASe,WHERE DID BABY COME BACK BY NO MERCY GO WHAT THE FUCK YALL,@user Hey there! Sometimes content gets removed because of licensing or other legal issues. Hopefully we'll have it available again soon,,,,,,
c3_042,agent,t_998486,put back Player - Baby Come Back on spotify im begging you PLEASe,Please put Julion Alvarez's songs back on Spotify,@user Hey Jenny! Thanks for reaching out. There's some info on Spotify content here: <url>,,,,,,
c3_042,agent,t_497718,put back Player - Baby Come Back on spotify im begging you PLEASe,please put @user 's Royalty on Spotify. Please and thanks,"@user Hey there! We’ve got some info about mixtapes here: <url>. If you ever need anything else, just shout and we'll come running 🏃",,,,,,
c3_042,agent,t_406694,put back Player - Baby Come Back on spotify im begging you PLEASe,HI CAN U BRING BACK THE TOUCH PREVIEW I'M BEGGING,@user Hey! We have more info about this here: <url>. Give us a shout if you have any questions,,,,,,
c3_042,agent,t_2690055,put back Player - Baby Come Back on spotify im begging you PLEASe,hi please put black silk by @user back on spotify pls & thx,"@user Fingers crossed we'll be able to have it soon, but there's info about Spotify content here: <url>",,,,,,
c3_043,agent,t_2289030,Spotify has a “Stranger Things Mode” and I’m so confused?????? What does that even mean <url>,"I’m confused, what does this mean?? <url>",@user 1: Hey there! The Stranger Things Mode is in partnership with Netflix to promote the latest season of Stranger Things.,,,,,,
c3_043,agent,t_2289027,Spotify has a “Stranger Things Mode” and I’m so confused?????? What does that even mean <url>,what does this even mean <url>,@user 1: Hey there! The Stranger Things Mode is in partnership with Netflix to promote the latest season of Stranger Things.,,,,,,
c3_043,agent,t_2412702,Spotify has a “Stranger Things Mode” and I’m so confused?????? What does that even mean <url>,i’m confused <url>,@user Hey Joaquin! The Stranger Things Mode is an easter egg feature that adds some animation to your app. Hope you like it 🙂,,,,,,
c3_043,agent,t_2461412,Spotify has a “Stranger Things Mode” and I’m so confused?????? What does that even mean <url>,What does this mean 🧐🧐🧐 <url>,@user Hey Daniela! The Stranger Things Mode is an easter egg feature that adds some visual effects to your app. Hope this info helps,,,,,,
c3_043,agent,t_2297576,Spotify has a “Stranger Things Mode” and I’m so confused?????? What does that even mean <url>,What is Stranger Things Mode? 😮 @user <url>,@user Hey! The Stranger Things Mode is in partnership with Netflix to promote the latest season of Stranger Things. Hope this helps 😉,,,,,,
c3_043,agent,t_1915270,Spotify has a “Stranger Things Mode” and I’m so confused?????? What does that even mean <url>,what is Stranger Things mode?,@user Hey Ian! The Stranger Things Mode is in partnership with Netflix to promote the latest season of Stranger Things. This will change the look of your app while playing any Stranger Things playlist curated by Spotify. Experience it here: <url>,,,,,,
c3_043,quality,current:contact,Spotify has a “Stranger Things Mode” and I’m so confused?????? What does that even mean <url>,Need official human support,Spotify's contact page offers messaging with customer support. The assistant cannot contact staff or access accounts.,,,,,,
c3_044,quality,t_2203736,"your web player doesn't PLAY. Chrome browser cleared cache, cookies, history, etc. It loads, but won't play =\",the web player won't play on Chrome and Firefox. It is stuck on advertisement,"@user Hi Chris, help's here! Does clearing your browser's cache/cookies and refreshing help? Keep us posted",,,,,,
c3_044,quality,t_1695220,"your web player doesn't PLAY. Chrome browser cleared cache, cookies, history, etc. It loads, but won't play =\","The Spotify web player is not working in Google Chrome. Sends me to a ""Bad Request"" page.",@user Hi Charlie! We're here to lend a hand. Does clearing your browser's cache/cookies help?,,,,,,
c3_044,quality,t_1888529,"your web player doesn't PLAY. Chrome browser cleared cache, cookies, history, etc. It loads, but won't play =\",Spotify web player seems broken. Won't play anything in my browser (newest chrome on a chromebook). Was fine a couple of days ago.,"@user Hey, help's here. Does clearing your cache/cookies help? You might also want to try using an incognito window. Let us know how it goes",,,,,,
c3_044,quality,t_1321238,"your web player doesn't PLAY. Chrome browser cleared cache, cookies, history, etc. It loads, but won't play =\",can help how to solve this..?? i play on web player everything's fine.. <url>,@user Hi Indriani! Help's here. Can you try clearing your browser's cache/cookies and refreshing? Keep us posted,,,,,,
c3_044,quality,t_2027987,"your web player doesn't PLAY. Chrome browser cleared cache, cookies, history, etc. It loads, but won't play =\",Hey I've been trying to play music in web browser but it's frozen on a 15 second ad that won't play. Any suggestions?,"@user Hey Seth! What device and browser are you using? Also, have you tried using a different browser or clearing your cache and cookies?",,,,,,
c3_044,quality,t_1831319,"your web player doesn't PLAY. Chrome browser cleared cache, cookies, history, etc. It loads, but won't play =\",web-player not working on any browser (chrome / edge). Are you aware of problems?,@user Hey Justin! Does clearing your cache/cookies help? You might also want to try using an incognito window. Let us know how it goes,,,,,,
c3_044,quality,current:contact,"your web player doesn't PLAY. Chrome browser cleared cache, cookies, history, etc. It loads, but won't play =\",Need official human support,Spotify's contact page offers messaging with customer support. The assistant cannot contact staff or access accounts.,,,,,,
c3_044,quality,current:playback,"your web player doesn't PLAY. Chrome browser cleared cache, cookies, history, etc. It loads, but won't play =\",Technical trouble playing Spotify,"For playback or app technical problems, restart or update the app. Reinstalling requires downloading offline music and podcasts again. These steps do not answer playlist editing, catalog, billing or feature questions.",,,,,,
c3_044,quality,policy:clarification,"your web player doesn't PLAY. Chrome browser cleared cache, cookies, history, etc. It loads, but won't play =\",Missing diagnostic context,"Cadence's reviewed response policy permits a specific, relevant question about the affected feature, device, app version or exact error. Never repeat information already supplied or ask for private account details. A question is not a resolution.",,,,,,
c3_044,agent,t_2203736,"your web player doesn't PLAY. Chrome browser cleared cache, cookies, history, etc. It loads, but won't play =\",the web player won't play on Chrome and Firefox. It is stuck on advertisement,"@user Hi Chris, help's here! Does clearing your browser's cache/cookies and refreshing help? Keep us posted",,,,,,
c3_044,agent,t_1695220,"your web player doesn't PLAY. Chrome browser cleared cache, cookies, history, etc. It loads, but won't play =\","The Spotify web player is not working in Google Chrome. Sends me to a ""Bad Request"" page.",@user Hi Charlie! We're here to lend a hand. Does clearing your browser's cache/cookies help?,,,,,,
c3_044,agent,t_1888529,"your web player doesn't PLAY. Chrome browser cleared cache, cookies, history, etc. It loads, but won't play =\",Spotify web player seems broken. Won't play anything in my browser (newest chrome on a chromebook). Was fine a couple of days ago.,"@user Hey, help's here. Does clearing your cache/cookies help? You might also want to try using an incognito window. Let us know how it goes",,,,,,
c3_044,agent,t_1321238,"your web player doesn't PLAY. Chrome browser cleared cache, cookies, history, etc. It loads, but won't play =\",can help how to solve this..?? i play on web player everything's fine.. <url>,@user Hi Indriani! Help's here. Can you try clearing your browser's cache/cookies and refreshing? Keep us posted,,,,,,
c3_044,agent,t_2027987,"your web player doesn't PLAY. Chrome browser cleared cache, cookies, history, etc. It loads, but won't play =\",Hey I've been trying to play music in web browser but it's frozen on a 15 second ad that won't play. Any suggestions?,"@user Hey Seth! What device and browser are you using? Also, have you tried using a different browser or clearing your cache and cookies?",,,,,,
c3_044,agent,t_1831319,"your web player doesn't PLAY. Chrome browser cleared cache, cookies, history, etc. It loads, but won't play =\",web-player not working on any browser (chrome / edge). Are you aware of problems?,@user Hey Justin! Does clearing your cache/cookies help? You might also want to try using an incognito window. Let us know how it goes,,,,,,
c3_045,agent,t_2568987,I literally have over 2000 songs on one of my playlists but how come only the same like 50 songs always play????,can you plz update your 2000's radio. Love the songs but I'm tired of hearing the same ones over and over 🙄🙄🙄,"@user Hey! Our Curation team are independent & use taste, data, research, and trends to create playlists, but we’ll pass on your suggestion",,,,,,
c3_045,agent,t_2125228,I literally have over 2000 songs on one of my playlists but how come only the same like 50 songs always play????,Yo how come I’ve added hundreds of songs to my playlist but when i hit shuffle you always play me the SAME SONGS?? Plz fixxx,@user Hi there! We’ve recently made some improvements to our shuffle algorithm. We’d love to hear your feedback here: <url>,,,,,,
c3_045,agent,t_2251370,I literally have over 2000 songs on one of my playlists but how come only the same like 50 songs always play????,"Are the “Daily Mix” playlists supposed to change literally daily? Because whenever I click on them, the songs are almost always the same songs in the same order.","@user 1: Hi there! Daily Mix serves up unique mixes based on aspects of your music taste. You’ll mainly hear tunes you already love, but a...",,,,,,
c3_045,agent,t_1898809,I literally have over 2000 songs on one of my playlists but how come only the same like 50 songs always play????,why do I always have the same songs come up on a nearly 1K songs playlist ??? #annoying,@user Hey! We’ve recently made some improvements to our shuffle algorithm. We’d love to hear your feedback here: <url>,,,,,,
c3_045,agent,t_1187876,I literally have over 2000 songs on one of my playlists but how come only the same like 50 songs always play????,I have a playlist with almost 700 songs but only plays about 50 even when shuffle all. Why?,@user Hey! We’ve recently made some improvements to our shuffle algorithm. We’d love to hear your feedback here: <url>,,,,,,
c3_045,agent,t_166638,I literally have over 2000 songs on one of my playlists but how come only the same like 50 songs always play????,"the ""Time Capsule"" playlist you made for me is great but it's ALL songs on my main playlist that just never come up on shuffle. Why do the same 20-25 songs ALWAYS play?","@user Hey there! Thanks for the feedback. Your Time Capsule is made of personalised content uniquely created based on your previous listening patterns. Just to check, are you experiencing issues with the Shuffle feature on all of your playlists?",,,,,,
c3_045,quality,t_2568987,I literally have over 2000 songs on one of my playlists but how come only the same like 50 songs always play????,can you plz update your 2000's radio. Love the songs but I'm tired of hearing the same ones over and over 🙄🙄🙄,"@user Hey! Our Curation team are independent & use taste, data, research, and trends to create playlists, but we’ll pass on your suggestion",,,,,,
c3_045,quality,t_2125228,I literally have over 2000 songs on one of my playlists but how come only the same like 50 songs always play????,Yo how come I’ve added hundreds of songs to my playlist but when i hit shuffle you always play me the SAME SONGS?? Plz fixxx,@user Hi there! We’ve recently made some improvements to our shuffle algorithm. We’d love to hear your feedback here: <url>,,,,,,
c3_045,quality,t_2251370,I literally have over 2000 songs on one of my playlists but how come only the same like 50 songs always play????,"Are the “Daily Mix” playlists supposed to change literally daily? Because whenever I click on them, the songs are almost always the same songs in the same order.","@user 1: Hi there! Daily Mix serves up unique mixes based on aspects of your music taste. You’ll mainly hear tunes you already love, but a...",,,,,,
c3_045,quality,t_1898809,I literally have over 2000 songs on one of my playlists but how come only the same like 50 songs always play????,why do I always have the same songs come up on a nearly 1K songs playlist ??? #annoying,@user Hey! We’ve recently made some improvements to our shuffle algorithm. We’d love to hear your feedback here: <url>,,,,,,
c3_045,quality,t_1187876,I literally have over 2000 songs on one of my playlists but how come only the same like 50 songs always play????,I have a playlist with almost 700 songs but only plays about 50 even when shuffle all. Why?,@user Hey! We’ve recently made some improvements to our shuffle algorithm. We’d love to hear your feedback here: <url>,,,,,,
c3_045,quality,t_166638,I literally have over 2000 songs on one of my playlists but how come only the same like 50 songs always play????,"the ""Time Capsule"" playlist you made for me is great but it's ALL songs on my main playlist that just never come up on shuffle. Why do the same 20-25 songs ALWAYS play?","@user Hey there! Thanks for the feedback. Your Time Capsule is made of personalised content uniquely created based on your previous listening patterns. Just to check, are you experiencing issues with the Shuffle feature on all of your playlists?",,,,,,
c3_045,quality,current:contact,I literally have over 2000 songs on one of my playlists but how come only the same like 50 songs always play????,Need official human support,Spotify's contact page offers messaging with customer support. The assistant cannot contact staff or access accounts.,,,,,,
c3_045,quality,current:playback,I literally have over 2000 songs on one of my playlists but how come only the same like 50 songs always play????,Technical trouble playing Spotify,"For playback or app technical problems, restart or update the app. Reinstalling requires downloading offline music and podcasts again. These steps do not answer playlist editing, catalog, billing or feature questions.",,,,,,
c3_045,quality,policy:clarification,I literally have over 2000 songs on one of my playlists but how come only the same like 50 songs always play????,Missing diagnostic context,"Cadence's reviewed response policy permits a specific, relevant question about the affected feature, device, app version or exact error. Never repeat information already supplied or ask for private account details. A question is not a resolution.",,,,,,
c3_046,quality,t_2832296,Yo @user. How do you create your own artist page on Spotify and get access to it? I'm tryna upload sum music on there,How do I set up a profile as an artist on Spotify? I can't seem to figure it out - stuck in a loop of forums yo!,"@user Hey there! Just to check, are you trying to access your artist profile or get your own music on Spotify?",,,,,,
c3_046,quality,t_380261,Yo @user. How do you create your own artist page on Spotify and get access to it? I'm tryna upload sum music on there,I been trying to create an artist page but it won't allow me too can you help,"@user Hey! Can you tell us more about what's happening? Just to confirm, are you trying to get your own music to Spotify?",,,,,,
c3_046,quality,t_835600,Yo @user. How do you create your own artist page on Spotify and get access to it? I'm tryna upload sum music on there,. How do I get verified on Spotify? I already have my music on there.,"@user Hey! You can access your artist profile with Spotify for Artists. If you don’t have access yet, request it at <url>",,,,,,
c3_046,quality,t_2765073,Yo @user. How do you create your own artist page on Spotify and get access to it? I'm tryna upload sum music on there,"how do i get a artist page to get streaming rights im music producer artist performer song writer , need to get streamlined for access to post beats for life ima be maken music forever so help me",@user Hi there! Our friends in Artist Support are the right folks to help with this. You can get in touch with them here: <url>. Let us know if you need anything else,,,,,,
c3_046,quality,t_2776172,Yo @user. How do you create your own artist page on Spotify and get access to it? I'm tryna upload sum music on there,I claimed my artist image but when I log in I’m on a page I started before I knew about my artist page. How do I get into my artist page?,"@user Hi Darrell! Just to check, have you already requested access to your artist profile at <url>? If so, can you send us the email address you've used?",,,,,,
c3_046,quality,t_2822722,Yo @user. How do you create your own artist page on Spotify and get access to it? I'm tryna upload sum music on there,@user how do I get an artist's profile coz what am getting is not what I signed up for.....,"@user @user Hey! Your artist profile is created when your music's uploaded to the service. If your music is on the wrong artist profile, could you DM us a list of your releases? <url>",,,,,,
c3_046,quality,current:contact,Yo @user. How do you create your own artist page on Spotify and get access to it? I'm tryna upload sum music on there,Need official human support,Spotify's contact page offers messaging with customer support. The assistant cannot contact staff or access accounts.,,,,,,
c3_046,quality,current:playback,Yo @user. How do you create your own artist page on Spotify and get access to it? I'm tryna upload sum music on there,Technical trouble playing Spotify,"For playback or app technical problems, restart or update the app. Reinstalling requires downloading offline music and podcasts again. These steps do not answer playlist editing, catalog, billing or feature questions.",,,,,,
c3_046,quality,policy:clarification,Yo @user. How do you create your own artist page on Spotify and get access to it? I'm tryna upload sum music on there,Missing diagnostic context,"Cadence's reviewed response policy permits a specific, relevant question about the affected feature, device, app version or exact error. Never repeat information already supplied or ask for private account details. A question is not a resolution.",,,,,,
c3_046,agent,t_2832296,Yo @user. How do you create your own artist page on Spotify and get access to it? I'm tryna upload sum music on there,How do I set up a profile as an artist on Spotify? I can't seem to figure it out - stuck in a loop of forums yo!,"@user Hey there! Just to check, are you trying to access your artist profile or get your own music on Spotify?",,,,,,
c3_046,agent,t_380261,Yo @user. How do you create your own artist page on Spotify and get access to it? I'm tryna upload sum music on there,I been trying to create an artist page but it won't allow me too can you help,"@user Hey! Can you tell us more about what's happening? Just to confirm, are you trying to get your own music to Spotify?",,,,,,
c3_046,agent,t_835600,Yo @user. How do you create your own artist page on Spotify and get access to it? I'm tryna upload sum music on there,. How do I get verified on Spotify? I already have my music on there.,"@user Hey! You can access your artist profile with Spotify for Artists. If you don’t have access yet, request it at <url>",,,,,,
c3_046,agent,t_2765073,Yo @user. How do you create your own artist page on Spotify and get access to it? I'm tryna upload sum music on there,"how do i get a artist page to get streaming rights im music producer artist performer song writer , need to get streamlined for access to post beats for life ima be maken music forever so help me",@user Hi there! Our friends in Artist Support are the right folks to help with this. You can get in touch with them here: <url>. Let us know if you need anything else,,,,,,
c3_046,agent,t_2776172,Yo @user. How do you create your own artist page on Spotify and get access to it? I'm tryna upload sum music on there,I claimed my artist image but when I log in I’m on a page I started before I knew about my artist page. How do I get into my artist page?,"@user Hi Darrell! Just to check, have you already requested access to your artist profile at <url>? If so, can you send us the email address you've used?",,,,,,
c3_046,agent,t_2822722,Yo @user. How do you create your own artist page on Spotify and get access to it? I'm tryna upload sum music on there,@user how do I get an artist's profile coz what am getting is not what I signed up for.....,"@user @user Hey! Your artist profile is created when your music's uploaded to the service. If your music is on the wrong artist profile, could you DM us a list of your releases? <url>",,,,,,
c3_047,agent,t_1769558,it won't let me tap to watch the video. This happens frequently. Help :) <url>,I Know About You Don’t Support Video Anymore But I Have Movies That I Would Like To Watch Can You Help Me?,"@user Hey Gregory! Just to check, do you mean music videos? If so, can you let us know the device/OS you're using?",,,,,,
c3_047,agent,t_1989377,it won't let me tap to watch the video. This happens frequently. Help :) <url>,Want a break from the ads? Watch this short video for 30 minutes of ad free music!,@user Hey there! Are you having trouble with the video ads for ad free music? Could you send us some details about what's happening?,,,,,,
c3_047,agent,t_1951379,it won't let me tap to watch the video. This happens frequently. Help :) <url>,video ads with sound playing frequently over the top of current tracks is poor form. Happening every couple of minutes...,"@user Hey, that's not fun! Just to check, did the app crash at any point during the 30 minutes? That can cause the ad-free time to reset",,,,,,
c3_047,agent,t_1261036,it won't let me tap to watch the video. This happens frequently. Help :) <url>,@user ... the link sel tweeted is broken and the video won't load on the app ether . #WOLVES #HELP <url>,"@user Hey! Currently, the video is only available in the US, but you can enjoy the single here: <url>",,,,,,
c3_047,agent,t_2484415,it won't let me tap to watch the video. This happens frequently. Help :) <url>,"I wouldn’t watch a video show on but I would watch a Music video. Sometimes you want to see the artist & right now, you have to leave & go to YouTube","@user Hey there. We're always testing new types of content, and we'll be evolving our video offerings over time. Thanks for the feedback – we appreciate it!",,,,,,
c3_047,agent,t_1876121,it won't let me tap to watch the video. This happens frequently. Help :) <url>,The @user Outshined video is no longer available. Is there an archive for Rock This: Original Videos to watch old ones?,"@user Hi Zain! We're afraid we're unable to recover the videos before the playlist was updated, but we'll pass your feedback to the right team",,,,,,
c3_047,quality,t_1769558,it won't let me tap to watch the video. This happens frequently. Help :) <url>,I Know About You Don’t Support Video Anymore But I Have Movies That I Would Like To Watch Can You Help Me?,"@user Hey Gregory! Just to check, do you mean music videos? If so, can you let us know the device/OS you're using?",,,,,,
c3_047,quality,t_1989377,it won't let me tap to watch the video. This happens frequently. Help :) <url>,Want a break from the ads? Watch this short video for 30 minutes of ad free music!,@user Hey there! Are you having trouble with the video ads for ad free music? Could you send us some details about what's happening?,,,,,,
c3_047,quality,t_1951379,it won't let me tap to watch the video. This happens frequently. Help :) <url>,video ads with sound playing frequently over the top of current tracks is poor form. Happening every couple of minutes...,"@user Hey, that's not fun! Just to check, did the app crash at any point during the 30 minutes? That can cause the ad-free time to reset",,,,,,
c3_047,quality,t_1261036,it won't let me tap to watch the video. This happens frequently. Help :) <url>,@user ... the link sel tweeted is broken and the video won't load on the app ether . #WOLVES #HELP <url>,"@user Hey! Currently, the video is only available in the US, but you can enjoy the single here: <url>",,,,,,
c3_047,quality,t_2484415,it won't let me tap to watch the video. This happens frequently. Help :) <url>,"I wouldn’t watch a video show on but I would watch a Music video. Sometimes you want to see the artist & right now, you have to leave & go to YouTube","@user Hey there. We're always testing new types of content, and we'll be evolving our video offerings over time. Thanks for the feedback – we appreciate it!",,,,,,
c3_047,quality,t_1876121,it won't let me tap to watch the video. This happens frequently. Help :) <url>,The @user Outshined video is no longer available. Is there an archive for Rock This: Original Videos to watch old ones?,"@user Hi Zain! We're afraid we're unable to recover the videos before the playlist was updated, but we'll pass your feedback to the right team",,,,,,
c3_047,quality,current:contact,it won't let me tap to watch the video. This happens frequently. Help :) <url>,Need official human support,Spotify's contact page offers messaging with customer support. The assistant cannot contact staff or access accounts.,,,,,,
c3_047,quality,current:playback,it won't let me tap to watch the video. This happens frequently. Help :) <url>,Technical trouble playing Spotify,"For playback or app technical problems, restart or update the app. Reinstalling requires downloading offline music and podcasts again. These steps do not answer playlist editing, catalog, billing or feature questions.",,,,,,
c3_047,quality,policy:clarification,it won't let me tap to watch the video. This happens frequently. Help :) <url>,Missing diagnostic context,"Cadence's reviewed response policy permits a specific, relevant question about the affected feature, device, app version or exact error. Never repeat information already supplied or ask for private account details. A question is not a resolution.",,,,,,
c3_048,quality,t_2259693,Hi. Just wondering why The Singer by Ty Segall seems to be unavailable? Thanks :),tell me why im listening to 21 savage and some dumbass country singer commercial comes on fuck all that bull shit,@user Hey there! You can show your support for ads that are better suited to you by voting here: <url>,,,,,,
c3_048,quality,t_1934833,Hi. Just wondering why The Singer by Ty Segall seems to be unavailable? Thanks :),"Hi can you guys add In Your Phone by Ty Dolla Sign and Lauren Jauregui, also Por Favor by Pitbull to Top Hits Philippines playlist <url>","@user Hey there! Thanks for the request. Our Curation team are independent, but we’ll pass on your suggestion. Anything else, let us know 🙂",,,,,,
c3_048,quality,t_1007950,Hi. Just wondering why The Singer by Ty Segall seems to be unavailable? Thanks :),petition for to add born singer by @user on spotify.,"@user Hey there, we’ll have it available to you as soon as it’s available to us! More info here: <url>",,,,,,
c3_048,quality,t_1872899,Hi. Just wondering why The Singer by Ty Segall seems to be unavailable? Thanks :),Please pick up the SuperSlimey tape by future and young thug. IT out now :3 ty!!!!!!1,@user Hey there! Thanks for the request. We’ll have it available to you as soon as it’s available to us. More info at <url>,,,,,,
c3_048,quality,t_1810627,Hi. Just wondering why The Singer by Ty Segall seems to be unavailable? Thanks :),. i'm still waiting for Born Singer by @user to be available on spotify,@user Hey there! We’ll have it available to you as soon as it’s available to us. You can find more info here <url>,,,,,,
c3_048,quality,t_708990,Hi. Just wondering why The Singer by Ty Segall seems to be unavailable? Thanks :),Hey Guys i am having troubles making a group playlist with my friends and the web pages dont seem to help... plz send halp ty,@user Hi Aaron! Help's here. Can you let us know what's happening exactly? Sending us a screenshot would be great,,,,,,
c3_048,quality,current:contact,Hi. Just wondering why The Singer by Ty Segall seems to be unavailable? Thanks :),Need official human support,Spotify's contact page offers messaging with customer support. The assistant cannot contact staff or access accounts.,,,,,,
c3_048,quality,current:playback,Hi. Just wondering why The Singer by Ty Segall seems to be unavailable? Thanks :),Technical trouble playing Spotify,"For playback or app technical problems, restart or update the app. Reinstalling requires downloading offline music and podcasts again. These steps do not answer playlist editing, catalog, billing or feature questions.",,,,,,
c3_048,quality,policy:clarification,Hi. Just wondering why The Singer by Ty Segall seems to be unavailable? Thanks :),Missing diagnostic context,"Cadence's reviewed response policy permits a specific, relevant question about the affected feature, device, app version or exact error. Never repeat information already supplied or ask for private account details. A question is not a resolution.",,,,,,
c3_048,agent,t_2259693,Hi. Just wondering why The Singer by Ty Segall seems to be unavailable? Thanks :),tell me why im listening to 21 savage and some dumbass country singer commercial comes on fuck all that bull shit,@user Hey there! You can show your support for ads that are better suited to you by voting here: <url>,,,,,,
c3_048,agent,t_1934833,Hi. Just wondering why The Singer by Ty Segall seems to be unavailable? Thanks :),"Hi can you guys add In Your Phone by Ty Dolla Sign and Lauren Jauregui, also Por Favor by Pitbull to Top Hits Philippines playlist <url>","@user Hey there! Thanks for the request. Our Curation team are independent, but we’ll pass on your suggestion. Anything else, let us know 🙂",,,,,,
c3_048,agent,t_1007950,Hi. Just wondering why The Singer by Ty Segall seems to be unavailable? Thanks :),petition for to add born singer by @user on spotify.,"@user Hey there, we’ll have it available to you as soon as it’s available to us! More info here: <url>",,,,,,
c3_048,agent,t_1872899,Hi. Just wondering why The Singer by Ty Segall seems to be unavailable? Thanks :),Please pick up the SuperSlimey tape by future and young thug. IT out now :3 ty!!!!!!1,@user Hey there! Thanks for the request. We’ll have it available to you as soon as it’s available to us. More info at <url>,,,,,,
c3_048,agent,t_1810627,Hi. Just wondering why The Singer by Ty Segall seems to be unavailable? Thanks :),. i'm still waiting for Born Singer by @user to be available on spotify,@user Hey there! We’ll have it available to you as soon as it’s available to us. You can find more info here <url>,,,,,,
c3_048,agent,t_708990,Hi. Just wondering why The Singer by Ty Segall seems to be unavailable? Thanks :),Hey Guys i am having troubles making a group playlist with my friends and the web pages dont seem to help... plz send halp ty,@user Hi Aaron! Help's here. Can you let us know what's happening exactly? Sending us a screenshot would be great,,,,,,
c3_049,agent,t_292967,You should add the option to see our most played songs,add a feature where we can see our most played songs and artists pleeeasseeeeee,"@user Hey Matt, we can see how that’d be useful! You can vote for the official idea here: <url>",,,,,,
c3_049,agent,t_2131426,You should add the option to see our most played songs,should add an option to be able to add our own personal files/songs to our playlists when we pay for premium,@user Hi Damian! You can add your local files to your playlists. More info here: <url>. Hope this helps,,,,,,
c3_049,agent,t_1815194,You should add the option to see our most played songs,Why doesn’t have a weekly chart of your most listened to songs. I’d love to see how my weeks events matched up to my most played.,@user Hey! This sounds like a great idea. Suggest it in our Community at <url> and get support from other users,,,,,,
c3_049,agent,t_269187,You should add the option to see our most played songs,"Yo can I PLEASE get a ""Remove song from playlist"" option on the main play screen next to the ""Add"" option?! #ItTakesForeverToDelete","@user Hey Saira! To help make this happen, add your support to the official idea here: <url>",,,,,,
c3_049,agent,t_1791085,You should add the option to see our most played songs,You guys should have a “skip this song” or a “never play” option in playlists. So many good playlists are ruined by a couple songs.,"@user Hey David, this sounds like a great idea! Suggest it in our Community at <url> and get support from other users",,,,,,
c3_049,agent,t_1959562,You should add the option to see our most played songs,should have an option to watch the music video when listening to music,@user Hey! Check out the official idea and add your vote to let our devs know it's something you'd like to see: <url>,,,,,,
c3_049,quality,t_292967,You should add the option to see our most played songs,add a feature where we can see our most played songs and artists pleeeasseeeeee,"@user Hey Matt, we can see how that’d be useful! You can vote for the official idea here: <url>",,,,,,
c3_049,quality,t_2131426,You should add the option to see our most played songs,should add an option to be able to add our own personal files/songs to our playlists when we pay for premium,@user Hi Damian! You can add your local files to your playlists. More info here: <url>. Hope this helps,,,,,,
c3_049,quality,t_1815194,You should add the option to see our most played songs,Why doesn’t have a weekly chart of your most listened to songs. I’d love to see how my weeks events matched up to my most played.,@user Hey! This sounds like a great idea. Suggest it in our Community at <url> and get support from other users,,,,,,
c3_049,quality,t_269187,You should add the option to see our most played songs,"Yo can I PLEASE get a ""Remove song from playlist"" option on the main play screen next to the ""Add"" option?! #ItTakesForeverToDelete","@user Hey Saira! To help make this happen, add your support to the official idea here: <url>",,,,,,
c3_049,quality,t_1791085,You should add the option to see our most played songs,You guys should have a “skip this song” or a “never play” option in playlists. So many good playlists are ruined by a couple songs.,"@user Hey David, this sounds like a great idea! Suggest it in our Community at <url> and get support from other users",,,,,,
c3_049,quality,t_1959562,You should add the option to see our most played songs,should have an option to watch the music video when listening to music,@user Hey! Check out the official idea and add your vote to let our devs know it's something you'd like to see: <url>,,,,,,
c3_049,quality,current:contact,You should add the option to see our most played songs,Need official human support,Spotify's contact page offers messaging with customer support. The assistant cannot contact staff or access accounts.,,,,,,
c3_049,quality,current:playback,You should add the option to see our most played songs,Technical trouble playing Spotify,"For playback or app technical problems, restart or update the app. Reinstalling requires downloading offline music and podcasts again. These steps do not answer playlist editing, catalog, billing or feature questions.",,,,,,
c3_049,quality,policy:clarification,You should add the option to see our most played songs,Missing diagnostic context,"Cadence's reviewed response policy permits a specific, relevant question about the affected feature, device, app version or exact error. Never repeat information already supplied or ask for private account details. A question is not a resolution.",,,,,,
c3_050,quality,t_1807211,"Hi there , is there a feature within the spotify app which shows me what i listened this whole year?",can you please add a feature to easily view song lyrics within phone app? 😀,"@user We hear you, Christine! At the moment, we'd recommend showing your support here: <url>. Hope this helps 🙂",,,,,,
c3_050,quality,t_853073,"Hi there , is there a feature within the spotify app which shows me what i listened this whole year?",Idea for : A search feature so you can find a song/artist within a specific playlist.,"@user Hi Kadin! This isn't possible right now, but you can show your support for the idea here: <url>",,,,,,
c3_050,quality,t_704802,"Hi there , is there a feature within the spotify app which shows me what i listened this whole year?","Hi Spotify, I love your service! I made a new Twitter to give this suggestion: I would love a simple, light messenger feature within the desktop application, so I can chat with my Spotify pals about the tunes we're listening to without leaving the app! Thank you <3","@user We hear you 🎧 Rest assured, your feedback will be passed on to the right folks",,,,,,
c3_050,quality,t_864502,"Hi there , is there a feature within the spotify app which shows me what i listened this whole year?",is there any kind of throwback feature ? where you can see what music you were listening to last year ?,"@user Hey Cara! This isn't possible at the moment, but we'll let the folks know you're interested to see this feature 🙂",,,,,,
c3_050,quality,t_2582661,"Hi there , is there a feature within the spotify app which shows me what i listened this whole year?",why doesn't spotify have a feature for what I was listening to this time last year so I can listen to it again now I'm not sick of it grr,@user Hey Ben! We can see how that’d be useful. You can vote for the official idea here: <url>,,,,,,
c3_050,quality,t_366669,"Hi there , is there a feature within the spotify app which shows me what i listened this whole year?",Hi @user is there a feature on iPhone app to see a playlist of most played songs within last X number of days?,"@user Hey there! It's currently not possible. Don't worry, we'll pass on the suggestion to our developers",,,,,,
c3_050,quality,current:contact,"Hi there , is there a feature within the spotify app which shows me what i listened this whole year?",Need official human support,Spotify's contact page offers messaging with customer support. The assistant cannot contact staff or access accounts.,,,,,,
c3_050,quality,current:playback,"Hi there , is there a feature within the spotify app which shows me what i listened this whole year?",Technical trouble playing Spotify,"For playback or app technical problems, restart or update the app. Reinstalling requires downloading offline music and podcasts again. These steps do not answer playlist editing, catalog, billing or feature questions.",,,,,,
c3_050,quality,policy:clarification,"Hi there , is there a feature within the spotify app which shows me what i listened this whole year?",Missing diagnostic context,"Cadence's reviewed response policy permits a specific, relevant question about the affected feature, device, app version or exact error. Never repeat information already supplied or ask for private account details. A question is not a resolution.",,,,,,
c3_050,agent,t_1807211,"Hi there , is there a feature within the spotify app which shows me what i listened this whole year?",can you please add a feature to easily view song lyrics within phone app? 😀,"@user We hear you, Christine! At the moment, we'd recommend showing your support here: <url>. Hope this helps 🙂",,,,,,
c3_050,agent,t_853073,"Hi there , is there a feature within the spotify app which shows me what i listened this whole year?",Idea for : A search feature so you can find a song/artist within a specific playlist.,"@user Hi Kadin! This isn't possible right now, but you can show your support for the idea here: <url>",,,,,,
c3_050,agent,t_704802,"Hi there , is there a feature within the spotify app which shows me what i listened this whole year?","Hi Spotify, I love your service! I made a new Twitter to give this suggestion: I would love a simple, light messenger feature within the desktop application, so I can chat with my Spotify pals about the tunes we're listening to without leaving the app! Thank you <3","@user We hear you 🎧 Rest assured, your feedback will be passed on to the right folks",,,,,,
c3_050,agent,t_864502,"Hi there , is there a feature within the spotify app which shows me what i listened this whole year?",is there any kind of throwback feature ? where you can see what music you were listening to last year ?,"@user Hey Cara! This isn't possible at the moment, but we'll let the folks know you're interested to see this feature 🙂",,,,,,
c3_050,agent,t_2582661,"Hi there , is there a feature within the spotify app which shows me what i listened this whole year?",why doesn't spotify have a feature for what I was listening to this time last year so I can listen to it again now I'm not sick of it grr,@user Hey Ben! We can see how that’d be useful. You can vote for the official idea here: <url>,,,,,,
c3_050,agent,t_366669,"Hi there , is there a feature within the spotify app which shows me what i listened this whole year?",Hi @user is there a feature on iPhone app to see a playlist of most played songs within last X number of days?,"@user Hey there! It's currently not possible. Don't worry, we'll pass on the suggestion to our developers",,,,,,
c3_051,agent,t_2346319,"Hi, I couldnt log in to my account twice this week. Changed my pass twice. Any issues known? Running iOS 11.2 beta.",using iOS 11.2 beta on iPhone 7 Plus. Spotify audio does not pause when headphones adapter is unplugged. Works correctly for other apps. Known? Annoying issue! Spotify version is 8.4.26.793,"@user Hey Demetrios, sorry to hear that. We'd always suggest using the latest official iOS version to make sure everything works smoothly",,,,,,
c3_051,agent,t_728846,"Hi, I couldnt log in to my account twice this week. Changed my pass twice. Any issues known? Running iOS 11.2 beta.",@user My Bluetooth headphones no longer respond to commands on iOS 11.0.2. Any known issues?,"@user Hey there! We don't officially support Bluetooth, but we'll try our best. Can you let us know the Spotify version you're rocking?",,,,,,
c3_051,agent,t_2855892,"Hi, I couldnt log in to my account twice this week. Changed my pass twice. Any issues known? Running iOS 11.2 beta.","whenever I’m on twitter and open a GIF, the music pauses. I’m on the iOS 11.2 public beta.","@user Hey there, help's here! Does logging out > restarting the device > logging back in help? Keep us posted",,,,,,
c3_051,agent,t_2725147,"Hi, I couldnt log in to my account twice this week. Changed my pass twice. Any issues known? Running iOS 11.2 beta.","I’m in the beta for Spotify on iOS, but I have not gained access to the beta community boards. It’s been a little over a week.","@user Hey Arne! Just to check, is this what your trying to access: <url>?",,,,,,
c3_051,agent,t_1861515,"Hi, I couldnt log in to my account twice this week. Changed my pass twice. Any issues known? Running iOS 11.2 beta.",on iOS 11.1 beta. The app won't open after todays update!,@user Hey there! We'd suggest using the latest official iOS version to make sure everything is working smoothly. Hope that clears things up,,,,,,
c3_051,agent,t_2259670,"Hi, I couldnt log in to my account twice this week. Changed my pass twice. Any issues known? Running iOS 11.2 beta.","On iOS 11.2 Beta 2 with #spotify 8.4.26.793, when I remove the headphones from my iPhone, the music keeps playing. This didn’t happen on other versions and also doesn’t happen on iOS Music app. Can you confirm this #bug?","@user Hey there! Don't worry, help's here. Just to check, could you let us know the iPhone model you're using? We'll see what we can suggest",,,,,,
c3_051,quality,current:contact,"Hi, I couldnt log in to my account twice this week. Changed my pass twice. Any issues known? Running iOS 11.2 beta.",Need official human support,Spotify's contact page offers messaging with customer support. The assistant cannot contact staff or access accounts.,,,,,,
c3_052,quality,current:contact,"Hi team, I registered Spotify when I was in London. But now I have moved back to China, so I always need to use VPN with a US IP to use spotify. Whenever I try to log in, it tells me I can't log in abroad. And I don't want to buy premium account all the time...",Need official human support,Spotify's contact page offers messaging with customer support. The assistant cannot contact staff or access accounts.,,,,,,
c3_052,agent,t_2368018,"Hi team, I registered Spotify when I was in London. But now I have moved back to China, so I always need to use VPN with a US IP to use spotify. Whenever I try to log in, it tells me I can't log in abroad. And I don't want to buy premium account all the time...",I am GOING NUTS! I've been trying to log into my account because I want to upgrade it to a premium account. It tells me I can't log in using FB when I try to login the FB way. Then I try to reset the password & tells me I can't do that be because I must use my FB! #HELP,@user Hi there! We'd suggest deleting the screenshot you sent as it has your private info. Can you DM us your account's email address instead? <url>,,,,,,
c3_052,agent,t_1532722,"Hi team, I registered Spotify when I was in London. But now I have moved back to China, so I always need to use VPN with a US IP to use spotify. Whenever I try to log in, it tells me I can't log in abroad. And I don't want to buy premium account all the time...",can you hurry up on the worldwide spotify app or i will have to use VPN which is very slow. I need a reliable fast music streamer,"@user Hey there! We don't have any info on this right now, but we'll let the right team know it's something you'd like to see",,,,,,
c3_052,agent,t_1151243,"Hi team, I registered Spotify when I was in London. But now I have moved back to China, so I always need to use VPN with a US IP to use spotify. Whenever I try to log in, it tells me I can't log in abroad. And I don't want to buy premium account all the time...",I want to buy a Spotify gift card in central London. Where can I find them? Tried a couple of tescos and other supermarkets,"@user Hi Mary, help's here! You can try going to any Boots, The Co-operative, or Morrisons outlets. Keep us posted",,,,,,
c3_052,agent,t_258951,"Hi team, I registered Spotify when I was in London. But now I have moved back to China, so I always need to use VPN with a US IP to use spotify. Whenever I try to log in, it tells me I can't log in abroad. And I don't want to buy premium account all the time...",My account is created when I was in USA then I moved back to Thailand and was trying to log back in but it didn’t let me. :(,@user Hey there! Can you fire over your account's username or email address? We'll take a look under the hood,,,,,,
c3_052,agent,t_2716990,"Hi team, I registered Spotify when I was in London. But now I have moved back to China, so I always need to use VPN with a US IP to use spotify. Whenever I try to log in, it tells me I can't log in abroad. And I don't want to buy premium account all the time...",I need help. My visa gift card I usually buy and use isn't working. I have talked to the provider. I just want my spotify premium back. Please reply as fast as you can.,@user Hey there! Could you DM us your account's email address or username? We'll take a look behind the scenes <url>,,,,,,
c3_052,agent,t_574725,"Hi team, I registered Spotify when I was in London. But now I have moved back to China, so I always need to use VPN with a US IP to use spotify. Whenever I try to log in, it tells me I can't log in abroad. And I don't want to buy premium account all the time...","This always happens to my playlist at some point, but I'm trying to stream the same song on a playlist and it stays stuck on the first track. What is with this?",@user Hi there! Can you give this a try: log out from Spotify > restart your device > log back in? Did that make a difference?,,,,,,
c3_053,agent,t_233820,"Why is playing the same shit on both @user and my iPhone since iOS 11? I cast a song, and I can’t modify my queue or pause, or anything after the first song. Spotify on Chromcast has been a flaming pile of garbage lately.",The option to stream via @user chrome cast has vanished on iPhone app...,@user Hi! Help's here. What versions of iOS and Spotify are you using? Are both devices connected to the same WiFi network?,,,,,,
c3_053,agent,t_387714,"Why is playing the same shit on both @user and my iPhone since iOS 11? I cast a song, and I can’t modify my queue or pause, or anything after the first song. Spotify on Chromcast has been a flaming pile of garbage lately.","Hi, after updating to iOS 11 my iphone 7 won’t recognise when Spotify is playing. Have tried restarting and reinstalling.",@user Hey Aidan! What's happening exactly? Can you send us a screenshot of it? We'll be waiting for your reply,,,,,,
c3_053,agent,t_2296885,"Why is playing the same shit on both @user and my iPhone since iOS 11? I cast a song, and I can’t modify my queue or pause, or anything after the first song. Spotify on Chromcast has been a flaming pile of garbage lately.","@user when you start playing a song in the middle of a playlist on chromecast audio/home mini, it will play the first song of the playlist after that.","@user Hey there! Can you let us know the model, operating system, and Spotify version of the device you're trying to cast on?",,,,,,
c3_053,agent,t_93873,"Why is playing the same shit on both @user and my iPhone since iOS 11? I cast a song, and I can’t modify my queue or pause, or anything after the first song. Spotify on Chromcast has been a flaming pile of garbage lately.","Hey , can you make your web player a slightly smaller flaming pile of trash? Because the large flaming pile of trash that is your web player is getting a little unbearable to deal with...","@user Hey Kevin, we’re sorry to hear that! What’s happening exactly? Can you let us know the device/OS you’re using? We'll see what we can suggest",,,,,,
c3_053,agent,t_845936,"Why is playing the same shit on both @user and my iPhone since iOS 11? I cast a song, and I can’t modify my queue or pause, or anything after the first song. Spotify on Chromcast has been a flaming pile of garbage lately.",your app has currently been very buggy lately because after one song plays it stops playing the whole playlist.,"@user Hey Anthony! Don't worry, help's here. Can you let us know the device, operating system, and Spotify version you're using?",,,,,,
c3_053,agent,t_2447660,"Why is playing the same shit on both @user and my iPhone since iOS 11? I cast a song, and I can’t modify my queue or pause, or anything after the first song. Spotify on Chromcast has been a flaming pile of garbage lately.","friend has a playlist with emojis in the playlist name, and I can’t see the now playing bar, or skip songs in the app or lock screen. iOS 11, iPhone 7",@user Hey! Which Spotify version are you running? Can you give us more info on what's happening when you add an emoji to the playlist title?,,,,,,
c3_053,quality,current:contact,"Why is playing the same shit on both @user and my iPhone since iOS 11? I cast a song, and I can’t modify my queue or pause, or anything after the first song. Spotify on Chromcast has been a flaming pile of garbage lately.",Need official human support,Spotify's contact page offers messaging with customer support. The assistant cannot contact staff or access accounts.,,,,,,
c3_054,quality,current:contact,I can't renew my Student Premium account because Spotify won't verify that I'm a student. Please Help!,Need official human support,Spotify's contact page offers messaging with customer support. The assistant cannot contact staff or access accounts.,,,,,,
c3_054,agent,t_478115,I can't renew my Student Premium account because Spotify won't verify that I'm a student. Please Help!,"If Spotify really cares, SheerID should be useable for Turkish students. I can not verify my student status via SheerID because they just accept american schools. What is this?","@user Hey there! You can try to verify your student credentials manually at <url>. If you need more help, just get back to us via DM with your account's username or email address. Hope this works <url>",,,,,,
c3_054,agent,t_633747,I can't renew my Student Premium account because Spotify won't verify that I'm a student. Please Help!,not sure if my student discount is being renewed. Can we verify?,@user Hey Stephen. Sure! Just DM us your account's username or email address and we'll take a look backstage,,,,,,
c3_054,agent,t_1928109,I can't renew my Student Premium account because Spotify won't verify that I'm a student. Please Help!,why won't my credit card work to renew my premium account 😡😡😡😡,"@user Hey Danny, help's here! Can you fire over your account's email address and username? We'll take a look backstage <url>",,,,,,
c3_054,agent,t_1156045,I can't renew my Student Premium account because Spotify won't verify that I'm a student. Please Help!,can someone please verify my student account since you charged me 4.99 and I can't use my premium membership,@user Hey Aaron! Can you DM us your account's username and email address? We'll check behind the scenes <url>,,,,,,
c3_054,agent,t_750769,I can't renew my Student Premium account because Spotify won't verify that I'm a student. Please Help!,I can't renew my Spotify premium for students. You guys are unable to verify me.,@user Hey there! Can you DM us your account's email address? We'll take a look <url>,,,,,,
c3_054,agent,t_172445,I can't renew my Student Premium account because Spotify won't verify that I'm a student. Please Help!,"please help. I constantly get ""Error 500"" while trying to verify my student premium account. (The problem is that I can't finish my purchase). Can I do something? Or not?","@user Hey Daphne! Don't worry, we're here to help. Can you try using an incognito window or a private browser? Let us know how it goes",,,,,,
c3_055,agent,t_1090107,Is there a spotify playlist that sounds like it wouldnt be in a horror movie? Working alone and kinda paranoid,DEAR - no to horror movie / haunted house / scary whispery-screamy ads in the middle of my chillllllll work playlist PLS,"@user Hey Sara! Sorry, we didn't mean to scare you. We'll pass your feedback on to our Ads team",,,,,,
c3_055,agent,t_384886,Is there a spotify playlist that sounds like it wouldnt be in a horror movie? Working alone and kinda paranoid,I would like for TO STOP PLAYING HORROR MOVIE ADS PLEASE AND THANK YOU,"@user Hey Pravalika, we didn't mean to scare you. Don't worry, we'll pass your feedback on to the right people",,,,,,
c3_055,agent,t_1582879,Is there a spotify playlist that sounds like it wouldnt be in a horror movie? Working alone and kinda paranoid,can i opt out of horror movie ads or something i dont want to hear this anymore,"@user Hi there. Sorry, we didn't mean to scare you! We'll pass your feedback on to our Ads team",,,,,,
c3_055,agent,t_379989,Is there a spotify playlist that sounds like it wouldnt be in a horror movie? Working alone and kinda paranoid,"hey i'm gonna need u guys to stop playing horror movie ads at night. i'm just tryna enjoy my ""simp/sad/feels"" playlist.","@user Hey Becca! Sorry, we didn't mean to scare you! We'll pass your feedback on to our Ads team",,,,,,
c3_055,agent,t_2917948,Is there a spotify playlist that sounds like it wouldnt be in a horror movie? Working alone and kinda paranoid,I not able to search or stream music using my Premium account. Looks like I’m not alone: <url>,"@user Hi Scott, thanks for bearing with us. Spotify should be working perfectly again!",,,,,,
c3_055,agent,t_800189,Is there a spotify playlist that sounds like it wouldnt be in a horror movie? Working alone and kinda paranoid,just stopped listening to music altogether because 's horror movie ads scare,"@user Sorry, we didn't mean to scare you! We'll pass your feedback on to our Ads team",,,,,,
c3_055,quality,t_1090107,Is there a spotify playlist that sounds like it wouldnt be in a horror movie? Working alone and kinda paranoid,DEAR - no to horror movie / haunted house / scary whispery-screamy ads in the middle of my chillllllll work playlist PLS,"@user Hey Sara! Sorry, we didn't mean to scare you. We'll pass your feedback on to our Ads team",,,,,,
c3_055,quality,t_384886,Is there a spotify playlist that sounds like it wouldnt be in a horror movie? Working alone and kinda paranoid,I would like for TO STOP PLAYING HORROR MOVIE ADS PLEASE AND THANK YOU,"@user Hey Pravalika, we didn't mean to scare you. Don't worry, we'll pass your feedback on to the right people",,,,,,
c3_055,quality,t_1582879,Is there a spotify playlist that sounds like it wouldnt be in a horror movie? Working alone and kinda paranoid,can i opt out of horror movie ads or something i dont want to hear this anymore,"@user Hi there. Sorry, we didn't mean to scare you! We'll pass your feedback on to our Ads team",,,,,,
c3_055,quality,t_379989,Is there a spotify playlist that sounds like it wouldnt be in a horror movie? Working alone and kinda paranoid,"hey i'm gonna need u guys to stop playing horror movie ads at night. i'm just tryna enjoy my ""simp/sad/feels"" playlist.","@user Hey Becca! Sorry, we didn't mean to scare you! We'll pass your feedback on to our Ads team",,,,,,
c3_055,quality,t_2917948,Is there a spotify playlist that sounds like it wouldnt be in a horror movie? Working alone and kinda paranoid,I not able to search or stream music using my Premium account. Looks like I’m not alone: <url>,"@user Hi Scott, thanks for bearing with us. Spotify should be working perfectly again!",,,,,,
c3_055,quality,t_800189,Is there a spotify playlist that sounds like it wouldnt be in a horror movie? Working alone and kinda paranoid,just stopped listening to music altogether because 's horror movie ads scare,"@user Sorry, we didn't mean to scare you! We'll pass your feedback on to our Ads team",,,,,,
c3_055,quality,current:contact,Is there a spotify playlist that sounds like it wouldnt be in a horror movie? Working alone and kinda paranoid,Need official human support,Spotify's contact page offers messaging with customer support. The assistant cannot contact staff or access accounts.,,,,,,
c3_055,quality,current:playback,Is there a spotify playlist that sounds like it wouldnt be in a horror movie? Working alone and kinda paranoid,Technical trouble playing Spotify,"For playback or app technical problems, restart or update the app. Reinstalling requires downloading offline music and podcasts again. These steps do not answer playlist editing, catalog, billing or feature questions.",,,,,,
c3_055,quality,policy:clarification,Is there a spotify playlist that sounds like it wouldnt be in a horror movie? Working alone and kinda paranoid,Missing diagnostic context,"Cadence's reviewed response policy permits a specific, relevant question about the affected feature, device, app version or exact error. Never repeat information already supplied or ask for private account details. A question is not a resolution.",,,,,,
c3_056,quality,current:contact,I can’t log onto my account from my phone I need your help,Need official human support,Spotify's contact page offers messaging with customer support. The assistant cannot contact staff or access accounts.,,,,,,
c3_056,agent,t_1864567,I can’t log onto my account from my phone I need your help,"despite being removed from my friend's family account, when i go onto spotify her music plays on my phone, & vice versa! help?","@user Hey Eleanor, that's odd! Can you DM us the email addresses registered in yours and your friend's accounts? We'll need to take a look <url>",,,,,,
c3_056,agent,t_526259,I can’t log onto my account from my phone I need your help,"Your account support is horrible. I cannot log in, and to post a request to help *I NEED TO LOG IN*. If I could log in, I wouldn't need support.","@user Hey, help's here! Aside from Twitter, you can also reach us through at <url> without logging in. Can you DM us your account's email address? We'll take a look backstage <url>",,,,,,
c3_056,agent,t_2138956,I can’t log onto my account from my phone I need your help,Can I just get notifications from the device that I'm listening from? I don't want to have a notification on my phone if I'm listening on my computer.,@user Hey there. Thanks for the feedback – we appreciate it! We’ll get this passed onto the right team. Let us know if you need more help,,,,,,
c3_056,agent,t_2298547,I can’t log onto my account from my phone I need your help,going onto Spotify it won’t play and is linking to Ocado website from iPhone?,"@user Hi Heather! Can you send us a screenshot of what you're seeing on your end. Also, what're your phone's iOS and Spotify versions?",,,,,,
c3_056,agent,t_2031967,I can’t log onto my account from my phone I need your help,Upgraded my phone and now I can’t log into Spotify Premium anymore,"@user Hey Tim, help's here! Do you get an error message when logging in? Also, can you DM us your account's email address? <url>",,,,,,
c3_056,agent,t_470289,I can’t log onto my account from my phone I need your help,hi. I’ve just changed phones and now I can’t log in to Spotify. I can’t even get passed this screen. I’ve uninstalled & reinstalled the app. Still not working <url>,"@user Hey Julie, help's here! Can you DM us your account's username or email address? We'll take a look behind the scenes 🔍 <url>",,,,,,
c3_057,agent,t_2836370,Is anyone elses Spotify app slightly broken?It won’t play certain albums/playlists/artists + if it does it will only play 1 song then stop?,shuffle is broken. on playlists the app will play 10-20 songs off the same two albums if possible then switches to two other albums. doesn’t feel random at all when a large playlist with dozens of albums only shuffles through 2 at a time.,"@user Hey, help's here! Can you let us know the device, OS, and Spotify version you're running? We'll see what we can suggest",,,,,,
c3_057,agent,t_399248,Is anyone elses Spotify app slightly broken?It won’t play certain albums/playlists/artists + if it does it will only play 1 song then stop?,why does my Spotify play one song and then just stop and when I go to press play it won’t let me ???,"@user Hey Brianna, that's not cool! Can you let us know the device/OS and Spotify version you're rocking? We'll see what we can suggest",,,,,,
c3_057,agent,t_2190875,Is anyone elses Spotify app slightly broken?It won’t play certain albums/playlists/artists + if it does it will only play 1 song then stop?,My recently played artists isn’t updating when I play songs from playlists only albums on my MacBook. Can you help me please?,@user Hey! The Recently Played Artist section doesn't update when playing songs from a playlist. We have some info at <url>,,,,,,
c3_057,agent,t_2545829,Is anyone elses Spotify app slightly broken?It won’t play certain albums/playlists/artists + if it does it will only play 1 song then stop?,if I create a radio station off of a playlist and add songs to that playlist does the station automatically adjust to the new songs? Or do I have to recreate the station in order to get the new influence?,"@user A Radio station will play music based on a song, album, artist, or playlist. You could make a mixed genre playlist first, then create a Radio station from it. Here's our handy guide: <url>. Hope this helps",,,,,,
c3_057,agent,t_272737,Is anyone elses Spotify app slightly broken?It won’t play certain albums/playlists/artists + if it does it will only play 1 song then stop?,why you don’t have a block song or artist thingy? N my feed this certain song keeps being played in my mixes & I can’t stop it 😡,@user 1: Hey! We hear you loud and clear. We can’t make any promises but we’ll pass your feedback onto the right folks. Can you tell us more...,,,,,,
c3_057,agent,t_1270536,Is anyone elses Spotify app slightly broken?It won’t play certain albums/playlists/artists + if it does it will only play 1 song then stop?,ps4 related. When i just want to play all songs only the first one does then it stops playing mid song. Or it will restart the song completely 1min in happens in game or not help please been going on for a month.,"@user Hi Denny! Help's here. Are you playing music directly from PS4, or are you using Spotify Connect? Also, are you getting any error messages?",,,,,,
c3_057,quality,t_2836370,Is anyone elses Spotify app slightly broken?It won’t play certain albums/playlists/artists + if it does it will only play 1 song then stop?,shuffle is broken. on playlists the app will play 10-20 songs off the same two albums if possible then switches to two other albums. doesn’t feel random at all when a large playlist with dozens of albums only shuffles through 2 at a time.,"@user Hey, help's here! Can you let us know the device, OS, and Spotify version you're running? We'll see what we can suggest",,,,,,
c3_057,quality,t_399248,Is anyone elses Spotify app slightly broken?It won’t play certain albums/playlists/artists + if it does it will only play 1 song then stop?,why does my Spotify play one song and then just stop and when I go to press play it won’t let me ???,"@user Hey Brianna, that's not cool! Can you let us know the device/OS and Spotify version you're rocking? We'll see what we can suggest",,,,,,
c3_057,quality,t_2190875,Is anyone elses Spotify app slightly broken?It won’t play certain albums/playlists/artists + if it does it will only play 1 song then stop?,My recently played artists isn’t updating when I play songs from playlists only albums on my MacBook. Can you help me please?,@user Hey! The Recently Played Artist section doesn't update when playing songs from a playlist. We have some info at <url>,,,,,,
c3_057,quality,t_2545829,Is anyone elses Spotify app slightly broken?It won’t play certain albums/playlists/artists + if it does it will only play 1 song then stop?,if I create a radio station off of a playlist and add songs to that playlist does the station automatically adjust to the new songs? Or do I have to recreate the station in order to get the new influence?,"@user A Radio station will play music based on a song, album, artist, or playlist. You could make a mixed genre playlist first, then create a Radio station from it. Here's our handy guide: <url>. Hope this helps",,,,,,
c3_057,quality,t_272737,Is anyone elses Spotify app slightly broken?It won’t play certain albums/playlists/artists + if it does it will only play 1 song then stop?,why you don’t have a block song or artist thingy? N my feed this certain song keeps being played in my mixes & I can’t stop it 😡,@user 1: Hey! We hear you loud and clear. We can’t make any promises but we’ll pass your feedback onto the right folks. Can you tell us more...,,,,,,
c3_057,quality,t_1270536,Is anyone elses Spotify app slightly broken?It won’t play certain albums/playlists/artists + if it does it will only play 1 song then stop?,ps4 related. When i just want to play all songs only the first one does then it stops playing mid song. Or it will restart the song completely 1min in happens in game or not help please been going on for a month.,"@user Hi Denny! Help's here. Are you playing music directly from PS4, or are you using Spotify Connect? Also, are you getting any error messages?",,,,,,
c3_057,quality,current:contact,Is anyone elses Spotify app slightly broken?It won’t play certain albums/playlists/artists + if it does it will only play 1 song then stop?,Need official human support,Spotify's contact page offers messaging with customer support. The assistant cannot contact staff or access accounts.,,,,,,
c3_057,quality,current:playback,Is anyone elses Spotify app slightly broken?It won’t play certain albums/playlists/artists + if it does it will only play 1 song then stop?,Technical trouble playing Spotify,"For playback or app technical problems, restart or update the app. Reinstalling requires downloading offline music and podcasts again. These steps do not answer playlist editing, catalog, billing or feature questions.",,,,,,
c3_057,quality,policy:clarification,Is anyone elses Spotify app slightly broken?It won’t play certain albums/playlists/artists + if it does it will only play 1 song then stop?,Missing diagnostic context,"Cadence's reviewed response policy permits a specific, relevant question about the affected feature, device, app version or exact error. Never repeat information already supplied or ask for private account details. A question is not a resolution.",,,,,,
c3_058,quality,current:contact,I've been trying to get access to my artist page for two months. Is the wait normal?Is there anything I can do to speed it up?,Need official human support,Spotify's contact page offers messaging with customer support. The assistant cannot contact staff or access accounts.,,,,,,
c3_058,agent,t_1988271,I've been trying to get access to my artist page for two months. Is the wait normal?Is there anything I can do to speed it up?,I'm an artist who's been trying to get access to my spotify page for over a month now and I've heard nothing back. Need Update,@user Hey! Can you DM us your contact email address and the URI of your artist page? We'll chase this up for you <url>,,,,,,
c3_058,agent,t_89460,I've been trying to get access to my artist page for two months. Is the wait normal?Is there anything I can do to speed it up?,recently I've been trying to load up the app and it takes a minimum of 5 Minutes of wait time before it let's me pick anything because it's loading. Is there anything I can do to speed that up?,"@user Hi, help's here! Can you let us know your device's model, operating system, and Spotify version? We'll see what we can suggest",,,,,,
c3_058,agent,t_448844,I've been trying to get access to my artist page for two months. Is the wait normal?Is there anything I can do to speed it up?,"still trying to get to let me gain access to my own page. ug. HELLO, its been months","@user Hey Richard. We can see that your artist profile has just been verified. To learn more and get a good start, head here: <url>. If you need anything else, we're just a tweet away! <url>",,,,,,
c3_058,agent,t_342894,I've been trying to get access to my artist page for two months. Is the wait normal?Is there anything I can do to speed it up?,@user I've been trying to connect to my artist page but i never get a respond from you guys. whats up?,@user Hey there! Help's here. This sounds like something for our Artist Services friends. You can contact them here: <url>,,,,,,
c3_058,agent,t_607481,I've been trying to get access to my artist page for two months. Is the wait normal?Is there anything I can do to speed it up?,@user Hey! Just sent a request to get access to my artist page. Did it once before but didn't get a reply. Could you tell me if that's normal?,"@user Hey! Can you DM us the email address you used to apply, and the Spotify URI of your artist profile? We'll chase this up with the Artist Support team <url>",,,,,,
c3_058,agent,t_1226739,I've been trying to get access to my artist page for two months. Is the wait normal?Is there anything I can do to speed it up?,what should I do if my album is currently under another bands spotify page? Trying to get access on Spotify for artists.,@user Hey! You can contact our Artist team here: <url>! They'll be the best folks to help you out,,,,,,
c3_059,agent,t_695452,. ETA on Apple watch app?,where is your Apple Watch app. I really don't want to cancel and subscribe to Apple Music but need offline playlists on the watch.,@user 1: Hey there! We don't have the app for the Apple Watch yet. Check out the official idea and add your vote to...,,,,,,
c3_059,agent,t_680593,. ETA on Apple watch app?,do you have an Apple Watch app?,@user 1: Hi there! We're afraid we don't have an app on the Apple Watch. We suggest checking out the official idea and add your vote...,,,,,,
c3_059,agent,t_2408832,. ETA on Apple watch app?,any eta on iPhone X support? Or Apple Watch? :),"@user Hey, we don't have a specific time frame, but we’re working on iPhone X as we speak. Also, check out this idea: <url>",,,,,,
c3_059,agent,t_1884190,. ETA on Apple watch app?,any info on an Apple Watch app? I just got an Apple Watch and am pretty disappointed no app!,@user Hey! Check out the official idea and add your vote to let our devs know it's something you'd like to see: <url>,,,,,,
c3_059,agent,t_892442,. ETA on Apple watch app?,Hey @user your lack of Apple Watch app/streaming is a real pain and I think I'll ditch you once my S3 watch arrives,"@user Hey Nick! We don't have any news to share about Apple Watch right now, but you can vote for the idea here: <url>",,,,,,
c3_059,agent,t_166625,. ETA on Apple watch app?,is your app available to download on an Apple Watch?,"@user Hi Gracie! Although the app is not currently available for the Apple Watch, be sure to check out the official idea and add your vote to let our devs know it's something you'd like to see: <url> 🙂",,,,,,
c3_059,quality,t_695452,. ETA on Apple watch app?,where is your Apple Watch app. I really don't want to cancel and subscribe to Apple Music but need offline playlists on the watch.,@user 1: Hey there! We don't have the app for the Apple Watch yet. Check out the official idea and add your vote to...,,,,,,
c3_059,quality,t_680593,. ETA on Apple watch app?,do you have an Apple Watch app?,@user 1: Hi there! We're afraid we don't have an app on the Apple Watch. We suggest checking out the official idea and add your vote...,,,,,,
c3_059,quality,t_2408832,. ETA on Apple watch app?,any eta on iPhone X support? Or Apple Watch? :),"@user Hey, we don't have a specific time frame, but we’re working on iPhone X as we speak. Also, check out this idea: <url>",,,,,,
c3_059,quality,t_1884190,. ETA on Apple watch app?,any info on an Apple Watch app? I just got an Apple Watch and am pretty disappointed no app!,@user Hey! Check out the official idea and add your vote to let our devs know it's something you'd like to see: <url>,,,,,,
c3_059,quality,t_892442,. ETA on Apple watch app?,Hey @user your lack of Apple Watch app/streaming is a real pain and I think I'll ditch you once my S3 watch arrives,"@user Hey Nick! We don't have any news to share about Apple Watch right now, but you can vote for the idea here: <url>",,,,,,
c3_059,quality,t_166625,. ETA on Apple watch app?,is your app available to download on an Apple Watch?,"@user Hi Gracie! Although the app is not currently available for the Apple Watch, be sure to check out the official idea and add your vote to let our devs know it's something you'd like to see: <url> 🙂",,,,,,
c3_059,quality,current:contact,. ETA on Apple watch app?,Need official human support,Spotify's contact page offers messaging with customer support. The assistant cannot contact staff or access accounts.,,,,,,
c3_059,quality,current:playback,. ETA on Apple watch app?,Technical trouble playing Spotify,"For playback or app technical problems, restart or update the app. Reinstalling requires downloading offline music and podcasts again. These steps do not answer playlist editing, catalog, billing or feature questions.",,,,,,
c3_059,quality,policy:clarification,. ETA on Apple watch app?,Missing diagnostic context,"Cadence's reviewed response policy permits a specific, relevant question about the affected feature, device, app version or exact error. Never repeat information already supplied or ask for private account details. A question is not a resolution.",,,,,,
c3_060,quality,current:contact,Anyone else having issues with ? The app keeps logging me out and isn’t connecting to my Bluetooth devices.,Need official human support,Spotify's contact page offers messaging with customer support. The assistant cannot contact staff or access accounts.,,,,,,
c3_060,agent,t_1250626,Anyone else having issues with ? The app keeps logging me out and isn’t connecting to my Bluetooth devices.,Anyone else having issues with #spotify connect where it connects to devices that aren't yours or others connect to you?,"@user Hi Jason. Don't worry, we'll look into this. Can you tell us what device, operating system, and exact app version you're using?",,,,,,
c3_060,agent,t_707084,Anyone else having issues with ? The app keeps logging me out and isn’t connecting to my Bluetooth devices.,Anyone else having issues?,@user Hey! Is your Spotify misbehaving? What device are you using? We'll help out,,,,,,
c3_060,agent,t_1957547,Anyone else having issues with ? The app keeps logging me out and isn’t connecting to my Bluetooth devices.,"Anyone else having trouble with logging into @user? It keeps refreshing and loading automatically, so I can't get in",@user Hey Simon! Are you still having trouble logging into Spotify For Artists? We're happy to help,,,,,,
c3_060,agent,t_1151245,Anyone else having issues with ? The app keeps logging me out and isn’t connecting to my Bluetooth devices.,Anyone else having an issue with where it won’t work while connected to WiFi?,"@user Hey Jack, help's here! Can you let us know what's happening exactly? We'll see what we can suggest",,,,,,
c3_060,agent,t_2293026,Anyone else having issues with ? The app keeps logging me out and isn’t connecting to my Bluetooth devices.,". i am having some issues with my app, if i press pause or if i skip any music the music doesn’t continues after.","@user Hey Gilberto, we're here to help! Does logging out > restarting the device > logging back in help? Keep us posted",,,,,,
c3_060,agent,t_2914428,Anyone else having issues with ? The app keeps logging me out and isn’t connecting to my Bluetooth devices.,Anyone else having serious issues with the app today?,@user Hey Órla! Thanks for letting us know. Everything’s looking good on our end now. Are you still having issues?,,,,,,
