id,system,thread_id,customer,evidence_customer,evidence_reply,relevant,supports_next_step,current_advice,reviewer_id,reviewer_type,rationale
b4_001,agent,t_664687,got the worst customer service,Fuck . you have the worst customer service,@user Hi Dan! That doesn't sound good. What's happening exactly? We'll lend a hand,,,,,,
b4_001,agent,t_847151,got the worst customer service,has the WORST customer service. Why in the world do you make it so difficult?,@user Hi Patrick. We're sorry you feel that way. Can you let us know what's happening exactly? We'll be happy to help,,,,,,
b4_001,agent,t_872983,got the worst customer service,What is your number to get help. Your customer service is the worst.,"@user Hey there! We don't have phone support at the moment, but we'd be happy to help via Twitter. What's happening exactly?",,,,,,
b4_001,agent,t_2596648,got the worst customer service,"has the worst customer service! They never get back to me, and I just want my bands songs to be right :(",@user Hey there! This doesn't sound good. Can you let us know more about what's happening? We'll check this out,,,,,,
b4_001,agent,t_293871,got the worst customer service,Just got some quality assistance from . Excellent customer service. Bravo. <url>,"@user Thanks for the sweet comment! If you ever need us again, you know where to find us 💚",,,,,,
b4_001,agent,t_1174188,got the worst customer service,The worst 'customer care' and service from !!!!!,@user We're sorry to hear you feel that way. We've just replied to your DM. Let's continue chatting there,,,,,,
b4_001,quality,current:contact,got the worst customer service,Need official human support,Spotify's contact page offers messaging with customer support. The assistant cannot contact staff or access accounts.,,,,,,
b4_001,balanced,current:contact,got the worst customer service,Need official human support,Spotify's contact page offers messaging with customer support. The assistant cannot contact staff or access accounts.,,,,,,
b4_002,quality,current:contact,Hi! Why is the feature of downloading a song not available but the one for download the whole album/playlist it is?,Need official human support,Spotify's contact page offers messaging with customer support. The assistant cannot contact staff or access accounts.,,,,,,
b4_002,balanced,current:contact,Hi! Why is the feature of downloading a song not available but the one for download the whole album/playlist it is?,Need official human support,Spotify's contact page offers messaging with customer support. The assistant cannot contact staff or access accounts.,,,,,,
b4_002,agent,t_1658865,Hi! Why is the feature of downloading a song not available but the one for download the whole album/playlist it is?,Why does only have one @user song like she didn’t have a whole album,"@user Hey! We’d love to have all of her stuff available, but we have some info about content here: <url>",,,,,,
b4_002,agent,t_83651,Hi! Why is the feature of downloading a song not available but the one for download the whole album/playlist it is?,Can you explain me why you delete the whole downloaded playlist with just one swipe? <url>,"@user Hey Paul, sorry to hear about this. We don't have any specific info to share about this, but you can vote for the idea here: <url>",,,,,,
b4_002,agent,t_160541,Hi! Why is the feature of downloading a song not available but the one for download the whole album/playlist it is?,why am i only getting 3 Songs out of a 17 song Album? <url>,"@user Hey Delcan! Fingers crossed we'll be able to have the whole album available soon, but there's info about Spotify content here: <url>",,,,,,
b4_002,agent,t_377080,Hi! Why is the feature of downloading a song not available but the one for download the whole album/playlist it is?,adding a whole album to the queue places it in the middle of the one I'm wanting to finish first 😅 maybe a new feature to add?,@user Hey! We hear you. Your feedback has been noted and passed onto the team 👊🏼,,,,,,
b4_002,agent,t_371966,Hi! Why is the feature of downloading a song not available but the one for download the whole album/playlist it is?,My Playlist has switched to Playlist Radio twice today on its own and played songs I do not like. Why?,"@user 1: Hey! Once you finish an album or playlist, a radio station based on the album or playlist will start. You can disable this feature...",,,,,,
b4_002,agent,t_2715270,Hi! Why is the feature of downloading a song not available but the one for download the whole album/playlist it is?,I pay y'all $10.81 every month but y'all still won't lemme download one individual song smh like I don't want that entire album <url>,"@user Hey! This isn't possible right now, but you can save your favorite tracks under the Songs tab, then download all your favorites as they are listed there. Another option would be to make a playlist with only one song then set that playlist to be available offline",,,,,,
b4_003,balanced,t_389010,make Spotify on Apple Watch,"Will there be an apple watch app for soon? Or, is it time to make the switch to #AppleMusic #whathappenedtosnowy","@user Hey Daniel, that'd be sweet! You can vote for the idea and help make it happen here: <url>",,,,,,
b4_003,balanced,t_695452,make Spotify on Apple Watch,where is your Apple Watch app. I really don't want to cancel and subscribe to Apple Music but need offline playlists on the watch.,@user 1: Hey there! We don't have the app for the Apple Watch yet. Check out the official idea and add your vote to...,,,,,,
b4_003,balanced,t_2968470,make Spotify on Apple Watch,I’m switching to apple music if you don’t make an app for apple watches,@user Hey! Check out the official idea and add your vote to let our devs know it's something you'd like to see: <url>,,,,,,
b4_003,balanced,t_1365649,make Spotify on Apple Watch,I just rcvd my Apple Watch Series 3 but noticed that my Spotify playlist won’t work on it. Anyone else have this issue? @user <url>,"@user Hey there! We currently don't have an Apple Watch app, but you can vote on the idea to add one here: <url>",,,,,,
b4_003,balanced,t_1527864,make Spotify on Apple Watch,please make an Apple Watch app!!!,@user Hey! Check out the official idea and add your vote to convince our devs it's something to look into: <url>,,,,,,
b4_003,balanced,t_2921952,make Spotify on Apple Watch,"@user Please, don't forget Apple Watch users! We always wait à Spotify app for Apple Watch... 😫😭 #3years",@user @user Hey there! Check out the official idea and add your vote to let our devs know it's something you'd like to see: <url>,,,,,,
b4_003,balanced,current:family,make Spotify on Apple Watch,"Official Spotify guidance, checked 2026-09-17",Premium Family is for family members living together. Members must live with the plan manager and use the same home address. This general rule does not establish a temporary-absence exception or eligibility of an individual account.,,,,,,
b4_003,balanced,current:wrapped,make Spotify on Apple Watch,"Official Spotify guidance, checked 2026-09-17",Wrapped is Spotify's annual listening summary and includes personalized playlists. Some features have eligibility requirements. The support page links official updates; it does not establish a release date for an upcoming edition.,,,,,,
b4_003,balanced,current:profile,make Spotify on Apple Watch,"Official Spotify guidance, checked 2026-09-17","A display name replaces the username on profiles, apps and playlists, but cannot be used to log in. Mobile: profile picture, View profile, EDIT, change name, Save.",,,,,,
b4_003,balanced,current:ideas,make Spotify on Apple Watch,"Official Spotify guidance, checked 2026-09-17","Customers can search the Community Ideas board, vote for an existing idea or submit a new idea after logging in. No particular idea, feature release or staff action is confirmed.",,,,,,
b4_003,balanced,current:catalog,make Spotify on Apple Watch,"Official Spotify guidance, checked 2026-09-17","Catalog availability varies over time and by country according to rights-holder permissions. No availability, removal cause or return date for a specific release is established.",,,,,,
b4_003,balanced,current:student,make Spotify on Apple Watch,"Official Spotify guidance, checked 2026-09-17","SheerID handles student verification. Try a private browser window to avoid autofill problems. If verification still fails, use the SheerID help route on this official page. Spotify cannot resolve SheerID verification issues.",,,,,,
b4_003,balanced,current:shuffle,make Spotify on Apple Watch,"Official Spotify guidance, checked 2026-09-17","Smart Shuffle mixes recommendations into playback. It is always active on free mobile. Premium mobile users can disable Include Smart Shuffle in play modes under Settings and privacy, Playback. Premium shuffle also offers a Fewer repeats style; it reduces, not eliminates, repeats.",,,,,,
b4_003,balanced,current:autoplay,make Spotify on Apple Watch,"Official Spotify guidance, checked 2026-09-17","Autoplay plays similar tracks after an album, playlist or selection ends. It can be disabled in settings: Playback, Autoplay on mobile; Autoplay in desktop settings. It does not explain extra tracks interspersed within a playlist.",,,,,,
b4_003,balanced,current:explicit,make Spotify on Apple Watch,"Official Spotify guidance, checked 2026-09-17",Explicit releases have E or EXPLICIT tags supplied by rights holders. Search for different versions; some explicit releases have no clean version. This does not prove an uncensored version of a given track exists.,,,,,,
b4_003,balanced,current:library,make Spotify on Apple Watch,"Official Spotify guidance, checked 2026-09-17","For music missing from Your Library, check filters on mobile and search to find and save it. A different account may explain missing saved content, but must not be asserted without evidence.",,,,,,
b4_003,balanced,current:contact,make Spotify on Apple Watch,Need official human support,Spotify's contact page offers messaging with customer support. The assistant cannot contact staff or access accounts.,,,,,,
b4_003,balanced,current:playback,make Spotify on Apple Watch,Technical trouble playing Spotify,"For playback or app technical problems, restart or update the app. Reinstalling requires downloading offline music and podcasts again. These steps do not answer playlist editing, catalog, billing or feature questions.",,,,,,
b4_003,balanced,policy:clarification,make Spotify on Apple Watch,Missing diagnostic context,"Cadence's reviewed response policy permits a specific, relevant question about the affected feature, device, app version or exact error. Never repeat information already supplied or ask for private account details. A question is not a resolution.",,,,,,
b4_003,balanced,policy:social,make Spotify on Apple Watch,Cadence conversational policy,A brief friendly acknowledgment of thanks or excitement is allowed without inventing facts or claiming an action. It is not a support resolution.,,,,,,
b4_003,agent,t_389010,make Spotify on Apple Watch,"Will there be an apple watch app for soon? Or, is it time to make the switch to #AppleMusic #whathappenedtosnowy","@user Hey Daniel, that'd be sweet! You can vote for the idea and help make it happen here: <url>",,,,,,
b4_003,agent,t_695452,make Spotify on Apple Watch,where is your Apple Watch app. I really don't want to cancel and subscribe to Apple Music but need offline playlists on the watch.,@user 1: Hey there! We don't have the app for the Apple Watch yet. Check out the official idea and add your vote to...,,,,,,
b4_003,agent,t_2968470,make Spotify on Apple Watch,I’m switching to apple music if you don’t make an app for apple watches,@user Hey! Check out the official idea and add your vote to let our devs know it's something you'd like to see: <url>,,,,,,
b4_003,agent,t_1365649,make Spotify on Apple Watch,I just rcvd my Apple Watch Series 3 but noticed that my Spotify playlist won’t work on it. Anyone else have this issue? @user <url>,"@user Hey there! We currently don't have an Apple Watch app, but you can vote on the idea to add one here: <url>",,,,,,
b4_003,agent,t_1527864,make Spotify on Apple Watch,please make an Apple Watch app!!!,@user Hey! Check out the official idea and add your vote to convince our devs it's something to look into: <url>,,,,,,
b4_003,agent,t_2921952,make Spotify on Apple Watch,"@user Please, don't forget Apple Watch users! We always wait à Spotify app for Apple Watch... 😫😭 #3years",@user @user Hey there! Check out the official idea and add your vote to let our devs know it's something you'd like to see: <url>,,,,,,
b4_003,quality,t_389010,make Spotify on Apple Watch,"Will there be an apple watch app for soon? Or, is it time to make the switch to #AppleMusic #whathappenedtosnowy","@user Hey Daniel, that'd be sweet! You can vote for the idea and help make it happen here: <url>",,,,,,
b4_003,quality,t_695452,make Spotify on Apple Watch,where is your Apple Watch app. I really don't want to cancel and subscribe to Apple Music but need offline playlists on the watch.,@user 1: Hey there! We don't have the app for the Apple Watch yet. Check out the official idea and add your vote to...,,,,,,
b4_003,quality,t_2968470,make Spotify on Apple Watch,I’m switching to apple music if you don’t make an app for apple watches,@user Hey! Check out the official idea and add your vote to let our devs know it's something you'd like to see: <url>,,,,,,
b4_003,quality,t_1365649,make Spotify on Apple Watch,I just rcvd my Apple Watch Series 3 but noticed that my Spotify playlist won’t work on it. Anyone else have this issue? @user <url>,"@user Hey there! We currently don't have an Apple Watch app, but you can vote on the idea to add one here: <url>",,,,,,
b4_003,quality,t_1527864,make Spotify on Apple Watch,please make an Apple Watch app!!!,@user Hey! Check out the official idea and add your vote to convince our devs it's something to look into: <url>,,,,,,
b4_003,quality,t_2921952,make Spotify on Apple Watch,"@user Please, don't forget Apple Watch users! We always wait à Spotify app for Apple Watch... 😫😭 #3years",@user @user Hey there! Check out the official idea and add your vote to let our devs know it's something you'd like to see: <url>,,,,,,
b4_003,quality,current:contact,make Spotify on Apple Watch,Need official human support,Spotify's contact page offers messaging with customer support. The assistant cannot contact staff or access accounts.,,,,,,
b4_003,quality,current:playback,make Spotify on Apple Watch,Technical trouble playing Spotify,"For playback or app technical problems, restart or update the app. Reinstalling requires downloading offline music and podcasts again. These steps do not answer playlist editing, catalog, billing or feature questions.",,,,,,
b4_003,quality,policy:clarification,make Spotify on Apple Watch,Missing diagnostic context,"Cadence's reviewed response policy permits a specific, relevant question about the affected feature, device, app version or exact error. Never repeat information already supplied or ask for private account details. A question is not a resolution.",,,,,,
b4_004,agent,t_483973,hey guys I can access music I’ve downloaded but can’t search? <url>,". Guys, can you please stop deleting all my offline music. It’s really, really annoying. We’ve always been fine, now I just don’t know.","@user Sorry to hear that, Hal! Check out the steps under “Downloads unexpectedly removed” at <url>. They should help with this",,,,,,
b4_004,agent,t_2920749,hey guys I can access music I’ve downloaded but can’t search? <url>,"nothings working or loading it will only let me play songs i’ve downloaded but home and search and browse option won’t load, this is happening for others as well <url>","@user Hi there, thanks for bearing with us! We had a little hiccup earlier, but everything should be running just fine now",,,,,,
b4_004,agent,t_2828397,hey guys I can access music I’ve downloaded but can’t search? <url>,this is the 4th time since I’ve been away that all my downloaded songs have disappeared from my phone. Why is this happening? So annoying when I don’t have regular access to WiFi to redownload.,"@user Hey, sorry to hear that! Check out the steps under “Downloads unexpectedly removed” at <url>. They should help with this",,,,,,
b4_004,agent,t_2912445,hey guys I can access music I’ve downloaded but can’t search? <url>,Is Spotify down? Can't access anything I haven't downloaded. Can't search. Nothing. Lots of others reporting the same... ?,@user Hey Dan! Thanks for the heads up. Our tech folks are investigating this as we speak,,,,,,
b4_004,agent,t_839931,hey guys I can access music I’ve downloaded but can’t search? <url>,Pls implement more ML within searches. I’m tired of searching “Ferg” and Fergie is the top result when I’ve never played her.,"@user We hear you loud and clear, Jesse! We can’t make any promises but we’ll pass your feedback onto the right folks",,,,,,
b4_004,agent,t_2919423,hey guys I can access music I’ve downloaded but can’t search? <url>,"Im having trouble searching for music. Whenever I hit search it says ""an error occurred"". I checked my connection and re-downloaded the app.",@user Hey Matthew! Everything should be running smoothly now. Let us know if this is still happening,,,,,,
b4_004,quality,current:contact,hey guys I can access music I’ve downloaded but can’t search? <url>,Need official human support,Spotify's contact page offers messaging with customer support. The assistant cannot contact staff or access accounts.,,,,,,
b4_004,balanced,current:contact,hey guys I can access music I’ve downloaded but can’t search? <url>,Need official human support,Spotify's contact page offers messaging with customer support. The assistant cannot contact staff or access accounts.,,,,,,
b4_005,quality,t_1776972,"Frustrating: won't let you sort ""albums"" into groups AND won't let you view a playlist in ""albums"" cover mode? 1/",Ok you have things to explain here. Which playlists get me in #StrangersThings Mode <url>,"@user 1: Hey! To see this mode, you need to be on the now playing screen, just tap the song playing to view the album art.",,,,,,
b4_005,quality,t_2198098,"Frustrating: won't let you sort ""albums"" into groups AND won't let you view a playlist in ""albums"" cover mode? 1/",What's the Stranger Things mode on the app?,"@user 1: Hey Jez! Good question. The ""Stranger Things Mode"" allows you to see the easter egg feature in the ""Now Playing"" view when streaming...",,,,,,
b4_005,quality,t_1022457,"Frustrating: won't let you sort ""albums"" into groups AND won't let you view a playlist in ""albums"" cover mode? 1/",Hey is it intentional that the shuffle ignores the playlist filter on mobile?,"@user Hi there! Yes, that's correct. All the contents of the playlist are covered whenever you play on shuffle mode",,,,,,
b4_005,quality,t_2210897,"Frustrating: won't let you sort ""albums"" into groups AND won't let you view a playlist in ""albums"" cover mode? 1/",Can anyone explain what this 'Stranger Things Mode' is on ??? Never noticed it 'til playing around w/ the equalizer 😂 @user #StrangerThings <url>,"@user 1: Hey James! Good question. The ""Stranger Things Mode"" allows you to see the easter egg feature in the ""Now Playing"" view when streaming...",,,,,,
b4_005,quality,t_265515,"Frustrating: won't let you sort ""albums"" into groups AND won't let you view a playlist in ""albums"" cover mode? 1/",hmmm. album art covers not showing. .,"@user Hey Dennis! What device and Spotify version are you using? Also, are you in Offline Mode or are you online using WiFi or 3/4G?",,,,,,
b4_005,quality,t_1052717,"Frustrating: won't let you sort ""albums"" into groups AND won't let you view a playlist in ""albums"" cover mode? 1/","Fam, I'm running OSSierra. I can save Playlists for offline use but can't for individual Albums? #ijustwannalistentohamilton","@user 1: Hey there! To make an album available for offline listening, you'll need to convert it into a playlist, but you can support a...",,,,,,
b4_005,quality,current:contact,"Frustrating: won't let you sort ""albums"" into groups AND won't let you view a playlist in ""albums"" cover mode? 1/",Need official human support,Spotify's contact page offers messaging with customer support. The assistant cannot contact staff or access accounts.,,,,,,
b4_005,quality,current:playback,"Frustrating: won't let you sort ""albums"" into groups AND won't let you view a playlist in ""albums"" cover mode? 1/",Technical trouble playing Spotify,"For playback or app technical problems, restart or update the app. Reinstalling requires downloading offline music and podcasts again. These steps do not answer playlist editing, catalog, billing or feature questions.",,,,,,
b4_005,quality,policy:clarification,"Frustrating: won't let you sort ""albums"" into groups AND won't let you view a playlist in ""albums"" cover mode? 1/",Missing diagnostic context,"Cadence's reviewed response policy permits a specific, relevant question about the affected feature, device, app version or exact error. Never repeat information already supplied or ask for private account details. A question is not a resolution.",,,,,,
b4_005,balanced,t_1776972,"Frustrating: won't let you sort ""albums"" into groups AND won't let you view a playlist in ""albums"" cover mode? 1/",Ok you have things to explain here. Which playlists get me in #StrangersThings Mode <url>,"@user 1: Hey! To see this mode, you need to be on the now playing screen, just tap the song playing to view the album art.",,,,,,
b4_005,balanced,t_2198098,"Frustrating: won't let you sort ""albums"" into groups AND won't let you view a playlist in ""albums"" cover mode? 1/",What's the Stranger Things mode on the app?,"@user 1: Hey Jez! Good question. The ""Stranger Things Mode"" allows you to see the easter egg feature in the ""Now Playing"" view when streaming...",,,,,,
b4_005,balanced,t_1022457,"Frustrating: won't let you sort ""albums"" into groups AND won't let you view a playlist in ""albums"" cover mode? 1/",Hey is it intentional that the shuffle ignores the playlist filter on mobile?,"@user Hi there! Yes, that's correct. All the contents of the playlist are covered whenever you play on shuffle mode",,,,,,
b4_005,balanced,t_2210897,"Frustrating: won't let you sort ""albums"" into groups AND won't let you view a playlist in ""albums"" cover mode? 1/",Can anyone explain what this 'Stranger Things Mode' is on ??? Never noticed it 'til playing around w/ the equalizer 😂 @user #StrangerThings <url>,"@user 1: Hey James! Good question. The ""Stranger Things Mode"" allows you to see the easter egg feature in the ""Now Playing"" view when streaming...",,,,,,
b4_005,balanced,t_265515,"Frustrating: won't let you sort ""albums"" into groups AND won't let you view a playlist in ""albums"" cover mode? 1/",hmmm. album art covers not showing. .,"@user Hey Dennis! What device and Spotify version are you using? Also, are you in Offline Mode or are you online using WiFi or 3/4G?",,,,,,
b4_005,balanced,t_1052717,"Frustrating: won't let you sort ""albums"" into groups AND won't let you view a playlist in ""albums"" cover mode? 1/","Fam, I'm running OSSierra. I can save Playlists for offline use but can't for individual Albums? #ijustwannalistentohamilton","@user 1: Hey there! To make an album available for offline listening, you'll need to convert it into a playlist, but you can support a...",,,,,,
b4_005,balanced,current:family,"Frustrating: won't let you sort ""albums"" into groups AND won't let you view a playlist in ""albums"" cover mode? 1/","Official Spotify guidance, checked 2026-09-17",Premium Family is for family members living together. Members must live with the plan manager and use the same home address. This general rule does not establish a temporary-absence exception or eligibility of an individual account.,,,,,,
b4_005,balanced,current:wrapped,"Frustrating: won't let you sort ""albums"" into groups AND won't let you view a playlist in ""albums"" cover mode? 1/","Official Spotify guidance, checked 2026-09-17",Wrapped is Spotify's annual listening summary and includes personalized playlists. Some features have eligibility requirements. The support page links official updates; it does not establish a release date for an upcoming edition.,,,,,,
b4_005,balanced,current:profile,"Frustrating: won't let you sort ""albums"" into groups AND won't let you view a playlist in ""albums"" cover mode? 1/","Official Spotify guidance, checked 2026-09-17","A display name replaces the username on profiles, apps and playlists, but cannot be used to log in. Mobile: profile picture, View profile, EDIT, change name, Save.",,,,,,
b4_005,balanced,current:ideas,"Frustrating: won't let you sort ""albums"" into groups AND won't let you view a playlist in ""albums"" cover mode? 1/","Official Spotify guidance, checked 2026-09-17","Customers can search the Community Ideas board, vote for an existing idea or submit a new idea after logging in. No particular idea, feature release or staff action is confirmed.",,,,,,
b4_005,balanced,current:catalog,"Frustrating: won't let you sort ""albums"" into groups AND won't let you view a playlist in ""albums"" cover mode? 1/","Official Spotify guidance, checked 2026-09-17","Catalog availability varies over time and by country according to rights-holder permissions. No availability, removal cause or return date for a specific release is established.",,,,,,
b4_005,balanced,current:student,"Frustrating: won't let you sort ""albums"" into groups AND won't let you view a playlist in ""albums"" cover mode? 1/","Official Spotify guidance, checked 2026-09-17","SheerID handles student verification. Try a private browser window to avoid autofill problems. If verification still fails, use the SheerID help route on this official page. Spotify cannot resolve SheerID verification issues.",,,,,,
b4_005,balanced,current:shuffle,"Frustrating: won't let you sort ""albums"" into groups AND won't let you view a playlist in ""albums"" cover mode? 1/","Official Spotify guidance, checked 2026-09-17","Smart Shuffle mixes recommendations into playback. It is always active on free mobile. Premium mobile users can disable Include Smart Shuffle in play modes under Settings and privacy, Playback. Premium shuffle also offers a Fewer repeats style; it reduces, not eliminates, repeats.",,,,,,
b4_005,balanced,current:autoplay,"Frustrating: won't let you sort ""albums"" into groups AND won't let you view a playlist in ""albums"" cover mode? 1/","Official Spotify guidance, checked 2026-09-17","Autoplay plays similar tracks after an album, playlist or selection ends. It can be disabled in settings: Playback, Autoplay on mobile; Autoplay in desktop settings. It does not explain extra tracks interspersed within a playlist.",,,,,,
b4_005,balanced,current:explicit,"Frustrating: won't let you sort ""albums"" into groups AND won't let you view a playlist in ""albums"" cover mode? 1/","Official Spotify guidance, checked 2026-09-17",Explicit releases have E or EXPLICIT tags supplied by rights holders. Search for different versions; some explicit releases have no clean version. This does not prove an uncensored version of a given track exists.,,,,,,
b4_005,balanced,current:library,"Frustrating: won't let you sort ""albums"" into groups AND won't let you view a playlist in ""albums"" cover mode? 1/","Official Spotify guidance, checked 2026-09-17","For music missing from Your Library, check filters on mobile and search to find and save it. A different account may explain missing saved content, but must not be asserted without evidence.",,,,,,
b4_005,balanced,current:contact,"Frustrating: won't let you sort ""albums"" into groups AND won't let you view a playlist in ""albums"" cover mode? 1/",Need official human support,Spotify's contact page offers messaging with customer support. The assistant cannot contact staff or access accounts.,,,,,,
b4_005,balanced,current:playback,"Frustrating: won't let you sort ""albums"" into groups AND won't let you view a playlist in ""albums"" cover mode? 1/",Technical trouble playing Spotify,"For playback or app technical problems, restart or update the app. Reinstalling requires downloading offline music and podcasts again. These steps do not answer playlist editing, catalog, billing or feature questions.",,,,,,
b4_005,balanced,policy:clarification,"Frustrating: won't let you sort ""albums"" into groups AND won't let you view a playlist in ""albums"" cover mode? 1/",Missing diagnostic context,"Cadence's reviewed response policy permits a specific, relevant question about the affected feature, device, app version or exact error. Never repeat information already supplied or ask for private account details. A question is not a resolution.",,,,,,
b4_005,balanced,policy:social,"Frustrating: won't let you sort ""albums"" into groups AND won't let you view a playlist in ""albums"" cover mode? 1/",Cadence conversational policy,A brief friendly acknowledgment of thanks or excitement is allowed without inventing facts or claiming an action. It is not a support resolution.,,,,,,
b4_005,agent,t_1776972,"Frustrating: won't let you sort ""albums"" into groups AND won't let you view a playlist in ""albums"" cover mode? 1/",Ok you have things to explain here. Which playlists get me in #StrangersThings Mode <url>,"@user 1: Hey! To see this mode, you need to be on the now playing screen, just tap the song playing to view the album art.",,,,,,
b4_005,agent,t_2198098,"Frustrating: won't let you sort ""albums"" into groups AND won't let you view a playlist in ""albums"" cover mode? 1/",What's the Stranger Things mode on the app?,"@user 1: Hey Jez! Good question. The ""Stranger Things Mode"" allows you to see the easter egg feature in the ""Now Playing"" view when streaming...",,,,,,
b4_005,agent,t_1022457,"Frustrating: won't let you sort ""albums"" into groups AND won't let you view a playlist in ""albums"" cover mode? 1/",Hey is it intentional that the shuffle ignores the playlist filter on mobile?,"@user Hi there! Yes, that's correct. All the contents of the playlist are covered whenever you play on shuffle mode",,,,,,
b4_005,agent,t_2210897,"Frustrating: won't let you sort ""albums"" into groups AND won't let you view a playlist in ""albums"" cover mode? 1/",Can anyone explain what this 'Stranger Things Mode' is on ??? Never noticed it 'til playing around w/ the equalizer 😂 @user #StrangerThings <url>,"@user 1: Hey James! Good question. The ""Stranger Things Mode"" allows you to see the easter egg feature in the ""Now Playing"" view when streaming...",,,,,,
b4_005,agent,t_265515,"Frustrating: won't let you sort ""albums"" into groups AND won't let you view a playlist in ""albums"" cover mode? 1/",hmmm. album art covers not showing. .,"@user Hey Dennis! What device and Spotify version are you using? Also, are you in Offline Mode or are you online using WiFi or 3/4G?",,,,,,
b4_005,agent,t_1052717,"Frustrating: won't let you sort ""albums"" into groups AND won't let you view a playlist in ""albums"" cover mode? 1/","Fam, I'm running OSSierra. I can save Playlists for offline use but can't for individual Albums? #ijustwannalistentohamilton","@user 1: Hey there! To make an album available for offline listening, you'll need to convert it into a playlist, but you can support a...",,,,,,
b4_006,balanced,current:contact,I’m not getting a free Spotify trial (7 day) on my new device,Need official human support,Spotify's contact page offers messaging with customer support. The assistant cannot contact staff or access accounts.,,,,,,
b4_006,agent,t_1098955,I’m not getting a free Spotify trial (7 day) on my new device,"hey, how do I upgrade my account from 7 day free trial to 30 day free trial?","@user Hi there! To sign up for the 30-day trial, just go to <url>. Hope that helps",,,,,,
b4_006,agent,t_2066340,I’m not getting a free Spotify trial (7 day) on my new device,I’m thinking about getting Spotify next month do i get a free trial with the family plan,"@user 1: Hey Danny! We're afraid that trial offers are not valid for Premium for Family plans, but we have the free trial period for the...",,,,,,
b4_006,agent,t_2813988,I’m not getting a free Spotify trial (7 day) on my new device,can I still avail the P9.00 premium if I tried the 7-day trial?,@user Hey there! You should still be eligible for the 3 months for 9.00 PHP offer after getting the 7-day trial. Just head over to this page to sign up: <url>. Let us know if you have questions,,,,,,
b4_006,agent,t_2586525,I’m not getting a free Spotify trial (7 day) on my new device,"hey so I have an account I made and I wanna use the 7 day free trial but it's not popping up and it's on an account that's never had premium, pls help",@user Hey! The 7-day trial is an in-app offer. We suggest you keep trying to use Premium features on the app; you will then eventually be offered to try it out. Hope this clears things up,,,,,,
b4_006,agent,t_1780674,I’m not getting a free Spotify trial (7 day) on my new device,"Just migrated from Groove Music and subscribed to Spotify, under 30-day free trial now. How do I avail of the 60-day trial?","@user 1: Hey! Just to make sure, are you a Groove Music Pass subscriber? If yes, you'll automatically get the 60-day trial once you've...",,,,,,
b4_006,agent,t_1483991,I’m not getting a free Spotify trial (7 day) on my new device,i love spotify but spotify premium costs too much,"@user Hey! If you haven't had Premium before, you can get our 30-day free trial at <url>",,,,,,
b4_006,quality,current:contact,I’m not getting a free Spotify trial (7 day) on my new device,Need official human support,Spotify's contact page offers messaging with customer support. The assistant cannot contact staff or access accounts.,,,,,,
b4_007,agent,t_989810,Life would be so much easier if got7 had an official spotify. when is got7's discography going to be on Spotify?,If offered in- app purchases the life of those who don’t have credit card would be so much easier. 😫🙄,@user We can see how that’d be handy. Thanks for taking the time to reach out – your feedback's been noted 📝,,,,,,
b4_007,agent,t_1447349,Life would be so much easier if got7 had an official spotify. when is got7's discography going to be on Spotify?,. it would be great if we could have an album list view. Much easier to navigate than artwork.,"@user Hey Jay, nice idea! It's definitely something for the team to consider and we'll make sure it reaches them. Stay awesome",,,,,,
b4_007,agent,t_2547376,Life would be so much easier if got7 had an official spotify. when is got7's discography going to be on Spotify?,"If you could filter an artist catalogue on Spotify so that their actual albums appeared first it would make finding their song/albums easier. Then after that, if the best of's etc were shown or in another section it would be grand. too much clutter @user","@user Hey Patrick! Thanks for the feedback. Don't worry, we'll make sure it's passed on to the relevant folks",,,,,,
b4_007,agent,t_1985610,Life would be so much easier if got7 had an official spotify. when is got7's discography going to be on Spotify?,I spend half my life queuing the same song a 100 times because couldn’t make my obsessive life easier with a repeat button.,"@user Hey there! Can you let us know the device, operating system, and Spotify version you're using? We'll see what we can suggest",,,,,,
b4_007,agent,t_963477,Life would be so much easier if got7 had an official spotify. when is got7's discography going to be on Spotify?,is there a place i can submit some quality of life ideas?,"@user 1: Hi! Just to check, would you like to submit an idea for the Spotify app? If so, you can suggest it in our Community at...",,,,,,
b4_007,agent,t_1483991,Life would be so much easier if got7 had an official spotify. when is got7's discography going to be on Spotify?,i love spotify but spotify premium costs too much,"@user Hey! If you haven't had Premium before, you can get our 30-day free trial at <url>",,,,,,
b4_007,quality,t_989810,Life would be so much easier if got7 had an official spotify. when is got7's discography going to be on Spotify?,If offered in- app purchases the life of those who don’t have credit card would be so much easier. 😫🙄,@user We can see how that’d be handy. Thanks for taking the time to reach out – your feedback's been noted 📝,,,,,,
b4_007,quality,t_1447349,Life would be so much easier if got7 had an official spotify. when is got7's discography going to be on Spotify?,. it would be great if we could have an album list view. Much easier to navigate than artwork.,"@user Hey Jay, nice idea! It's definitely something for the team to consider and we'll make sure it reaches them. Stay awesome",,,,,,
b4_007,quality,t_2547376,Life would be so much easier if got7 had an official spotify. when is got7's discography going to be on Spotify?,"If you could filter an artist catalogue on Spotify so that their actual albums appeared first it would make finding their song/albums easier. Then after that, if the best of's etc were shown or in another section it would be grand. too much clutter @user","@user Hey Patrick! Thanks for the feedback. Don't worry, we'll make sure it's passed on to the relevant folks",,,,,,
b4_007,quality,t_1985610,Life would be so much easier if got7 had an official spotify. when is got7's discography going to be on Spotify?,I spend half my life queuing the same song a 100 times because couldn’t make my obsessive life easier with a repeat button.,"@user Hey there! Can you let us know the device, operating system, and Spotify version you're using? We'll see what we can suggest",,,,,,
b4_007,quality,t_963477,Life would be so much easier if got7 had an official spotify. when is got7's discography going to be on Spotify?,is there a place i can submit some quality of life ideas?,"@user 1: Hi! Just to check, would you like to submit an idea for the Spotify app? If so, you can suggest it in our Community at...",,,,,,
b4_007,quality,t_1483991,Life would be so much easier if got7 had an official spotify. when is got7's discography going to be on Spotify?,i love spotify but spotify premium costs too much,"@user Hey! If you haven't had Premium before, you can get our 30-day free trial at <url>",,,,,,
b4_007,quality,current:contact,Life would be so much easier if got7 had an official spotify. when is got7's discography going to be on Spotify?,Need official human support,Spotify's contact page offers messaging with customer support. The assistant cannot contact staff or access accounts.,,,,,,
b4_007,quality,current:playback,Life would be so much easier if got7 had an official spotify. when is got7's discography going to be on Spotify?,Technical trouble playing Spotify,"For playback or app technical problems, restart or update the app. Reinstalling requires downloading offline music and podcasts again. These steps do not answer playlist editing, catalog, billing or feature questions.",,,,,,
b4_007,quality,policy:clarification,Life would be so much easier if got7 had an official spotify. when is got7's discography going to be on Spotify?,Missing diagnostic context,"Cadence's reviewed response policy permits a specific, relevant question about the affected feature, device, app version or exact error. Never repeat information already supplied or ask for private account details. A question is not a resolution.",,,,,,
b4_007,balanced,t_989810,Life would be so much easier if got7 had an official spotify. when is got7's discography going to be on Spotify?,If offered in- app purchases the life of those who don’t have credit card would be so much easier. 😫🙄,@user We can see how that’d be handy. Thanks for taking the time to reach out – your feedback's been noted 📝,,,,,,
b4_007,balanced,t_1447349,Life would be so much easier if got7 had an official spotify. when is got7's discography going to be on Spotify?,. it would be great if we could have an album list view. Much easier to navigate than artwork.,"@user Hey Jay, nice idea! It's definitely something for the team to consider and we'll make sure it reaches them. Stay awesome",,,,,,
b4_007,balanced,t_2547376,Life would be so much easier if got7 had an official spotify. when is got7's discography going to be on Spotify?,"If you could filter an artist catalogue on Spotify so that their actual albums appeared first it would make finding their song/albums easier. Then after that, if the best of's etc were shown or in another section it would be grand. too much clutter @user","@user Hey Patrick! Thanks for the feedback. Don't worry, we'll make sure it's passed on to the relevant folks",,,,,,
b4_007,balanced,t_1985610,Life would be so much easier if got7 had an official spotify. when is got7's discography going to be on Spotify?,I spend half my life queuing the same song a 100 times because couldn’t make my obsessive life easier with a repeat button.,"@user Hey there! Can you let us know the device, operating system, and Spotify version you're using? We'll see what we can suggest",,,,,,
b4_007,balanced,t_963477,Life would be so much easier if got7 had an official spotify. when is got7's discography going to be on Spotify?,is there a place i can submit some quality of life ideas?,"@user 1: Hi! Just to check, would you like to submit an idea for the Spotify app? If so, you can suggest it in our Community at...",,,,,,
b4_007,balanced,t_1483991,Life would be so much easier if got7 had an official spotify. when is got7's discography going to be on Spotify?,i love spotify but spotify premium costs too much,"@user Hey! If you haven't had Premium before, you can get our 30-day free trial at <url>",,,,,,
b4_007,balanced,current:family,Life would be so much easier if got7 had an official spotify. when is got7's discography going to be on Spotify?,"Official Spotify guidance, checked 2026-09-17",Premium Family is for family members living together. Members must live with the plan manager and use the same home address. This general rule does not establish a temporary-absence exception or eligibility of an individual account.,,,,,,
b4_007,balanced,current:wrapped,Life would be so much easier if got7 had an official spotify. when is got7's discography going to be on Spotify?,"Official Spotify guidance, checked 2026-09-17",Wrapped is Spotify's annual listening summary and includes personalized playlists. Some features have eligibility requirements. The support page links official updates; it does not establish a release date for an upcoming edition.,,,,,,
b4_007,balanced,current:profile,Life would be so much easier if got7 had an official spotify. when is got7's discography going to be on Spotify?,"Official Spotify guidance, checked 2026-09-17","A display name replaces the username on profiles, apps and playlists, but cannot be used to log in. Mobile: profile picture, View profile, EDIT, change name, Save.",,,,,,
b4_007,balanced,current:ideas,Life would be so much easier if got7 had an official spotify. when is got7's discography going to be on Spotify?,"Official Spotify guidance, checked 2026-09-17","Customers can search the Community Ideas board, vote for an existing idea or submit a new idea after logging in. No particular idea, feature release or staff action is confirmed.",,,,,,
b4_007,balanced,current:catalog,Life would be so much easier if got7 had an official spotify. when is got7's discography going to be on Spotify?,"Official Spotify guidance, checked 2026-09-17","Catalog availability varies over time and by country according to rights-holder permissions. No availability, removal cause or return date for a specific release is established.",,,,,,
b4_007,balanced,current:student,Life would be so much easier if got7 had an official spotify. when is got7's discography going to be on Spotify?,"Official Spotify guidance, checked 2026-09-17","SheerID handles student verification. Try a private browser window to avoid autofill problems. If verification still fails, use the SheerID help route on this official page. Spotify cannot resolve SheerID verification issues.",,,,,,
b4_007,balanced,current:shuffle,Life would be so much easier if got7 had an official spotify. when is got7's discography going to be on Spotify?,"Official Spotify guidance, checked 2026-09-17","Smart Shuffle mixes recommendations into playback. It is always active on free mobile. Premium mobile users can disable Include Smart Shuffle in play modes under Settings and privacy, Playback. Premium shuffle also offers a Fewer repeats style; it reduces, not eliminates, repeats.",,,,,,
b4_007,balanced,current:autoplay,Life would be so much easier if got7 had an official spotify. when is got7's discography going to be on Spotify?,"Official Spotify guidance, checked 2026-09-17","Autoplay plays similar tracks after an album, playlist or selection ends. It can be disabled in settings: Playback, Autoplay on mobile; Autoplay in desktop settings. It does not explain extra tracks interspersed within a playlist.",,,,,,
b4_007,balanced,current:explicit,Life would be so much easier if got7 had an official spotify. when is got7's discography going to be on Spotify?,"Official Spotify guidance, checked 2026-09-17",Explicit releases have E or EXPLICIT tags supplied by rights holders. Search for different versions; some explicit releases have no clean version. This does not prove an uncensored version of a given track exists.,,,,,,
b4_007,balanced,current:library,Life would be so much easier if got7 had an official spotify. when is got7's discography going to be on Spotify?,"Official Spotify guidance, checked 2026-09-17","For music missing from Your Library, check filters on mobile and search to find and save it. A different account may explain missing saved content, but must not be asserted without evidence.",,,,,,
b4_007,balanced,current:contact,Life would be so much easier if got7 had an official spotify. when is got7's discography going to be on Spotify?,Need official human support,Spotify's contact page offers messaging with customer support. The assistant cannot contact staff or access accounts.,,,,,,
b4_007,balanced,current:playback,Life would be so much easier if got7 had an official spotify. when is got7's discography going to be on Spotify?,Technical trouble playing Spotify,"For playback or app technical problems, restart or update the app. Reinstalling requires downloading offline music and podcasts again. These steps do not answer playlist editing, catalog, billing or feature questions.",,,,,,
b4_007,balanced,policy:clarification,Life would be so much easier if got7 had an official spotify. when is got7's discography going to be on Spotify?,Missing diagnostic context,"Cadence's reviewed response policy permits a specific, relevant question about the affected feature, device, app version or exact error. Never repeat information already supplied or ask for private account details. A question is not a resolution.",,,,,,
b4_007,balanced,policy:social,Life would be so much easier if got7 had an official spotify. when is got7's discography going to be on Spotify?,Cadence conversational policy,A brief friendly acknowledgment of thanks or excitement is allowed without inventing facts or claiming an action. It is not a support resolution.,,,,,,
b4_008,quality,t_1726451,"oh wait i’ve just found it three times lol sorry for accusing you, have a good christmas x <url>",OH YEAH I’M SICK OF WAITING. I WANT LOL BY GFRIEND ON SPOTIFY! right THE HELL NOW!,"@user Hey! Fingers crossed we'll be able to have it soon, but there's info about Spotify content here: <url>",,,,,,
b4_008,quality,t_2289244,"oh wait i’ve just found it three times lol sorry for accusing you, have a good christmas x <url>",Why did deem @user’s Christmas album explicit? Lol 😂😂😂😂 <url>,@user Hey there! Can you send us the Album Link? Just tap the three dots > Share > Copy Link. We'll take a look,,,,,,
b4_008,quality,t_1816028,"oh wait i’ve just found it three times lol sorry for accusing you, have a good christmas x <url>","Hi, I’ve just found that all my downloaded tracks have been taken off! :( frustrating since i hardly have the data to stream","@user Hey, sorry to hear that! See the steps under “Downloads unexpectedly removed” at <url>. They should help with this",,,,,,
b4_008,quality,t_1964687,"oh wait i’ve just found it three times lol sorry for accusing you, have a good christmas x <url>","@user so like, why did y’all remove sarah geronimo’s Christmas album? I’ve been waiting all year to listen to it again. 😒😔",@user Hi there. Sometimes content gets temporarily removed because of licensing changes. Hopefully we'll have it available again soon,,,,,,
b4_008,quality,t_370271,"oh wait i’ve just found it three times lol sorry for accusing you, have a good christmas x <url>","@user Why is Chris Rea’s Driving Home for Christmas not on Spotify, you’ve ruined Christmas! <url>","@user Hi Jake! Fingers crossed we'll be able to have it back soon, but there's info about Spotify content here: <url>",,,,,,
b4_008,quality,t_2144219,"oh wait i’ve just found it three times lol sorry for accusing you, have a good christmas x <url>",lol it's not Andreas Moss <url>,@user Hey! Can you send us the Song Link? Just tap the three dots > Share > Copy Link. We'll check it out,,,,,,
b4_008,quality,current:contact,"oh wait i’ve just found it three times lol sorry for accusing you, have a good christmas x <url>",Need official human support,Spotify's contact page offers messaging with customer support. The assistant cannot contact staff or access accounts.,,,,,,
b4_008,quality,current:playback,"oh wait i’ve just found it three times lol sorry for accusing you, have a good christmas x <url>",Technical trouble playing Spotify,"For playback or app technical problems, restart or update the app. Reinstalling requires downloading offline music and podcasts again. These steps do not answer playlist editing, catalog, billing or feature questions.",,,,,,
b4_008,quality,policy:clarification,"oh wait i’ve just found it three times lol sorry for accusing you, have a good christmas x <url>",Missing diagnostic context,"Cadence's reviewed response policy permits a specific, relevant question about the affected feature, device, app version or exact error. Never repeat information already supplied or ask for private account details. A question is not a resolution.",,,,,,
b4_008,balanced,t_1726451,"oh wait i’ve just found it three times lol sorry for accusing you, have a good christmas x <url>",OH YEAH I’M SICK OF WAITING. I WANT LOL BY GFRIEND ON SPOTIFY! right THE HELL NOW!,"@user Hey! Fingers crossed we'll be able to have it soon, but there's info about Spotify content here: <url>",,,,,,
b4_008,balanced,t_2289244,"oh wait i’ve just found it three times lol sorry for accusing you, have a good christmas x <url>",Why did deem @user’s Christmas album explicit? Lol 😂😂😂😂 <url>,@user Hey there! Can you send us the Album Link? Just tap the three dots > Share > Copy Link. We'll take a look,,,,,,
b4_008,balanced,t_1816028,"oh wait i’ve just found it three times lol sorry for accusing you, have a good christmas x <url>","Hi, I’ve just found that all my downloaded tracks have been taken off! :( frustrating since i hardly have the data to stream","@user Hey, sorry to hear that! See the steps under “Downloads unexpectedly removed” at <url>. They should help with this",,,,,,
b4_008,balanced,t_1964687,"oh wait i’ve just found it three times lol sorry for accusing you, have a good christmas x <url>","@user so like, why did y’all remove sarah geronimo’s Christmas album? I’ve been waiting all year to listen to it again. 😒😔",@user Hi there. Sometimes content gets temporarily removed because of licensing changes. Hopefully we'll have it available again soon,,,,,,
b4_008,balanced,t_370271,"oh wait i’ve just found it three times lol sorry for accusing you, have a good christmas x <url>","@user Why is Chris Rea’s Driving Home for Christmas not on Spotify, you’ve ruined Christmas! <url>","@user Hi Jake! Fingers crossed we'll be able to have it back soon, but there's info about Spotify content here: <url>",,,,,,
b4_008,balanced,t_2144219,"oh wait i’ve just found it three times lol sorry for accusing you, have a good christmas x <url>",lol it's not Andreas Moss <url>,@user Hey! Can you send us the Song Link? Just tap the three dots > Share > Copy Link. We'll check it out,,,,,,
b4_008,balanced,current:family,"oh wait i’ve just found it three times lol sorry for accusing you, have a good christmas x <url>","Official Spotify guidance, checked 2026-09-17",Premium Family is for family members living together. Members must live with the plan manager and use the same home address. This general rule does not establish a temporary-absence exception or eligibility of an individual account.,,,,,,
b4_008,balanced,current:wrapped,"oh wait i’ve just found it three times lol sorry for accusing you, have a good christmas x <url>","Official Spotify guidance, checked 2026-09-17",Wrapped is Spotify's annual listening summary and includes personalized playlists. Some features have eligibility requirements. The support page links official updates; it does not establish a release date for an upcoming edition.,,,,,,
b4_008,balanced,current:profile,"oh wait i’ve just found it three times lol sorry for accusing you, have a good christmas x <url>","Official Spotify guidance, checked 2026-09-17","A display name replaces the username on profiles, apps and playlists, but cannot be used to log in. Mobile: profile picture, View profile, EDIT, change name, Save.",,,,,,
b4_008,balanced,current:ideas,"oh wait i’ve just found it three times lol sorry for accusing you, have a good christmas x <url>","Official Spotify guidance, checked 2026-09-17","Customers can search the Community Ideas board, vote for an existing idea or submit a new idea after logging in. No particular idea, feature release or staff action is confirmed.",,,,,,
b4_008,balanced,current:catalog,"oh wait i’ve just found it three times lol sorry for accusing you, have a good christmas x <url>","Official Spotify guidance, checked 2026-09-17","Catalog availability varies over time and by country according to rights-holder permissions. No availability, removal cause or return date for a specific release is established.",,,,,,
b4_008,balanced,current:student,"oh wait i’ve just found it three times lol sorry for accusing you, have a good christmas x <url>","Official Spotify guidance, checked 2026-09-17","SheerID handles student verification. Try a private browser window to avoid autofill problems. If verification still fails, use the SheerID help route on this official page. Spotify cannot resolve SheerID verification issues.",,,,,,
b4_008,balanced,current:shuffle,"oh wait i’ve just found it three times lol sorry for accusing you, have a good christmas x <url>","Official Spotify guidance, checked 2026-09-17","Smart Shuffle mixes recommendations into playback. It is always active on free mobile. Premium mobile users can disable Include Smart Shuffle in play modes under Settings and privacy, Playback. Premium shuffle also offers a Fewer repeats style; it reduces, not eliminates, repeats.",,,,,,
b4_008,balanced,current:autoplay,"oh wait i’ve just found it three times lol sorry for accusing you, have a good christmas x <url>","Official Spotify guidance, checked 2026-09-17","Autoplay plays similar tracks after an album, playlist or selection ends. It can be disabled in settings: Playback, Autoplay on mobile; Autoplay in desktop settings. It does not explain extra tracks interspersed within a playlist.",,,,,,
b4_008,balanced,current:explicit,"oh wait i’ve just found it three times lol sorry for accusing you, have a good christmas x <url>","Official Spotify guidance, checked 2026-09-17",Explicit releases have E or EXPLICIT tags supplied by rights holders. Search for different versions; some explicit releases have no clean version. This does not prove an uncensored version of a given track exists.,,,,,,
b4_008,balanced,current:library,"oh wait i’ve just found it three times lol sorry for accusing you, have a good christmas x <url>","Official Spotify guidance, checked 2026-09-17","For music missing from Your Library, check filters on mobile and search to find and save it. A different account may explain missing saved content, but must not be asserted without evidence.",,,,,,
b4_008,balanced,current:contact,"oh wait i’ve just found it three times lol sorry for accusing you, have a good christmas x <url>",Need official human support,Spotify's contact page offers messaging with customer support. The assistant cannot contact staff or access accounts.,,,,,,
b4_008,balanced,current:playback,"oh wait i’ve just found it three times lol sorry for accusing you, have a good christmas x <url>",Technical trouble playing Spotify,"For playback or app technical problems, restart or update the app. Reinstalling requires downloading offline music and podcasts again. These steps do not answer playlist editing, catalog, billing or feature questions.",,,,,,
b4_008,balanced,policy:clarification,"oh wait i’ve just found it three times lol sorry for accusing you, have a good christmas x <url>",Missing diagnostic context,"Cadence's reviewed response policy permits a specific, relevant question about the affected feature, device, app version or exact error. Never repeat information already supplied or ask for private account details. A question is not a resolution.",,,,,,
b4_008,balanced,policy:social,"oh wait i’ve just found it three times lol sorry for accusing you, have a good christmas x <url>",Cadence conversational policy,A brief friendly acknowledgment of thanks or excitement is allowed without inventing facts or claiming an action. It is not a support resolution.,,,,,,
b4_008,agent,t_1726451,"oh wait i’ve just found it three times lol sorry for accusing you, have a good christmas x <url>",OH YEAH I’M SICK OF WAITING. I WANT LOL BY GFRIEND ON SPOTIFY! right THE HELL NOW!,"@user Hey! Fingers crossed we'll be able to have it soon, but there's info about Spotify content here: <url>",,,,,,
b4_008,agent,t_2289244,"oh wait i’ve just found it three times lol sorry for accusing you, have a good christmas x <url>",Why did deem @user’s Christmas album explicit? Lol 😂😂😂😂 <url>,@user Hey there! Can you send us the Album Link? Just tap the three dots > Share > Copy Link. We'll take a look,,,,,,
b4_008,agent,t_1816028,"oh wait i’ve just found it three times lol sorry for accusing you, have a good christmas x <url>","Hi, I’ve just found that all my downloaded tracks have been taken off! :( frustrating since i hardly have the data to stream","@user Hey, sorry to hear that! See the steps under “Downloads unexpectedly removed” at <url>. They should help with this",,,,,,
b4_008,agent,t_1964687,"oh wait i’ve just found it three times lol sorry for accusing you, have a good christmas x <url>","@user so like, why did y’all remove sarah geronimo’s Christmas album? I’ve been waiting all year to listen to it again. 😒😔",@user Hi there. Sometimes content gets temporarily removed because of licensing changes. Hopefully we'll have it available again soon,,,,,,
b4_008,agent,t_370271,"oh wait i’ve just found it three times lol sorry for accusing you, have a good christmas x <url>","@user Why is Chris Rea’s Driving Home for Christmas not on Spotify, you’ve ruined Christmas! <url>","@user Hi Jake! Fingers crossed we'll be able to have it back soon, but there's info about Spotify content here: <url>",,,,,,
b4_008,agent,t_2144219,"oh wait i’ve just found it three times lol sorry for accusing you, have a good christmas x <url>",lol it's not Andreas Moss <url>,@user Hey! Can you send us the Song Link? Just tap the three dots > Share > Copy Link. We'll check it out,,,,,,
b4_009,balanced,t_500938,. why don’t you just make the now playing the same as rap caviar bc it looks dope,did somebody forget to update the playlists? #RapCaviar has the same tracks as last week. #weak,@user Hey Travis! That's odd. The Rap Caviar playlist was updated recently. Can you try logging out of your account and back in? Let us know if that makes a difference,,,,,,
b4_009,balanced,t_2508332,. why don’t you just make the now playing the same as rap caviar bc it looks dope,"listening to ""Rap Caviar ft. Future"" and, as expected, it's a lot like if you took caviar - an already divisive dish - and garnished it with dog shit","@user Hi there! Thanks for sharing your thoughts on this. Don't worry, we’ll make sure your feedback reaches the right folks",,,,,,
b4_009,balanced,t_2183127,. why don’t you just make the now playing the same as rap caviar bc it looks dope,when can houston expect Rap Caviar to come?,@user Hi Jarren! You can now listen to the RapCaviar playlist. Just head to <url>. Let us know if you need anything else,,,,,,
b4_009,balanced,t_1464509,. why don’t you just make the now playing the same as rap caviar bc it looks dope,Ghostface Killers should be on Rap Caviar by now. Just saying,"@user 1: Hey Carlyle, thanks for the feedback! Our Curation team are independent and use taste, data, research, and trends to create...",,,,,,
b4_009,balanced,t_1343817,. why don’t you just make the now playing the same as rap caviar bc it looks dope,"you know what I listen to daily, why is “rap caviar” “viva latino” “nashville” -ALWAYS- on the top of my player?","@user Hey there, help's here! We'd suggest heading to Browse > Discover for music picked just for you 🙂",,,,,,
b4_009,balanced,t_2481887,. why don’t you just make the now playing the same as rap caviar bc it looks dope,why are ads playing at THE SAME TIME as my music without fail - that’s a whole mishmash of sounds I don’t want to be hearing,"@user Hey, that's not good! What device, operating system, and Spotify version are you rocking? We'll see what we can suggest",,,,,,
b4_009,balanced,current:family,. why don’t you just make the now playing the same as rap caviar bc it looks dope,"Official Spotify guidance, checked 2026-09-17",Premium Family is for family members living together. Members must live with the plan manager and use the same home address. This general rule does not establish a temporary-absence exception or eligibility of an individual account.,,,,,,
b4_009,balanced,current:wrapped,. why don’t you just make the now playing the same as rap caviar bc it looks dope,"Official Spotify guidance, checked 2026-09-17",Wrapped is Spotify's annual listening summary and includes personalized playlists. Some features have eligibility requirements. The support page links official updates; it does not establish a release date for an upcoming edition.,,,,,,
b4_009,balanced,current:profile,. why don’t you just make the now playing the same as rap caviar bc it looks dope,"Official Spotify guidance, checked 2026-09-17","A display name replaces the username on profiles, apps and playlists, but cannot be used to log in. Mobile: profile picture, View profile, EDIT, change name, Save.",,,,,,
b4_009,balanced,current:ideas,. why don’t you just make the now playing the same as rap caviar bc it looks dope,"Official Spotify guidance, checked 2026-09-17","Customers can search the Community Ideas board, vote for an existing idea or submit a new idea after logging in. No particular idea, feature release or staff action is confirmed.",,,,,,
b4_009,balanced,current:catalog,. why don’t you just make the now playing the same as rap caviar bc it looks dope,"Official Spotify guidance, checked 2026-09-17","Catalog availability varies over time and by country according to rights-holder permissions. No availability, removal cause or return date for a specific release is established.",,,,,,
b4_009,balanced,current:student,. why don’t you just make the now playing the same as rap caviar bc it looks dope,"Official Spotify guidance, checked 2026-09-17","SheerID handles student verification. Try a private browser window to avoid autofill problems. If verification still fails, use the SheerID help route on this official page. Spotify cannot resolve SheerID verification issues.",,,,,,
b4_009,balanced,current:shuffle,. why don’t you just make the now playing the same as rap caviar bc it looks dope,"Official Spotify guidance, checked 2026-09-17","Smart Shuffle mixes recommendations into playback. It is always active on free mobile. Premium mobile users can disable Include Smart Shuffle in play modes under Settings and privacy, Playback. Premium shuffle also offers a Fewer repeats style; it reduces, not eliminates, repeats.",,,,,,
b4_009,balanced,current:autoplay,. why don’t you just make the now playing the same as rap caviar bc it looks dope,"Official Spotify guidance, checked 2026-09-17","Autoplay plays similar tracks after an album, playlist or selection ends. It can be disabled in settings: Playback, Autoplay on mobile; Autoplay in desktop settings. It does not explain extra tracks interspersed within a playlist.",,,,,,
b4_009,balanced,current:explicit,. why don’t you just make the now playing the same as rap caviar bc it looks dope,"Official Spotify guidance, checked 2026-09-17",Explicit releases have E or EXPLICIT tags supplied by rights holders. Search for different versions; some explicit releases have no clean version. This does not prove an uncensored version of a given track exists.,,,,,,
b4_009,balanced,current:library,. why don’t you just make the now playing the same as rap caviar bc it looks dope,"Official Spotify guidance, checked 2026-09-17","For music missing from Your Library, check filters on mobile and search to find and save it. A different account may explain missing saved content, but must not be asserted without evidence.",,,,,,
b4_009,balanced,current:contact,. why don’t you just make the now playing the same as rap caviar bc it looks dope,Need official human support,Spotify's contact page offers messaging with customer support. The assistant cannot contact staff or access accounts.,,,,,,
b4_009,balanced,current:playback,. why don’t you just make the now playing the same as rap caviar bc it looks dope,Technical trouble playing Spotify,"For playback or app technical problems, restart or update the app. Reinstalling requires downloading offline music and podcasts again. These steps do not answer playlist editing, catalog, billing or feature questions.",,,,,,
b4_009,balanced,policy:clarification,. why don’t you just make the now playing the same as rap caviar bc it looks dope,Missing diagnostic context,"Cadence's reviewed response policy permits a specific, relevant question about the affected feature, device, app version or exact error. Never repeat information already supplied or ask for private account details. A question is not a resolution.",,,,,,
b4_009,balanced,policy:social,. why don’t you just make the now playing the same as rap caviar bc it looks dope,Cadence conversational policy,A brief friendly acknowledgment of thanks or excitement is allowed without inventing facts or claiming an action. It is not a support resolution.,,,,,,
b4_009,agent,t_500938,. why don’t you just make the now playing the same as rap caviar bc it looks dope,did somebody forget to update the playlists? #RapCaviar has the same tracks as last week. #weak,@user Hey Travis! That's odd. The Rap Caviar playlist was updated recently. Can you try logging out of your account and back in? Let us know if that makes a difference,,,,,,
b4_009,agent,t_2508332,. why don’t you just make the now playing the same as rap caviar bc it looks dope,"listening to ""Rap Caviar ft. Future"" and, as expected, it's a lot like if you took caviar - an already divisive dish - and garnished it with dog shit","@user Hi there! Thanks for sharing your thoughts on this. Don't worry, we’ll make sure your feedback reaches the right folks",,,,,,
b4_009,agent,t_2183127,. why don’t you just make the now playing the same as rap caviar bc it looks dope,when can houston expect Rap Caviar to come?,@user Hi Jarren! You can now listen to the RapCaviar playlist. Just head to <url>. Let us know if you need anything else,,,,,,
b4_009,agent,t_1464509,. why don’t you just make the now playing the same as rap caviar bc it looks dope,Ghostface Killers should be on Rap Caviar by now. Just saying,"@user 1: Hey Carlyle, thanks for the feedback! Our Curation team are independent and use taste, data, research, and trends to create...",,,,,,
b4_009,agent,t_1343817,. why don’t you just make the now playing the same as rap caviar bc it looks dope,"you know what I listen to daily, why is “rap caviar” “viva latino” “nashville” -ALWAYS- on the top of my player?","@user Hey there, help's here! We'd suggest heading to Browse > Discover for music picked just for you 🙂",,,,,,
b4_009,agent,t_2481887,. why don’t you just make the now playing the same as rap caviar bc it looks dope,why are ads playing at THE SAME TIME as my music without fail - that’s a whole mishmash of sounds I don’t want to be hearing,"@user Hey, that's not good! What device, operating system, and Spotify version are you rocking? We'll see what we can suggest",,,,,,
b4_009,quality,t_500938,. why don’t you just make the now playing the same as rap caviar bc it looks dope,did somebody forget to update the playlists? #RapCaviar has the same tracks as last week. #weak,@user Hey Travis! That's odd. The Rap Caviar playlist was updated recently. Can you try logging out of your account and back in? Let us know if that makes a difference,,,,,,
b4_009,quality,t_2508332,. why don’t you just make the now playing the same as rap caviar bc it looks dope,"listening to ""Rap Caviar ft. Future"" and, as expected, it's a lot like if you took caviar - an already divisive dish - and garnished it with dog shit","@user Hi there! Thanks for sharing your thoughts on this. Don't worry, we’ll make sure your feedback reaches the right folks",,,,,,
b4_009,quality,t_2183127,. why don’t you just make the now playing the same as rap caviar bc it looks dope,when can houston expect Rap Caviar to come?,@user Hi Jarren! You can now listen to the RapCaviar playlist. Just head to <url>. Let us know if you need anything else,,,,,,
b4_009,quality,t_1464509,. why don’t you just make the now playing the same as rap caviar bc it looks dope,Ghostface Killers should be on Rap Caviar by now. Just saying,"@user 1: Hey Carlyle, thanks for the feedback! Our Curation team are independent and use taste, data, research, and trends to create...",,,,,,
b4_009,quality,t_1343817,. why don’t you just make the now playing the same as rap caviar bc it looks dope,"you know what I listen to daily, why is “rap caviar” “viva latino” “nashville” -ALWAYS- on the top of my player?","@user Hey there, help's here! We'd suggest heading to Browse > Discover for music picked just for you 🙂",,,,,,
b4_009,quality,t_2481887,. why don’t you just make the now playing the same as rap caviar bc it looks dope,why are ads playing at THE SAME TIME as my music without fail - that’s a whole mishmash of sounds I don’t want to be hearing,"@user Hey, that's not good! What device, operating system, and Spotify version are you rocking? We'll see what we can suggest",,,,,,
b4_009,quality,current:contact,. why don’t you just make the now playing the same as rap caviar bc it looks dope,Need official human support,Spotify's contact page offers messaging with customer support. The assistant cannot contact staff or access accounts.,,,,,,
b4_009,quality,current:playback,. why don’t you just make the now playing the same as rap caviar bc it looks dope,Technical trouble playing Spotify,"For playback or app technical problems, restart or update the app. Reinstalling requires downloading offline music and podcasts again. These steps do not answer playlist editing, catalog, billing or feature questions.",,,,,,
b4_009,quality,policy:clarification,. why don’t you just make the now playing the same as rap caviar bc it looks dope,Missing diagnostic context,"Cadence's reviewed response policy permits a specific, relevant question about the affected feature, device, app version or exact error. Never repeat information already supplied or ask for private account details. A question is not a resolution.",,,,,,
b4_010,agent,t_989810,how soon? i don't have much time of life so yk <url>,If offered in- app purchases the life of those who don’t have credit card would be so much easier. 😫🙄,@user We can see how that’d be handy. Thanks for taking the time to reach out – your feedback's been noted 📝,,,,,,
b4_010,agent,t_166634,how soon? i don't have much time of life so yk <url>,"why dont you have Tool in your Music database, i need Tool in my life, you need tool in your life so lets get much Tool.","@user Hey there! We’d love to have their stuff available, but we have some info about content here: <url>. Hope this info helps",,,,,,
b4_010,agent,t_566284,how soon? i don't have much time of life so yk <url>,How come you don't have Tool available? :( <url>,"@user Hey, we'd love them on Spotify as much as you! Hopefully we'll have them in the future: <url>",,,,,,
b4_010,agent,t_994603,how soon? i don't have much time of life so yk <url>,"Plz put Webbie ""Savage Life"" Savage Life (Chopped and Screwed) in your database","@user Hi there! Fingers crossed we'll be able to have it soon, but there's info about Spotify content here: <url>",,,,,,
b4_010,agent,t_951085,how soon? i don't have much time of life so yk <url>,how y’all ain’t got Savage Life 1 on y’all wack as hell for that,@user Hi there. We’ll have it available to you as soon as it’s available to us! <url> 🙂,,,,,,
b4_010,agent,t_2688599,how soon? i don't have much time of life so yk <url>,my music doesn’t count down how much time is left in the song. How do I get that back?,"@user Hi Alexander! Don't worry, help's here. Can you let us know the device, operating system, and Spotify version you're using? We'll see what we can suggest",,,,,,
b4_010,quality,current:contact,how soon? i don't have much time of life so yk <url>,Need official human support,Spotify's contact page offers messaging with customer support. The assistant cannot contact staff or access accounts.,,,,,,
b4_010,balanced,current:contact,how soon? i don't have much time of life so yk <url>,Need official human support,Spotify's contact page offers messaging with customer support. The assistant cannot contact staff or access accounts.,,,,,,
b4_011,quality,current:contact,How can I play/pause music like on screen-shot below ? What I need to do to have it like on screen-shot? <url>,Need official human support,Spotify's contact page offers messaging with customer support. The assistant cannot contact staff or access accounts.,,,,,,
b4_011,balanced,current:contact,How can I play/pause music like on screen-shot below ? What I need to do to have it like on screen-shot? <url>,Need official human support,Spotify's contact page offers messaging with customer support. The assistant cannot contact staff or access accounts.,,,,,,
b4_011,agent,t_2472599,How can I play/pause music like on screen-shot below ? What I need to do to have it like on screen-shot? <url>,"this pause/play glitch is killing my 4am cleaning vibes. Please fix, thanks. (every time I pause it, it gets stuck when I hit play. I have to close the app and reopen it to get the music going again)","@user Hey there! Could you let us know what device, operating system, and Spotify version you're using? Also, how much space do you have left on your device?",,,,,,
b4_011,agent,t_187736,How can I play/pause music like on screen-shot below ? What I need to do to have it like on screen-shot? <url>,How do I know which music channel is playing from this homes screen? <url>,"@user Hey Arnab! Help's here. When you say ""music channel"", did you mean playlist?",,,,,,
b4_011,agent,t_2917967,How can I play/pause music like on screen-shot below ? What I need to do to have it like on screen-shot? <url>,"iOS app not working. iPhone 7, latest update. When ever I try to do anything I get they below screen shot. Tried reinstalling and restarting, but no dice. My library is the only part that works. Help! <url>",@user Hey Rob! Everything should be running smoothly now. Let us know if this is still happening,,,,,,
b4_011,agent,t_376411,How can I play/pause music like on screen-shot below ? What I need to do to have it like on screen-shot? <url>,@user why wont iOS11 let me pause/play/skip tracks on from my lock screen?! I don’t appreciate this...,@user Hey John! What Spotify version are you using? We'll see what we can suggest,,,,,,
b4_011,agent,t_2070347,How can I play/pause music like on screen-shot below ? What I need to do to have it like on screen-shot? <url>,how do I download my music for offline use on the Windows PC App?,@user Hey! On Just toggle on Download right below the name of the playlist you want to listen to offline. More info at <url>,,,,,,
b4_011,agent,t_585123,How can I play/pause music like on screen-shot below ? What I need to do to have it like on screen-shot? <url>,"what can i do to ensure that i get a year in music email this year, please tell me - you have one more shot this year at keeping my business",@user Hi there! We currently don't have any info to share about this. Give us a shout if you have any other questions,,,,,,
b4_012,balanced,current:contact,yeah. i was offered 30 minutes and only got 10 where's my 20?,Need official human support,Spotify's contact page offers messaging with customer support. The assistant cannot contact staff or access accounts.,,,,,,
b4_012,agent,t_2317509,yeah. i was offered 30 minutes and only got 10 where's my 20?,offering me 30 minutes of ad free music every 10 minutes is why I have trust issues..,"@user Hey Pat, that doesn't sound good! Did the app crash at any point during the 30 minutes? That can cause the ad-free time to reset",,,,,,
b4_012,agent,t_879598,yeah. i was offered 30 minutes and only got 10 where's my 20?,"Dear , you say I get 30 minutes of ad free music but I only got 27 minutes and 32 seconds of ad free music.","@user Hey, that doesn't sound right. Did the app crash at any point during the 30 minutes? That can cause the ad-free time to reset",,,,,,
b4_012,agent,t_2487425,yeah. i was offered 30 minutes and only got 10 where's my 20?,Dang ! When I signed on 10 minutes ago you said I was getting 30 minutes ad-free and now you’re telling me to watch a video to get 30 free minutes...,"@user Hi Lucy! You'll need to watch the video ad in full first to get 30 minutes of ad-free listening. After 30 minutes, regular audio ads will play 🙂",,,,,,
b4_012,agent,t_2240439,yeah. i was offered 30 minutes and only got 10 where's my 20?,why do i get ads every 10 minutes instead of 30 minutes ?,"@user Hey, that doesn't sound good! Did the app crash at any point during the 30 minutes? That can cause the ad-free time to reset",,,,,,
b4_012,agent,t_310787,yeah. i was offered 30 minutes and only got 10 where's my 20?,"3 ads in 20 minutes, 2 of which promised 30 mins of ad-free music. WTF? We can't change playlists in 30 mins or we get more ads?","@user Hey Sara, that doesn't sound good! Did the app crash at any point during the 30 minutes? That can cause the ad-free time to reset",,,,,,
b4_012,agent,t_1615802,yeah. i was offered 30 minutes and only got 10 where's my 20?,when you say click the banner for 30 minutes of ad free listening. Shouldn’t I get 30 minutes of ad free listening instead of 10?,"@user Hey Travis, that doesn't sound good! Did the app crash at any point during the 30 minutes? That can cause the ad-free time to reset",,,,,,
b4_012,quality,current:contact,yeah. i was offered 30 minutes and only got 10 where's my 20?,Need official human support,Spotify's contact page offers messaging with customer support. The assistant cannot contact staff or access accounts.,,,,,,
b4_013,agent,t_1870488,"somebody has changed my acct email, emailed you guys and still no reply!",somebody hacked my account and changed my email,"@user Hey there, help's arrived! We’re sorry to hear that. Check out <url> for what to do next",,,,,,
b4_013,agent,t_2690961,"somebody has changed my acct email, emailed you guys and still no reply!",HELP! My account has just been hacked and now I can no longer login to my account - the email address has been changed without my consent!,@user Hey! We’re sorry to hear that. Check out <url> for what to do next,,,,,,
b4_013,agent,t_494233,"somebody has changed my acct email, emailed you guys and still no reply!","Somebody changed my account's email address and password, so now I can't listen to music. I emailed, but that seems to be taking a while, so I figured I'd try twitter.","@user Hey Wesley, we’re sorry to hear that. Check out <url> for what to do next",,,,,,
b4_013,agent,t_1796593,"somebody has changed my acct email, emailed you guys and still no reply!",how can I keep my Spotify acct current if I move my acct from Rogers to Spotify?,"@user Hi Shari, help has arrived. Can you DM us your account's email address or username? We'll see what we can suggest <url>",,,,,,
b4_013,agent,t_2050046,"somebody has changed my acct email, emailed you guys and still no reply!","Can't log into web. I disconnected my Spotify acct from FB in settings months ago, and app still working.","@user Hi Chris, help has arrived! Can you DM us your account's email address or username? We'll take a look under the hood <url>",,,,,,
b4_013,agent,t_1941372,"somebody has changed my acct email, emailed you guys and still no reply!","Astounded to discover just how long has been installing itself in the profile folder on Windows, with no option of changing.","@user Hi Jonathan. Don't worry, we'll look into this. Can you tell us exactly what's going on and what needs to be changed?",,,,,,
b4_013,quality,current:contact,"somebody has changed my acct email, emailed you guys and still no reply!",Need official human support,Spotify's contact page offers messaging with customer support. The assistant cannot contact staff or access accounts.,,,,,,
b4_013,balanced,current:contact,"somebody has changed my acct email, emailed you guys and still no reply!",Need official human support,Spotify's contact page offers messaging with customer support. The assistant cannot contact staff or access accounts.,,,,,,
b4_014,quality,t_1324014,Can you guys help me out with a problem about which artist a few of my songs is under?,The playlist This Is: Rodriguez has a few tracks by different Rodriguez artists <url>,@user Hi Jacob! Help's here. Can you send us the song links that are from a different artist? We'll check things out,,,,,,
b4_014,quality,t_1864676,Can you guys help me out with a problem about which artist a few of my songs is under?,"@user Hey Guys, there's a blank in my name which should not be there. Could u pls help me? Got this problem since over 1 year now <url>","@user Hey! You can contact our Artist team here: <url>. If you've reached out, DM us your email address & we'll chase it up <url>",,,,,,
b4_014,quality,t_2653189,Can you guys help me out with a problem about which artist a few of my songs is under?,Hey guys any insight as to why my downloaded music keeps getting deleted off my ipod? Bit of a pain having to re-download a few thousands songs,@user Hey! Sorry to hear that. Check out the steps under “Downloads unexpectedly removed” at <url>. They should help with this,,,,,,
b4_014,quality,t_619709,Can you guys help me out with a problem about which artist a few of my songs is under?,MY SONG IS UNDER ANOTHER ARTIST CAN YOU HELP 💕,@user Hey - sorry about that! We’d recommend reaching out to your distributor/aggregator. They'll work with our team to make sure your artist page gets fixed up,,,,,,
b4_014,quality,t_2913851,Can you guys help me out with a problem about which artist a few of my songs is under?,whats the problem actually i cant search music or artists pls help me (it isnt a connection problem I already try it) <url>,"@user Hey max. We've made a few tweaks backstage, so this should now be fixed up. Let us know if not!",,,,,,
b4_014,quality,t_1974581,Can you guys help me out with a problem about which artist a few of my songs is under?,I have a problem with my new release not showing up under my artist profile. When can you fix this?,@user Hey! Sorry about that. We’d recommend reaching out to your distributor/aggregator. They'll work with our team to get this sorted,,,,,,
b4_014,quality,current:contact,Can you guys help me out with a problem about which artist a few of my songs is under?,Need official human support,Spotify's contact page offers messaging with customer support. The assistant cannot contact staff or access accounts.,,,,,,
b4_014,quality,current:playback,Can you guys help me out with a problem about which artist a few of my songs is under?,Technical trouble playing Spotify,"For playback or app technical problems, restart or update the app. Reinstalling requires downloading offline music and podcasts again. These steps do not answer playlist editing, catalog, billing or feature questions.",,,,,,
b4_014,quality,policy:clarification,Can you guys help me out with a problem about which artist a few of my songs is under?,Missing diagnostic context,"Cadence's reviewed response policy permits a specific, relevant question about the affected feature, device, app version or exact error. Never repeat information already supplied or ask for private account details. A question is not a resolution.",,,,,,
b4_014,balanced,t_1324014,Can you guys help me out with a problem about which artist a few of my songs is under?,The playlist This Is: Rodriguez has a few tracks by different Rodriguez artists <url>,@user Hi Jacob! Help's here. Can you send us the song links that are from a different artist? We'll check things out,,,,,,
b4_014,balanced,t_1864676,Can you guys help me out with a problem about which artist a few of my songs is under?,"@user Hey Guys, there's a blank in my name which should not be there. Could u pls help me? Got this problem since over 1 year now <url>","@user Hey! You can contact our Artist team here: <url>. If you've reached out, DM us your email address & we'll chase it up <url>",,,,,,
b4_014,balanced,t_2653189,Can you guys help me out with a problem about which artist a few of my songs is under?,Hey guys any insight as to why my downloaded music keeps getting deleted off my ipod? Bit of a pain having to re-download a few thousands songs,@user Hey! Sorry to hear that. Check out the steps under “Downloads unexpectedly removed” at <url>. They should help with this,,,,,,
b4_014,balanced,t_619709,Can you guys help me out with a problem about which artist a few of my songs is under?,MY SONG IS UNDER ANOTHER ARTIST CAN YOU HELP 💕,@user Hey - sorry about that! We’d recommend reaching out to your distributor/aggregator. They'll work with our team to make sure your artist page gets fixed up,,,,,,
b4_014,balanced,t_2913851,Can you guys help me out with a problem about which artist a few of my songs is under?,whats the problem actually i cant search music or artists pls help me (it isnt a connection problem I already try it) <url>,"@user Hey max. We've made a few tweaks backstage, so this should now be fixed up. Let us know if not!",,,,,,
b4_014,balanced,t_1974581,Can you guys help me out with a problem about which artist a few of my songs is under?,I have a problem with my new release not showing up under my artist profile. When can you fix this?,@user Hey! Sorry about that. We’d recommend reaching out to your distributor/aggregator. They'll work with our team to get this sorted,,,,,,
b4_014,balanced,current:family,Can you guys help me out with a problem about which artist a few of my songs is under?,"Official Spotify guidance, checked 2026-09-17",Premium Family is for family members living together. Members must live with the plan manager and use the same home address. This general rule does not establish a temporary-absence exception or eligibility of an individual account.,,,,,,
b4_014,balanced,current:wrapped,Can you guys help me out with a problem about which artist a few of my songs is under?,"Official Spotify guidance, checked 2026-09-17",Wrapped is Spotify's annual listening summary and includes personalized playlists. Some features have eligibility requirements. The support page links official updates; it does not establish a release date for an upcoming edition.,,,,,,
b4_014,balanced,current:profile,Can you guys help me out with a problem about which artist a few of my songs is under?,"Official Spotify guidance, checked 2026-09-17","A display name replaces the username on profiles, apps and playlists, but cannot be used to log in. Mobile: profile picture, View profile, EDIT, change name, Save.",,,,,,
b4_014,balanced,current:ideas,Can you guys help me out with a problem about which artist a few of my songs is under?,"Official Spotify guidance, checked 2026-09-17","Customers can search the Community Ideas board, vote for an existing idea or submit a new idea after logging in. No particular idea, feature release or staff action is confirmed.",,,,,,
b4_014,balanced,current:catalog,Can you guys help me out with a problem about which artist a few of my songs is under?,"Official Spotify guidance, checked 2026-09-17","Catalog availability varies over time and by country according to rights-holder permissions. No availability, removal cause or return date for a specific release is established.",,,,,,
b4_014,balanced,current:student,Can you guys help me out with a problem about which artist a few of my songs is under?,"Official Spotify guidance, checked 2026-09-17","SheerID handles student verification. Try a private browser window to avoid autofill problems. If verification still fails, use the SheerID help route on this official page. Spotify cannot resolve SheerID verification issues.",,,,,,
b4_014,balanced,current:shuffle,Can you guys help me out with a problem about which artist a few of my songs is under?,"Official Spotify guidance, checked 2026-09-17","Smart Shuffle mixes recommendations into playback. It is always active on free mobile. Premium mobile users can disable Include Smart Shuffle in play modes under Settings and privacy, Playback. Premium shuffle also offers a Fewer repeats style; it reduces, not eliminates, repeats.",,,,,,
b4_014,balanced,current:autoplay,Can you guys help me out with a problem about which artist a few of my songs is under?,"Official Spotify guidance, checked 2026-09-17","Autoplay plays similar tracks after an album, playlist or selection ends. It can be disabled in settings: Playback, Autoplay on mobile; Autoplay in desktop settings. It does not explain extra tracks interspersed within a playlist.",,,,,,
b4_014,balanced,current:explicit,Can you guys help me out with a problem about which artist a few of my songs is under?,"Official Spotify guidance, checked 2026-09-17",Explicit releases have E or EXPLICIT tags supplied by rights holders. Search for different versions; some explicit releases have no clean version. This does not prove an uncensored version of a given track exists.,,,,,,
b4_014,balanced,current:library,Can you guys help me out with a problem about which artist a few of my songs is under?,"Official Spotify guidance, checked 2026-09-17","For music missing from Your Library, check filters on mobile and search to find and save it. A different account may explain missing saved content, but must not be asserted without evidence.",,,,,,
b4_014,balanced,current:contact,Can you guys help me out with a problem about which artist a few of my songs is under?,Need official human support,Spotify's contact page offers messaging with customer support. The assistant cannot contact staff or access accounts.,,,,,,
b4_014,balanced,current:playback,Can you guys help me out with a problem about which artist a few of my songs is under?,Technical trouble playing Spotify,"For playback or app technical problems, restart or update the app. Reinstalling requires downloading offline music and podcasts again. These steps do not answer playlist editing, catalog, billing or feature questions.",,,,,,
b4_014,balanced,policy:clarification,Can you guys help me out with a problem about which artist a few of my songs is under?,Missing diagnostic context,"Cadence's reviewed response policy permits a specific, relevant question about the affected feature, device, app version or exact error. Never repeat information already supplied or ask for private account details. A question is not a resolution.",,,,,,
b4_014,balanced,policy:social,Can you guys help me out with a problem about which artist a few of my songs is under?,Cadence conversational policy,A brief friendly acknowledgment of thanks or excitement is allowed without inventing facts or claiming an action. It is not a support resolution.,,,,,,
b4_014,agent,t_1324014,Can you guys help me out with a problem about which artist a few of my songs is under?,The playlist This Is: Rodriguez has a few tracks by different Rodriguez artists <url>,@user Hi Jacob! Help's here. Can you send us the song links that are from a different artist? We'll check things out,,,,,,
b4_014,agent,t_1864676,Can you guys help me out with a problem about which artist a few of my songs is under?,"@user Hey Guys, there's a blank in my name which should not be there. Could u pls help me? Got this problem since over 1 year now <url>","@user Hey! You can contact our Artist team here: <url>. If you've reached out, DM us your email address & we'll chase it up <url>",,,,,,
b4_014,agent,t_2653189,Can you guys help me out with a problem about which artist a few of my songs is under?,Hey guys any insight as to why my downloaded music keeps getting deleted off my ipod? Bit of a pain having to re-download a few thousands songs,@user Hey! Sorry to hear that. Check out the steps under “Downloads unexpectedly removed” at <url>. They should help with this,,,,,,
b4_014,agent,t_619709,Can you guys help me out with a problem about which artist a few of my songs is under?,MY SONG IS UNDER ANOTHER ARTIST CAN YOU HELP 💕,@user Hey - sorry about that! We’d recommend reaching out to your distributor/aggregator. They'll work with our team to make sure your artist page gets fixed up,,,,,,
b4_014,agent,t_2913851,Can you guys help me out with a problem about which artist a few of my songs is under?,whats the problem actually i cant search music or artists pls help me (it isnt a connection problem I already try it) <url>,"@user Hey max. We've made a few tweaks backstage, so this should now be fixed up. Let us know if not!",,,,,,
b4_014,agent,t_1974581,Can you guys help me out with a problem about which artist a few of my songs is under?,I have a problem with my new release not showing up under my artist profile. When can you fix this?,@user Hey! Sorry about that. We’d recommend reaching out to your distributor/aggregator. They'll work with our team to get this sorted,,,,,,
b4_015,balanced,current:contact,"Your app corrupted my SD Card, I have to pay $800 to get it removed and recover my pictures. Who in Spotify do i send the bill to?",Need official human support,Spotify's contact page offers messaging with customer support. The assistant cannot contact staff or access accounts.,,,,,,
b4_015,agent,t_544591,"Your app corrupted my SD Card, I have to pay $800 to get it removed and recover my pictures. Who in Spotify do i send the bill to?",Not really happy with so far spending over $100 on two SD cards just to have Spotify corrupt them. 2/2,@user Hey there. That's not cool. Can you let us know what happened before your SD cards got corrupted? We'll see what we can suggest,,,,,,
b4_015,agent,t_1950929,"Your app corrupted my SD Card, I have to pay $800 to get it removed and recover my pictures. Who in Spotify do i send the bill to?","all my downloaded songs were gone. My sd card wasn't corrupted, have visited spotify w/in 30 days...","@user Hey, sorry to hear that. Check out the steps under “Downloads unexpectedly removed” at <url>. They should out",,,,,,
b4_015,agent,t_1457850,"Your app corrupted my SD Card, I have to pay $800 to get it removed and recover my pictures. Who in Spotify do i send the bill to?",i think its my phone . out of nowhere today sd card corrupted. Nothin with your app sorry!!,@user No worries! Let us know if you ever need us again. We'd be... <url>,,,,,,
b4_015,agent,t_2483225,"Your app corrupted my SD Card, I have to pay $800 to get it removed and recover my pictures. Who in Spotify do i send the bill to?",How do i transfer my music to my sd card,@user Hi there! You can find more info about using an SD card for Spotify here: <url>,,,,,,
b4_015,agent,t_1009377,"Your app corrupted my SD Card, I have to pay $800 to get it removed and recover my pictures. Who in Spotify do i send the bill to?","I'm saving downloaded music to SD card on Android. Bug: If I remove it shortly, even without running Spotify, I lose all downloads.",@user Hey. Thanks for letting us know. We suggest turning off your device before removing the SD card to keep it healthy. Hope this helps,,,,,,
b4_015,agent,t_1353059,"Your app corrupted my SD Card, I have to pay $800 to get it removed and recover my pictures. Who in Spotify do i send the bill to?",Having problems with offline mode on my Honor 7. When I use my SD card for storage after every restart all downloads are gone!,"@user Hi there. Can you let us know what Android and Spotify version are you running? Also, how much space do you have left on your SD card?",,,,,,
b4_015,quality,current:contact,"Your app corrupted my SD Card, I have to pay $800 to get it removed and recover my pictures. Who in Spotify do i send the bill to?",Need official human support,Spotify's contact page offers messaging with customer support. The assistant cannot contact staff or access accounts.,,,,,,
b4_016,agent,t_1862948,Where is the cmbyn soundtrack <url>,HELP!! I CANT FIND THE CMBYN SOUNDTRACK ON SPOTIFY,"@user Hey there! We’d love to have all the world's music available, but we have some info about content here: <url>",,,,,,
b4_016,agent,t_2198208,Where is the cmbyn soundtrack <url>,where is the twilight soundtrack,@user Hey Shania! We’ll have it available to you as soon as it’s available to us! <url>,,,,,,
b4_016,agent,t_1872640,Where is the cmbyn soundtrack <url>,"paranorman, boxtrolls and kubo’s soundtrack albums are up on spotify where is CORALINE","@user Hey there! Fingers crossed we'll be able to have it soon, but there's info about Spotify content here: <url>",,,,,,
b4_016,agent,t_1388092,Where is the cmbyn soundtrack <url>,hey where’s the rest of the heathers soundtrack ur making it v hard for me to listen to it when i’m out of the house,@user Hey! We'd love to have them on Spotify. Hopefully we will in the future. Check this out: <url>,,,,,,
b4_016,agent,t_228075,Where is the cmbyn soundtrack <url>,why won't it let me play the Sweeney Todd soundtrack??,@user Hey Emily! Are you getting any error messages when trying to play the Sweeney Todd soundtrack? Keep us posted,,,,,,
b4_016,agent,t_429668,Where is the cmbyn soundtrack <url>,hi can you add Josie and the pussycats soundtrack thanks.,"@user Hey there! We’d love to have that soundtrack available, but we have some info about content here: <url>",,,,,,
b4_016,quality,t_1862948,Where is the cmbyn soundtrack <url>,HELP!! I CANT FIND THE CMBYN SOUNDTRACK ON SPOTIFY,"@user Hey there! We’d love to have all the world's music available, but we have some info about content here: <url>",,,,,,
b4_016,quality,t_2198208,Where is the cmbyn soundtrack <url>,where is the twilight soundtrack,@user Hey Shania! We’ll have it available to you as soon as it’s available to us! <url>,,,,,,
b4_016,quality,t_1872640,Where is the cmbyn soundtrack <url>,"paranorman, boxtrolls and kubo’s soundtrack albums are up on spotify where is CORALINE","@user Hey there! Fingers crossed we'll be able to have it soon, but there's info about Spotify content here: <url>",,,,,,
b4_016,quality,t_1388092,Where is the cmbyn soundtrack <url>,hey where’s the rest of the heathers soundtrack ur making it v hard for me to listen to it when i’m out of the house,@user Hey! We'd love to have them on Spotify. Hopefully we will in the future. Check this out: <url>,,,,,,
b4_016,quality,t_228075,Where is the cmbyn soundtrack <url>,why won't it let me play the Sweeney Todd soundtrack??,@user Hey Emily! Are you getting any error messages when trying to play the Sweeney Todd soundtrack? Keep us posted,,,,,,
b4_016,quality,t_429668,Where is the cmbyn soundtrack <url>,hi can you add Josie and the pussycats soundtrack thanks.,"@user Hey there! We’d love to have that soundtrack available, but we have some info about content here: <url>",,,,,,
b4_016,quality,current:contact,Where is the cmbyn soundtrack <url>,Need official human support,Spotify's contact page offers messaging with customer support. The assistant cannot contact staff or access accounts.,,,,,,
b4_016,quality,current:playback,Where is the cmbyn soundtrack <url>,Technical trouble playing Spotify,"For playback or app technical problems, restart or update the app. Reinstalling requires downloading offline music and podcasts again. These steps do not answer playlist editing, catalog, billing or feature questions.",,,,,,
b4_016,quality,policy:clarification,Where is the cmbyn soundtrack <url>,Missing diagnostic context,"Cadence's reviewed response policy permits a specific, relevant question about the affected feature, device, app version or exact error. Never repeat information already supplied or ask for private account details. A question is not a resolution.",,,,,,
b4_016,balanced,t_1862948,Where is the cmbyn soundtrack <url>,HELP!! I CANT FIND THE CMBYN SOUNDTRACK ON SPOTIFY,"@user Hey there! We’d love to have all the world's music available, but we have some info about content here: <url>",,,,,,
b4_016,balanced,t_2198208,Where is the cmbyn soundtrack <url>,where is the twilight soundtrack,@user Hey Shania! We’ll have it available to you as soon as it’s available to us! <url>,,,,,,
b4_016,balanced,t_1872640,Where is the cmbyn soundtrack <url>,"paranorman, boxtrolls and kubo’s soundtrack albums are up on spotify where is CORALINE","@user Hey there! Fingers crossed we'll be able to have it soon, but there's info about Spotify content here: <url>",,,,,,
b4_016,balanced,t_1388092,Where is the cmbyn soundtrack <url>,hey where’s the rest of the heathers soundtrack ur making it v hard for me to listen to it when i’m out of the house,@user Hey! We'd love to have them on Spotify. Hopefully we will in the future. Check this out: <url>,,,,,,
b4_016,balanced,t_228075,Where is the cmbyn soundtrack <url>,why won't it let me play the Sweeney Todd soundtrack??,@user Hey Emily! Are you getting any error messages when trying to play the Sweeney Todd soundtrack? Keep us posted,,,,,,
b4_016,balanced,t_429668,Where is the cmbyn soundtrack <url>,hi can you add Josie and the pussycats soundtrack thanks.,"@user Hey there! We’d love to have that soundtrack available, but we have some info about content here: <url>",,,,,,
b4_016,balanced,current:family,Where is the cmbyn soundtrack <url>,"Official Spotify guidance, checked 2026-09-17",Premium Family is for family members living together. Members must live with the plan manager and use the same home address. This general rule does not establish a temporary-absence exception or eligibility of an individual account.,,,,,,
b4_016,balanced,current:wrapped,Where is the cmbyn soundtrack <url>,"Official Spotify guidance, checked 2026-09-17",Wrapped is Spotify's annual listening summary and includes personalized playlists. Some features have eligibility requirements. The support page links official updates; it does not establish a release date for an upcoming edition.,,,,,,
b4_016,balanced,current:profile,Where is the cmbyn soundtrack <url>,"Official Spotify guidance, checked 2026-09-17","A display name replaces the username on profiles, apps and playlists, but cannot be used to log in. Mobile: profile picture, View profile, EDIT, change name, Save.",,,,,,
b4_016,balanced,current:ideas,Where is the cmbyn soundtrack <url>,"Official Spotify guidance, checked 2026-09-17","Customers can search the Community Ideas board, vote for an existing idea or submit a new idea after logging in. No particular idea, feature release or staff action is confirmed.",,,,,,
b4_016,balanced,current:catalog,Where is the cmbyn soundtrack <url>,"Official Spotify guidance, checked 2026-09-17","Catalog availability varies over time and by country according to rights-holder permissions. No availability, removal cause or return date for a specific release is established.",,,,,,
b4_016,balanced,current:student,Where is the cmbyn soundtrack <url>,"Official Spotify guidance, checked 2026-09-17","SheerID handles student verification. Try a private browser window to avoid autofill problems. If verification still fails, use the SheerID help route on this official page. Spotify cannot resolve SheerID verification issues.",,,,,,
b4_016,balanced,current:shuffle,Where is the cmbyn soundtrack <url>,"Official Spotify guidance, checked 2026-09-17","Smart Shuffle mixes recommendations into playback. It is always active on free mobile. Premium mobile users can disable Include Smart Shuffle in play modes under Settings and privacy, Playback. Premium shuffle also offers a Fewer repeats style; it reduces, not eliminates, repeats.",,,,,,
b4_016,balanced,current:autoplay,Where is the cmbyn soundtrack <url>,"Official Spotify guidance, checked 2026-09-17","Autoplay plays similar tracks after an album, playlist or selection ends. It can be disabled in settings: Playback, Autoplay on mobile; Autoplay in desktop settings. It does not explain extra tracks interspersed within a playlist.",,,,,,
b4_016,balanced,current:explicit,Where is the cmbyn soundtrack <url>,"Official Spotify guidance, checked 2026-09-17",Explicit releases have E or EXPLICIT tags supplied by rights holders. Search for different versions; some explicit releases have no clean version. This does not prove an uncensored version of a given track exists.,,,,,,
b4_016,balanced,current:library,Where is the cmbyn soundtrack <url>,"Official Spotify guidance, checked 2026-09-17","For music missing from Your Library, check filters on mobile and search to find and save it. A different account may explain missing saved content, but must not be asserted without evidence.",,,,,,
b4_016,balanced,current:contact,Where is the cmbyn soundtrack <url>,Need official human support,Spotify's contact page offers messaging with customer support. The assistant cannot contact staff or access accounts.,,,,,,
b4_016,balanced,current:playback,Where is the cmbyn soundtrack <url>,Technical trouble playing Spotify,"For playback or app technical problems, restart or update the app. Reinstalling requires downloading offline music and podcasts again. These steps do not answer playlist editing, catalog, billing or feature questions.",,,,,,
b4_016,balanced,policy:clarification,Where is the cmbyn soundtrack <url>,Missing diagnostic context,"Cadence's reviewed response policy permits a specific, relevant question about the affected feature, device, app version or exact error. Never repeat information already supplied or ask for private account details. A question is not a resolution.",,,,,,
b4_016,balanced,policy:social,Where is the cmbyn soundtrack <url>,Cadence conversational policy,A brief friendly acknowledgment of thanks or excitement is allowed without inventing facts or claiming an action. It is not a support resolution.,,,,,,
b4_017,quality,current:contact,every time the pledge of allegiance come on I go to you guys to play me some music but y'all act retarded like if I wasn't clicking,Need official human support,Spotify's contact page offers messaging with customer support. The assistant cannot contact staff or access accounts.,,,,,,
b4_017,balanced,current:contact,every time the pledge of allegiance come on I go to you guys to play me some music but y'all act retarded like if I wasn't clicking,Need official human support,Spotify's contact page offers messaging with customer support. The assistant cannot contact staff or access accounts.,,,,,,
b4_017,agent,t_1856195,every time the pledge of allegiance come on I go to you guys to play me some music but y'all act retarded like if I wasn't clicking,y'all see the music I'm searching for y'all play every song after and before it... but never play the song I wanna hear..😤😤😤😤,"@user Suggested Tracks are part of our Free service. To get less of them, try adding your favorite tracks from multiple artists in a playlist",,,,,,
b4_017,agent,t_856691,every time the pledge of allegiance come on I go to you guys to play me some music but y'all act retarded like if I wasn't clicking,why will every song play but when I click on any kanye song it’s just like nope,@user Hey Lauren! Are you getting any errors when trying to play a song? Keep us posted,,,,,,
b4_017,agent,t_955728,every time the pledge of allegiance come on I go to you guys to play me some music but y'all act retarded like if I wasn't clicking,I wish showed how many times an album and every truck on an album was played. like how they show artists & top songs #MakeItHappen,"@user Hey Jordan! We'll let our devs know it's something you'dd like to see. If anything else comes up, just give us a shout",,,,,,
b4_017,agent,t_2873767,every time the pledge of allegiance come on I go to you guys to play me some music but y'all act retarded like if I wasn't clicking,If I have a golden idea to pitch to you guys how should I go about it? Because it’s like a really great idea.,"@user Hey, fire away! We'd love to hear about it. You can also send us a DM if that's what you prefer. Just click the link below <url>",,,,,,
b4_017,agent,t_1912439,every time the pledge of allegiance come on I go to you guys to play me some music but y'all act retarded like if I wasn't clicking,"Hi, I have just changed from a premium to a family membership but every time I go to add a family member the page is blank?","@user Hey, help's here! Can you try opening the page in an incognito window? If that doesn't help, DM us some screenshots. We'll be here <url>",,,,,,
b4_017,agent,t_1770723,every time the pledge of allegiance come on I go to you guys to play me some music but y'all act retarded like if I wasn't clicking,"Hey , if there's a big volume change since the last time I played music maybe don't start playing at the new volume? I like my ears continuing to work.","@user Hey Aaron! We have some more info at <url>. If you have any other questions, just give us a shout 🙂",,,,,,
b4_018,balanced,t_2302676,Would you say it is possible to implement a pure black / black and white theme specifically designed to take advantage of OLEDs? A lot of people would probably love having this feature.,. when can we expect an update for iPhone X w/deep blacks to take advantage of the OLED display? :D,@user We understand - we’re working on it as we speak. Stay tuned!,,,,,,
b4_018,balanced,t_1225429,Would you say it is possible to implement a pure black / black and white theme specifically designed to take advantage of OLEDs? A lot of people would probably love having this feature.,Why can't we see who's following our playlists? A lot of people want that simple feature. <url>,"@user Hi Esaias! We're afraid that's not possible right now, but you can show your support by voting for the idea through that link",,,,,,
b4_018,balanced,t_900911,Would you say it is possible to implement a pure black / black and white theme specifically designed to take advantage of OLEDs? A lot of people would probably love having this feature.,"Don't get me wrong, I love this song, but having it once would probably be enough <url>","@user Hi Jordi, thanks for the feedback! No worries, we'll get this passed on to the right folks. Anything else, let us know",,,,,,
b4_018,balanced,t_155352,Would you say it is possible to implement a pure black / black and white theme specifically designed to take advantage of OLEDs? A lot of people would probably love having this feature.,"You probably get this a lot, but do you have any plans for Romania in the nearby future?",@user Hey there! We're launching in new countries as often as possible. Be sure to add your email at <url>,,,,,,
b4_018,balanced,t_591455,Would you say it is possible to implement a pure black / black and white theme specifically designed to take advantage of OLEDs? A lot of people would probably love having this feature.,"Mr. Chenault speaks for a lot of users. Multiroom is a huge priority for me. I love love love Spotify Premium, listen probably 3-6 hours a day, and want multiroom so much, and it would drive Echo sales hard. Please make it happen soon! <url>","@user Hey Andrew, thanks for the kind words! We appreciate you sharing your thoughts. We'll make sure these are shared to the relevant folks",,,,,,
b4_018,balanced,t_1409888,Would you say it is possible to implement a pure black / black and white theme specifically designed to take advantage of OLEDs? A lot of people would probably love having this feature.,. Not having feature to restore accidentally removed songs from playlists is just pure laziness. Subscription canceled!,"@user Hey Matthew. We're sad to see you go. Don't worry though, we'll make sure to pass your feedback on to the team",,,,,,
b4_018,balanced,current:family,Would you say it is possible to implement a pure black / black and white theme specifically designed to take advantage of OLEDs? A lot of people would probably love having this feature.,"Official Spotify guidance, checked 2026-09-17",Premium Family is for family members living together. Members must live with the plan manager and use the same home address. This general rule does not establish a temporary-absence exception or eligibility of an individual account.,,,,,,
b4_018,balanced,current:wrapped,Would you say it is possible to implement a pure black / black and white theme specifically designed to take advantage of OLEDs? A lot of people would probably love having this feature.,"Official Spotify guidance, checked 2026-09-17",Wrapped is Spotify's annual listening summary and includes personalized playlists. Some features have eligibility requirements. The support page links official updates; it does not establish a release date for an upcoming edition.,,,,,,
b4_018,balanced,current:profile,Would you say it is possible to implement a pure black / black and white theme specifically designed to take advantage of OLEDs? A lot of people would probably love having this feature.,"Official Spotify guidance, checked 2026-09-17","A display name replaces the username on profiles, apps and playlists, but cannot be used to log in. Mobile: profile picture, View profile, EDIT, change name, Save.",,,,,,
b4_018,balanced,current:ideas,Would you say it is possible to implement a pure black / black and white theme specifically designed to take advantage of OLEDs? A lot of people would probably love having this feature.,"Official Spotify guidance, checked 2026-09-17","Customers can search the Community Ideas board, vote for an existing idea or submit a new idea after logging in. No particular idea, feature release or staff action is confirmed.",,,,,,
b4_018,balanced,current:catalog,Would you say it is possible to implement a pure black / black and white theme specifically designed to take advantage of OLEDs? A lot of people would probably love having this feature.,"Official Spotify guidance, checked 2026-09-17","Catalog availability varies over time and by country according to rights-holder permissions. No availability, removal cause or return date for a specific release is established.",,,,,,
b4_018,balanced,current:student,Would you say it is possible to implement a pure black / black and white theme specifically designed to take advantage of OLEDs? A lot of people would probably love having this feature.,"Official Spotify guidance, checked 2026-09-17","SheerID handles student verification. Try a private browser window to avoid autofill problems. If verification still fails, use the SheerID help route on this official page. Spotify cannot resolve SheerID verification issues.",,,,,,
b4_018,balanced,current:shuffle,Would you say it is possible to implement a pure black / black and white theme specifically designed to take advantage of OLEDs? A lot of people would probably love having this feature.,"Official Spotify guidance, checked 2026-09-17","Smart Shuffle mixes recommendations into playback. It is always active on free mobile. Premium mobile users can disable Include Smart Shuffle in play modes under Settings and privacy, Playback. Premium shuffle also offers a Fewer repeats style; it reduces, not eliminates, repeats.",,,,,,
b4_018,balanced,current:autoplay,Would you say it is possible to implement a pure black / black and white theme specifically designed to take advantage of OLEDs? A lot of people would probably love having this feature.,"Official Spotify guidance, checked 2026-09-17","Autoplay plays similar tracks after an album, playlist or selection ends. It can be disabled in settings: Playback, Autoplay on mobile; Autoplay in desktop settings. It does not explain extra tracks interspersed within a playlist.",,,,,,
b4_018,balanced,current:explicit,Would you say it is possible to implement a pure black / black and white theme specifically designed to take advantage of OLEDs? A lot of people would probably love having this feature.,"Official Spotify guidance, checked 2026-09-17",Explicit releases have E or EXPLICIT tags supplied by rights holders. Search for different versions; some explicit releases have no clean version. This does not prove an uncensored version of a given track exists.,,,,,,
b4_018,balanced,current:library,Would you say it is possible to implement a pure black / black and white theme specifically designed to take advantage of OLEDs? A lot of people would probably love having this feature.,"Official Spotify guidance, checked 2026-09-17","For music missing from Your Library, check filters on mobile and search to find and save it. A different account may explain missing saved content, but must not be asserted without evidence.",,,,,,
b4_018,balanced,current:contact,Would you say it is possible to implement a pure black / black and white theme specifically designed to take advantage of OLEDs? A lot of people would probably love having this feature.,Need official human support,Spotify's contact page offers messaging with customer support. The assistant cannot contact staff or access accounts.,,,,,,
b4_018,balanced,current:playback,Would you say it is possible to implement a pure black / black and white theme specifically designed to take advantage of OLEDs? A lot of people would probably love having this feature.,Technical trouble playing Spotify,"For playback or app technical problems, restart or update the app. Reinstalling requires downloading offline music and podcasts again. These steps do not answer playlist editing, catalog, billing or feature questions.",,,,,,
b4_018,balanced,policy:clarification,Would you say it is possible to implement a pure black / black and white theme specifically designed to take advantage of OLEDs? A lot of people would probably love having this feature.,Missing diagnostic context,"Cadence's reviewed response policy permits a specific, relevant question about the affected feature, device, app version or exact error. Never repeat information already supplied or ask for private account details. A question is not a resolution.",,,,,,
b4_018,balanced,policy:social,Would you say it is possible to implement a pure black / black and white theme specifically designed to take advantage of OLEDs? A lot of people would probably love having this feature.,Cadence conversational policy,A brief friendly acknowledgment of thanks or excitement is allowed without inventing facts or claiming an action. It is not a support resolution.,,,,,,
b4_018,agent,t_2302676,Would you say it is possible to implement a pure black / black and white theme specifically designed to take advantage of OLEDs? A lot of people would probably love having this feature.,. when can we expect an update for iPhone X w/deep blacks to take advantage of the OLED display? :D,@user We understand - we’re working on it as we speak. Stay tuned!,,,,,,
b4_018,agent,t_1225429,Would you say it is possible to implement a pure black / black and white theme specifically designed to take advantage of OLEDs? A lot of people would probably love having this feature.,Why can't we see who's following our playlists? A lot of people want that simple feature. <url>,"@user Hi Esaias! We're afraid that's not possible right now, but you can show your support by voting for the idea through that link",,,,,,
b4_018,agent,t_900911,Would you say it is possible to implement a pure black / black and white theme specifically designed to take advantage of OLEDs? A lot of people would probably love having this feature.,"Don't get me wrong, I love this song, but having it once would probably be enough <url>","@user Hi Jordi, thanks for the feedback! No worries, we'll get this passed on to the right folks. Anything else, let us know",,,,,,
b4_018,agent,t_155352,Would you say it is possible to implement a pure black / black and white theme specifically designed to take advantage of OLEDs? A lot of people would probably love having this feature.,"You probably get this a lot, but do you have any plans for Romania in the nearby future?",@user Hey there! We're launching in new countries as often as possible. Be sure to add your email at <url>,,,,,,
b4_018,agent,t_591455,Would you say it is possible to implement a pure black / black and white theme specifically designed to take advantage of OLEDs? A lot of people would probably love having this feature.,"Mr. Chenault speaks for a lot of users. Multiroom is a huge priority for me. I love love love Spotify Premium, listen probably 3-6 hours a day, and want multiroom so much, and it would drive Echo sales hard. Please make it happen soon! <url>","@user Hey Andrew, thanks for the kind words! We appreciate you sharing your thoughts. We'll make sure these are shared to the relevant folks",,,,,,
b4_018,agent,t_1409888,Would you say it is possible to implement a pure black / black and white theme specifically designed to take advantage of OLEDs? A lot of people would probably love having this feature.,. Not having feature to restore accidentally removed songs from playlists is just pure laziness. Subscription canceled!,"@user Hey Matthew. We're sad to see you go. Don't worry though, we'll make sure to pass your feedback on to the team",,,,,,
b4_018,quality,t_2302676,Would you say it is possible to implement a pure black / black and white theme specifically designed to take advantage of OLEDs? A lot of people would probably love having this feature.,. when can we expect an update for iPhone X w/deep blacks to take advantage of the OLED display? :D,@user We understand - we’re working on it as we speak. Stay tuned!,,,,,,
b4_018,quality,t_1225429,Would you say it is possible to implement a pure black / black and white theme specifically designed to take advantage of OLEDs? A lot of people would probably love having this feature.,Why can't we see who's following our playlists? A lot of people want that simple feature. <url>,"@user Hi Esaias! We're afraid that's not possible right now, but you can show your support by voting for the idea through that link",,,,,,
b4_018,quality,t_900911,Would you say it is possible to implement a pure black / black and white theme specifically designed to take advantage of OLEDs? A lot of people would probably love having this feature.,"Don't get me wrong, I love this song, but having it once would probably be enough <url>","@user Hi Jordi, thanks for the feedback! No worries, we'll get this passed on to the right folks. Anything else, let us know",,,,,,
b4_018,quality,t_155352,Would you say it is possible to implement a pure black / black and white theme specifically designed to take advantage of OLEDs? A lot of people would probably love having this feature.,"You probably get this a lot, but do you have any plans for Romania in the nearby future?",@user Hey there! We're launching in new countries as often as possible. Be sure to add your email at <url>,,,,,,
b4_018,quality,t_591455,Would you say it is possible to implement a pure black / black and white theme specifically designed to take advantage of OLEDs? A lot of people would probably love having this feature.,"Mr. Chenault speaks for a lot of users. Multiroom is a huge priority for me. I love love love Spotify Premium, listen probably 3-6 hours a day, and want multiroom so much, and it would drive Echo sales hard. Please make it happen soon! <url>","@user Hey Andrew, thanks for the kind words! We appreciate you sharing your thoughts. We'll make sure these are shared to the relevant folks",,,,,,
b4_018,quality,t_1409888,Would you say it is possible to implement a pure black / black and white theme specifically designed to take advantage of OLEDs? A lot of people would probably love having this feature.,. Not having feature to restore accidentally removed songs from playlists is just pure laziness. Subscription canceled!,"@user Hey Matthew. We're sad to see you go. Don't worry though, we'll make sure to pass your feedback on to the team",,,,,,
b4_018,quality,current:contact,Would you say it is possible to implement a pure black / black and white theme specifically designed to take advantage of OLEDs? A lot of people would probably love having this feature.,Need official human support,Spotify's contact page offers messaging with customer support. The assistant cannot contact staff or access accounts.,,,,,,
b4_018,quality,current:playback,Would you say it is possible to implement a pure black / black and white theme specifically designed to take advantage of OLEDs? A lot of people would probably love having this feature.,Technical trouble playing Spotify,"For playback or app technical problems, restart or update the app. Reinstalling requires downloading offline music and podcasts again. These steps do not answer playlist editing, catalog, billing or feature questions.",,,,,,
b4_018,quality,policy:clarification,Would you say it is possible to implement a pure black / black and white theme specifically designed to take advantage of OLEDs? A lot of people would probably love having this feature.,Missing diagnostic context,"Cadence's reviewed response policy permits a specific, relevant question about the affected feature, device, app version or exact error. Never repeat information already supplied or ask for private account details. A question is not a resolution.",,,,,,
b4_019,agent,t_1980008,I have an account and when I try to login it says to enjoy abroad music tell us where you are what does that mean??,Trying to move my Groove Music account to Spotify. Says my email is attached to my Facebook account when I try to login with my Facebook account it says my FB account isn't registered with Spotify. I've only EVER had one Facebook account. iPhone gives me error 404.,@user Hey Bill! Could you DM us the email address you're trying to use? We'll do our best to help you out <url>,,,,,,
b4_019,agent,t_2251442,I have an account and when I try to login it says to enjoy abroad music tell us where you are what does that mean??,"i got logged out of my account & when i tried to log in, it says, ""Enjoying your trip? To listen abroad for more than 14 days, tell us where you are at <url>"" SEND HELP i need my music 😭",@user Hi Nat! Can you send us a DM with your username or email address? We'll take a look under the hood <url>,,,,,,
b4_019,agent,t_1201593,I have an account and when I try to login it says to enjoy abroad music tell us where you are what does that mean??,"Trying to open app on iphone. Says to login through FB, but get error 404. But then when trying email, says FB isn't connected",@user Hey there! Does clearing your cache/cookies help? You might also want to try using an incognito/private window. Let us know how it goes,,,,,,
b4_019,agent,t_1295643,I have an account and when I try to login it says to enjoy abroad music tell us where you are what does that mean??,Why can't I just enjoy music from your website while playing a game. This always happens.,"@user Does this happen even when using another web browser? Also, can you try logging in to another device? Keep us posted",,,,,,
b4_019,agent,t_2028515,I have an account and when I try to login it says to enjoy abroad music tell us where you are what does that mean??,"is anyone else have problems with Spotify? I try to play music and it says ""error try again"" 🙃","@user Hi Jena! We'd like to know more about what's happening. Can you tell us your device, OS, and Spotify version? We'll see what we can do",,,,,,
b4_019,agent,t_2305875,I have an account and when I try to login it says to enjoy abroad music tell us where you are what does that mean??,when I try to log in the application it will not even bring up the username and password page the login button does not work! What should I do?,"@user Hey Sam, help's arrived! Can you tell us what device, operating system, and Spotify version you're using? We'll see what we can suggest",,,,,,
b4_019,quality,current:contact,I have an account and when I try to login it says to enjoy abroad music tell us where you are what does that mean??,Need official human support,Spotify's contact page offers messaging with customer support. The assistant cannot contact staff or access accounts.,,,,,,
b4_019,balanced,current:contact,I have an account and when I try to login it says to enjoy abroad music tell us where you are what does that mean??,Need official human support,Spotify's contact page offers messaging with customer support. The assistant cannot contact staff or access accounts.,,,,,,
b4_020,quality,current:contact,I can’t log into my account. I am sure of my username etc yet it is telling my I am no associated with Spotify. What is going on?,Need official human support,Spotify's contact page offers messaging with customer support. The assistant cannot contact staff or access accounts.,,,,,,
b4_020,balanced,current:contact,I can’t log into my account. I am sure of my username etc yet it is telling my I am no associated with Spotify. What is going on?,Need official human support,Spotify's contact page offers messaging with customer support. The assistant cannot contact staff or access accounts.,,,,,,
b4_020,agent,t_2368018,I can’t log into my account. I am sure of my username etc yet it is telling my I am no associated with Spotify. What is going on?,I am GOING NUTS! I've been trying to log into my account because I want to upgrade it to a premium account. It tells me I can't log in using FB when I try to login the FB way. Then I try to reset the password & tells me I can't do that be because I must use my FB! #HELP,@user Hi there! We'd suggest deleting the screenshot you sent as it has your private info. Can you DM us your account's email address instead? <url>,,,,,,
b4_020,agent,t_108042,I can’t log into my account. I am sure of my username etc yet it is telling my I am no associated with Spotify. What is going on?,I’m trying to sync my Spotify account with my Alexa and it keeps saying I don’t have an email address associated w/ FB. I also can’t log in to my Spotify account.,"@user Hi there, the cavalry's here! Can you shoot us a DM with your account's username? A link to your Facebook profile would also be helpful. We'll check it out backstage <url>",,,,,,
b4_020,agent,t_1941372,I can’t log into my account. I am sure of my username etc yet it is telling my I am no associated with Spotify. What is going on?,"Astounded to discover just how long has been installing itself in the profile folder on Windows, with no option of changing.","@user Hi Jonathan. Don't worry, we'll look into this. Can you tell us exactly what's going on and what needs to be changed?",,,,,,
b4_020,agent,t_1506207,I can’t log into my account. I am sure of my username etc yet it is telling my I am no associated with Spotify. What is going on?,"playlists, where u be???","@user Hi there. Don't worry, we'll look into this. Can you tell us exactly what's going on?",,,,,,
b4_020,agent,t_1106817,I can’t log into my account. I am sure of my username etc yet it is telling my I am no associated with Spotify. What is going on?,I am dying .. now what do I do ?? 😭😭 <url>,"@user Hi there. Don't worry, help's here. Can you tell us what's going on exactly?",,,,,,
b4_020,agent,t_926497,I can’t log into my account. I am sure of my username etc yet it is telling my I am no associated with Spotify. What is going on?,when i try to log into spotify on my ps4 it says account already linked then logs me out. What is going wrong,"@user Hey, the folks over @user may be able to help you out with this. Give them a shout!",,,,,,
b4_021,balanced,t_360173,There should be a way to search songs on your playlist 🎶,how do I search my own playlist for a song on my iPhone app?,@user Hey Cathy! Have you tried going to the top of the playlist then swiping down? Doing this should reveal a search bar,,,,,,
b4_021,balanced,t_83666,There should be a way to search songs on your playlist 🎶,u guys should update and give users the ability to delete songs from the search bar of our playlists so we don’t have to scroll through a thousand songs to get rid of one,"@user Hey there! If you want to search for a song to delete within your playlist, just type the title on the Filter field. You should get to the song right away and tap/click Remove from this Playlist. Hope this clears things up",,,,,,
b4_021,balanced,t_1841060,There should be a way to search songs on your playlist 🎶,You should add a feature for playlists where you can search up a song. And not have to scroll through 800 songs looking for it.,"@user Hey! Thanks for the feedback. If you're using the desktop app, you can search for a track within a playlist by pressing on Ctrl+F",,,,,,
b4_021,balanced,t_866,There should be a way to search songs on your playlist 🎶,is there a way to find non-explicit songs that are explicit,"@user Hey Mikey! We're afraid there's no way to filter or search that way, but we'll pass that suggestion on to the relevant folks",,,,,,
b4_021,balanced,t_2135076,There should be a way to search songs on your playlist 🎶,"Hey , is there a way to have a listing of all the ""This is:"" playlists in the app?","@user Hi there! We'd recommend searching for This is, and click See All under Playlists. Let us know if that helps",,,,,,
b4_021,balanced,t_583086,There should be a way to search songs on your playlist 🎶,"Is there any way to search public and my personal playlists for a particular track, - or am I just being dense? I can search the whole of Spotify, but sometimes I just want to search a particular list and cant! 🙄 Hope you can help. Thanks in advance.","@user Hey! We're afraid that's not possible at the moment, but we'll definitely pass the suggestion on to the right team",,,,,,
b4_021,balanced,current:family,There should be a way to search songs on your playlist 🎶,"Official Spotify guidance, checked 2026-09-17",Premium Family is for family members living together. Members must live with the plan manager and use the same home address. This general rule does not establish a temporary-absence exception or eligibility of an individual account.,,,,,,
b4_021,balanced,current:wrapped,There should be a way to search songs on your playlist 🎶,"Official Spotify guidance, checked 2026-09-17",Wrapped is Spotify's annual listening summary and includes personalized playlists. Some features have eligibility requirements. The support page links official updates; it does not establish a release date for an upcoming edition.,,,,,,
b4_021,balanced,current:profile,There should be a way to search songs on your playlist 🎶,"Official Spotify guidance, checked 2026-09-17","A display name replaces the username on profiles, apps and playlists, but cannot be used to log in. Mobile: profile picture, View profile, EDIT, change name, Save.",,,,,,
b4_021,balanced,current:ideas,There should be a way to search songs on your playlist 🎶,"Official Spotify guidance, checked 2026-09-17","Customers can search the Community Ideas board, vote for an existing idea or submit a new idea after logging in. No particular idea, feature release or staff action is confirmed.",,,,,,
b4_021,balanced,current:catalog,There should be a way to search songs on your playlist 🎶,"Official Spotify guidance, checked 2026-09-17","Catalog availability varies over time and by country according to rights-holder permissions. No availability, removal cause or return date for a specific release is established.",,,,,,
b4_021,balanced,current:student,There should be a way to search songs on your playlist 🎶,"Official Spotify guidance, checked 2026-09-17","SheerID handles student verification. Try a private browser window to avoid autofill problems. If verification still fails, use the SheerID help route on this official page. Spotify cannot resolve SheerID verification issues.",,,,,,
b4_021,balanced,current:shuffle,There should be a way to search songs on your playlist 🎶,"Official Spotify guidance, checked 2026-09-17","Smart Shuffle mixes recommendations into playback. It is always active on free mobile. Premium mobile users can disable Include Smart Shuffle in play modes under Settings and privacy, Playback. Premium shuffle also offers a Fewer repeats style; it reduces, not eliminates, repeats.",,,,,,
b4_021,balanced,current:autoplay,There should be a way to search songs on your playlist 🎶,"Official Spotify guidance, checked 2026-09-17","Autoplay plays similar tracks after an album, playlist or selection ends. It can be disabled in settings: Playback, Autoplay on mobile; Autoplay in desktop settings. It does not explain extra tracks interspersed within a playlist.",,,,,,
b4_021,balanced,current:explicit,There should be a way to search songs on your playlist 🎶,"Official Spotify guidance, checked 2026-09-17",Explicit releases have E or EXPLICIT tags supplied by rights holders. Search for different versions; some explicit releases have no clean version. This does not prove an uncensored version of a given track exists.,,,,,,
b4_021,balanced,current:library,There should be a way to search songs on your playlist 🎶,"Official Spotify guidance, checked 2026-09-17","For music missing from Your Library, check filters on mobile and search to find and save it. A different account may explain missing saved content, but must not be asserted without evidence.",,,,,,
b4_021,balanced,current:contact,There should be a way to search songs on your playlist 🎶,Need official human support,Spotify's contact page offers messaging with customer support. The assistant cannot contact staff or access accounts.,,,,,,
b4_021,balanced,current:playback,There should be a way to search songs on your playlist 🎶,Technical trouble playing Spotify,"For playback or app technical problems, restart or update the app. Reinstalling requires downloading offline music and podcasts again. These steps do not answer playlist editing, catalog, billing or feature questions.",,,,,,
b4_021,balanced,policy:clarification,There should be a way to search songs on your playlist 🎶,Missing diagnostic context,"Cadence's reviewed response policy permits a specific, relevant question about the affected feature, device, app version or exact error. Never repeat information already supplied or ask for private account details. A question is not a resolution.",,,,,,
b4_021,balanced,policy:social,There should be a way to search songs on your playlist 🎶,Cadence conversational policy,A brief friendly acknowledgment of thanks or excitement is allowed without inventing facts or claiming an action. It is not a support resolution.,,,,,,
b4_021,agent,t_360173,There should be a way to search songs on your playlist 🎶,how do I search my own playlist for a song on my iPhone app?,@user Hey Cathy! Have you tried going to the top of the playlist then swiping down? Doing this should reveal a search bar,,,,,,
b4_021,agent,t_83666,There should be a way to search songs on your playlist 🎶,u guys should update and give users the ability to delete songs from the search bar of our playlists so we don’t have to scroll through a thousand songs to get rid of one,"@user Hey there! If you want to search for a song to delete within your playlist, just type the title on the Filter field. You should get to the song right away and tap/click Remove from this Playlist. Hope this clears things up",,,,,,
b4_021,agent,t_1841060,There should be a way to search songs on your playlist 🎶,You should add a feature for playlists where you can search up a song. And not have to scroll through 800 songs looking for it.,"@user Hey! Thanks for the feedback. If you're using the desktop app, you can search for a track within a playlist by pressing on Ctrl+F",,,,,,
b4_021,agent,t_866,There should be a way to search songs on your playlist 🎶,is there a way to find non-explicit songs that are explicit,"@user Hey Mikey! We're afraid there's no way to filter or search that way, but we'll pass that suggestion on to the relevant folks",,,,,,
b4_021,agent,t_2135076,There should be a way to search songs on your playlist 🎶,"Hey , is there a way to have a listing of all the ""This is:"" playlists in the app?","@user Hi there! We'd recommend searching for This is, and click See All under Playlists. Let us know if that helps",,,,,,
b4_021,agent,t_583086,There should be a way to search songs on your playlist 🎶,"Is there any way to search public and my personal playlists for a particular track, - or am I just being dense? I can search the whole of Spotify, but sometimes I just want to search a particular list and cant! 🙄 Hope you can help. Thanks in advance.","@user Hey! We're afraid that's not possible at the moment, but we'll definitely pass the suggestion on to the right team",,,,,,
b4_021,quality,t_360173,There should be a way to search songs on your playlist 🎶,how do I search my own playlist for a song on my iPhone app?,@user Hey Cathy! Have you tried going to the top of the playlist then swiping down? Doing this should reveal a search bar,,,,,,
b4_021,quality,t_83666,There should be a way to search songs on your playlist 🎶,u guys should update and give users the ability to delete songs from the search bar of our playlists so we don’t have to scroll through a thousand songs to get rid of one,"@user Hey there! If you want to search for a song to delete within your playlist, just type the title on the Filter field. You should get to the song right away and tap/click Remove from this Playlist. Hope this clears things up",,,,,,
b4_021,quality,t_1841060,There should be a way to search songs on your playlist 🎶,You should add a feature for playlists where you can search up a song. And not have to scroll through 800 songs looking for it.,"@user Hey! Thanks for the feedback. If you're using the desktop app, you can search for a track within a playlist by pressing on Ctrl+F",,,,,,
b4_021,quality,t_866,There should be a way to search songs on your playlist 🎶,is there a way to find non-explicit songs that are explicit,"@user Hey Mikey! We're afraid there's no way to filter or search that way, but we'll pass that suggestion on to the relevant folks",,,,,,
b4_021,quality,t_2135076,There should be a way to search songs on your playlist 🎶,"Hey , is there a way to have a listing of all the ""This is:"" playlists in the app?","@user Hi there! We'd recommend searching for This is, and click See All under Playlists. Let us know if that helps",,,,,,
b4_021,quality,t_583086,There should be a way to search songs on your playlist 🎶,"Is there any way to search public and my personal playlists for a particular track, - or am I just being dense? I can search the whole of Spotify, but sometimes I just want to search a particular list and cant! 🙄 Hope you can help. Thanks in advance.","@user Hey! We're afraid that's not possible at the moment, but we'll definitely pass the suggestion on to the right team",,,,,,
b4_021,quality,current:contact,There should be a way to search songs on your playlist 🎶,Need official human support,Spotify's contact page offers messaging with customer support. The assistant cannot contact staff or access accounts.,,,,,,
b4_021,quality,current:playback,There should be a way to search songs on your playlist 🎶,Technical trouble playing Spotify,"For playback or app technical problems, restart or update the app. Reinstalling requires downloading offline music and podcasts again. These steps do not answer playlist editing, catalog, billing or feature questions.",,,,,,
b4_021,quality,policy:clarification,There should be a way to search songs on your playlist 🎶,Missing diagnostic context,"Cadence's reviewed response policy permits a specific, relevant question about the affected feature, device, app version or exact error. Never repeat information already supplied or ask for private account details. A question is not a resolution.",,,,,,
b4_022,agent,t_1829759,I haven't received a code for majid Jordan presale ! Tickets already went on sale. I been with you guys for two years !!,what is the majid jordan presale code?,@user Hey Kasey! Pre-sale codes are being sent out by email to some of Majid Jordan's biggest fans on Spotify. Hopefully you're one of them 😁,,,,,,
b4_022,agent,t_1830133,I haven't received a code for majid Jordan presale ! Tickets already went on sale. I been with you guys for two years !!,send Majid Jordan presale code pls,@user Hi Nate! Pre-sale codes are being sent out by email to some of Majid Jordan's biggest fans on Spotify. Hopefully you're one of them,,,,,,
b4_022,agent,t_1839921,I haven't received a code for majid Jordan presale ! Tickets already went on sale. I been with you guys for two years !!,waiting on my Majid Jordan presale code 🙂 thx,@user Hey Ana! Pre-sale codes are being sent out by email to some of Majid Jordan's biggest fans on Spotify. Hopefully you're one of them!,,,,,,
b4_022,agent,t_1831601,I haven't received a code for majid Jordan presale ! Tickets already went on sale. I been with you guys for two years !!,I have Spotify premium. I listen to Majid Jordan a lot but haven't received Super fan status. How can i get the presale code?,@user Hey! We’re afraid the codes are unique and sent to those who listen to Majid Jordan the most on Spotify. We'll pass your feedback on,,,,,,
b4_022,agent,t_1824880,I haven't received a code for majid Jordan presale ! Tickets already went on sale. I been with you guys for two years !!,So how do I get the Majid Jordan presale code 🙃,@user Hey there! Pre-sale codes are being sent out by email to some of Majid Jordan's biggest fans on Spotify. Hopefully you're one of them 🙂,,,,,,
b4_022,agent,t_1839790,I haven't received a code for majid Jordan presale ! Tickets already went on sale. I been with you guys for two years !!,give us the damn Majid Jordan presale code,"@user Hey Delia, pre-sale codes are being sent out by email to some of Majid Jordan's biggest fans on Spotify. Hopefully you're one of them!",,,,,,
b4_022,quality,current:contact,I haven't received a code for majid Jordan presale ! Tickets already went on sale. I been with you guys for two years !!,Need official human support,Spotify's contact page offers messaging with customer support. The assistant cannot contact staff or access accounts.,,,,,,
b4_022,balanced,current:contact,I haven't received a code for majid Jordan presale ! Tickets already went on sale. I been with you guys for two years !!,Need official human support,Spotify's contact page offers messaging with customer support. The assistant cannot contact staff or access accounts.,,,,,,
b4_023,quality,t_2714216,. I really wish you’d stop trying to do video in your music app. Especially when it prevents you from even listening to the song like this. Product feature no one really asked for IMO. Still ❤️ you though. <url>,"I really wish had a feature that prevented what I listen to when sleeping from affecting my Discover Weekly, Release Radar, Daily Mixes, etc. I like a good ambient song as much as the next sleep-seeking person, but not that much.","@user We hear you, Shannon! Your feedback has been noted and passed onto the team 👊🏼",,,,,,
b4_023,quality,t_187747,. I really wish you’d stop trying to do video in your music app. Especially when it prevents you from even listening to the song like this. Product feature no one really asked for IMO. Still ❤️ you though. <url>,"@user Seriously guys, what is this? Really devalues your product imo. <url>","@user Hey there! How many tracks would you say you have in Songs (roughly)? e.g. 100, 1000, 5000, or more?",,,,,,
b4_023,quality,t_2749499,. I really wish you’d stop trying to do video in your music app. Especially when it prevents you from even listening to the song like this. Product feature no one really asked for IMO. Still ❤️ you though. <url>,"dear , free idea. write an algorithm that prevents the ""recommended songs based on this playlist"" feature from recommending songs that can already be found in previously curated playlists. keep things fresh. -a kinda priggish user who doesn't even pay for your product.","@user Hey Calin, thanks for the feedback – we appreciate it! We’ll get this passed onto the right team",,,,,,
b4_023,quality,t_788621,. I really wish you’d stop trying to do video in your music app. Especially when it prevents you from even listening to the song like this. Product feature no one really asked for IMO. Still ❤️ you though. <url>,Can't stop from asking me about facebook. No I don't want to share. I just want to listen to music. Stop asking me! <url>,"@user Hey, that's not cool! Can you let us know your device, as well as the OSX and Spotify version? We'll see what we can suggest",,,,,,
b4_023,quality,t_2509536,. I really wish you’d stop trying to do video in your music app. Especially when it prevents you from even listening to the song like this. Product feature no one really asked for IMO. Still ❤️ you though. <url>,I wish I could become friends with the people who make playlists I really like!! Add a chat feature !!,@user Hey! We can see how that’d be useful. We’d recommend suggesting it in our Community where you can get support from other fans: <url>,,,,,,
b4_023,quality,t_723376,. I really wish you’d stop trying to do video in your music app. Especially when it prevents you from even listening to the song like this. Product feature no one really asked for IMO. Still ❤️ you though. <url>,"ugh, that gui is horrible....too damn busy, no auto play of music videos 😟@user wish you could have stuck with the Groove app","@user Hey Chuck, we appreciate the feedback. Can you let us know what happens exactly when you play videos? We'll look into it",,,,,,
b4_023,quality,current:contact,. I really wish you’d stop trying to do video in your music app. Especially when it prevents you from even listening to the song like this. Product feature no one really asked for IMO. Still ❤️ you though. <url>,Need official human support,Spotify's contact page offers messaging with customer support. The assistant cannot contact staff or access accounts.,,,,,,
b4_023,quality,current:playback,. I really wish you’d stop trying to do video in your music app. Especially when it prevents you from even listening to the song like this. Product feature no one really asked for IMO. Still ❤️ you though. <url>,Technical trouble playing Spotify,"For playback or app technical problems, restart or update the app. Reinstalling requires downloading offline music and podcasts again. These steps do not answer playlist editing, catalog, billing or feature questions.",,,,,,
b4_023,quality,policy:clarification,. I really wish you’d stop trying to do video in your music app. Especially when it prevents you from even listening to the song like this. Product feature no one really asked for IMO. Still ❤️ you though. <url>,Missing diagnostic context,"Cadence's reviewed response policy permits a specific, relevant question about the affected feature, device, app version or exact error. Never repeat information already supplied or ask for private account details. A question is not a resolution.",,,,,,
b4_023,balanced,t_2714216,. I really wish you’d stop trying to do video in your music app. Especially when it prevents you from even listening to the song like this. Product feature no one really asked for IMO. Still ❤️ you though. <url>,"I really wish had a feature that prevented what I listen to when sleeping from affecting my Discover Weekly, Release Radar, Daily Mixes, etc. I like a good ambient song as much as the next sleep-seeking person, but not that much.","@user We hear you, Shannon! Your feedback has been noted and passed onto the team 👊🏼",,,,,,
b4_023,balanced,t_187747,. I really wish you’d stop trying to do video in your music app. Especially when it prevents you from even listening to the song like this. Product feature no one really asked for IMO. Still ❤️ you though. <url>,"@user Seriously guys, what is this? Really devalues your product imo. <url>","@user Hey there! How many tracks would you say you have in Songs (roughly)? e.g. 100, 1000, 5000, or more?",,,,,,
b4_023,balanced,t_2749499,. I really wish you’d stop trying to do video in your music app. Especially when it prevents you from even listening to the song like this. Product feature no one really asked for IMO. Still ❤️ you though. <url>,"dear , free idea. write an algorithm that prevents the ""recommended songs based on this playlist"" feature from recommending songs that can already be found in previously curated playlists. keep things fresh. -a kinda priggish user who doesn't even pay for your product.","@user Hey Calin, thanks for the feedback – we appreciate it! We’ll get this passed onto the right team",,,,,,
b4_023,balanced,t_788621,. I really wish you’d stop trying to do video in your music app. Especially when it prevents you from even listening to the song like this. Product feature no one really asked for IMO. Still ❤️ you though. <url>,Can't stop from asking me about facebook. No I don't want to share. I just want to listen to music. Stop asking me! <url>,"@user Hey, that's not cool! Can you let us know your device, as well as the OSX and Spotify version? We'll see what we can suggest",,,,,,
b4_023,balanced,t_2509536,. I really wish you’d stop trying to do video in your music app. Especially when it prevents you from even listening to the song like this. Product feature no one really asked for IMO. Still ❤️ you though. <url>,I wish I could become friends with the people who make playlists I really like!! Add a chat feature !!,@user Hey! We can see how that’d be useful. We’d recommend suggesting it in our Community where you can get support from other fans: <url>,,,,,,
b4_023,balanced,t_723376,. I really wish you’d stop trying to do video in your music app. Especially when it prevents you from even listening to the song like this. Product feature no one really asked for IMO. Still ❤️ you though. <url>,"ugh, that gui is horrible....too damn busy, no auto play of music videos 😟@user wish you could have stuck with the Groove app","@user Hey Chuck, we appreciate the feedback. Can you let us know what happens exactly when you play videos? We'll look into it",,,,,,
b4_023,balanced,current:family,. I really wish you’d stop trying to do video in your music app. Especially when it prevents you from even listening to the song like this. Product feature no one really asked for IMO. Still ❤️ you though. <url>,"Official Spotify guidance, checked 2026-09-17",Premium Family is for family members living together. Members must live with the plan manager and use the same home address. This general rule does not establish a temporary-absence exception or eligibility of an individual account.,,,,,,
b4_023,balanced,current:wrapped,. I really wish you’d stop trying to do video in your music app. Especially when it prevents you from even listening to the song like this. Product feature no one really asked for IMO. Still ❤️ you though. <url>,"Official Spotify guidance, checked 2026-09-17",Wrapped is Spotify's annual listening summary and includes personalized playlists. Some features have eligibility requirements. The support page links official updates; it does not establish a release date for an upcoming edition.,,,,,,
b4_023,balanced,current:profile,. I really wish you’d stop trying to do video in your music app. Especially when it prevents you from even listening to the song like this. Product feature no one really asked for IMO. Still ❤️ you though. <url>,"Official Spotify guidance, checked 2026-09-17","A display name replaces the username on profiles, apps and playlists, but cannot be used to log in. Mobile: profile picture, View profile, EDIT, change name, Save.",,,,,,
b4_023,balanced,current:ideas,. I really wish you’d stop trying to do video in your music app. Especially when it prevents you from even listening to the song like this. Product feature no one really asked for IMO. Still ❤️ you though. <url>,"Official Spotify guidance, checked 2026-09-17","Customers can search the Community Ideas board, vote for an existing idea or submit a new idea after logging in. No particular idea, feature release or staff action is confirmed.",,,,,,
b4_023,balanced,current:catalog,. I really wish you’d stop trying to do video in your music app. Especially when it prevents you from even listening to the song like this. Product feature no one really asked for IMO. Still ❤️ you though. <url>,"Official Spotify guidance, checked 2026-09-17","Catalog availability varies over time and by country according to rights-holder permissions. No availability, removal cause or return date for a specific release is established.",,,,,,
b4_023,balanced,current:student,. I really wish you’d stop trying to do video in your music app. Especially when it prevents you from even listening to the song like this. Product feature no one really asked for IMO. Still ❤️ you though. <url>,"Official Spotify guidance, checked 2026-09-17","SheerID handles student verification. Try a private browser window to avoid autofill problems. If verification still fails, use the SheerID help route on this official page. Spotify cannot resolve SheerID verification issues.",,,,,,
b4_023,balanced,current:shuffle,. I really wish you’d stop trying to do video in your music app. Especially when it prevents you from even listening to the song like this. Product feature no one really asked for IMO. Still ❤️ you though. <url>,"Official Spotify guidance, checked 2026-09-17","Smart Shuffle mixes recommendations into playback. It is always active on free mobile. Premium mobile users can disable Include Smart Shuffle in play modes under Settings and privacy, Playback. Premium shuffle also offers a Fewer repeats style; it reduces, not eliminates, repeats.",,,,,,
b4_023,balanced,current:autoplay,. I really wish you’d stop trying to do video in your music app. Especially when it prevents you from even listening to the song like this. Product feature no one really asked for IMO. Still ❤️ you though. <url>,"Official Spotify guidance, checked 2026-09-17","Autoplay plays similar tracks after an album, playlist or selection ends. It can be disabled in settings: Playback, Autoplay on mobile; Autoplay in desktop settings. It does not explain extra tracks interspersed within a playlist.",,,,,,
b4_023,balanced,current:explicit,. I really wish you’d stop trying to do video in your music app. Especially when it prevents you from even listening to the song like this. Product feature no one really asked for IMO. Still ❤️ you though. <url>,"Official Spotify guidance, checked 2026-09-17",Explicit releases have E or EXPLICIT tags supplied by rights holders. Search for different versions; some explicit releases have no clean version. This does not prove an uncensored version of a given track exists.,,,,,,
b4_023,balanced,current:library,. I really wish you’d stop trying to do video in your music app. Especially when it prevents you from even listening to the song like this. Product feature no one really asked for IMO. Still ❤️ you though. <url>,"Official Spotify guidance, checked 2026-09-17","For music missing from Your Library, check filters on mobile and search to find and save it. A different account may explain missing saved content, but must not be asserted without evidence.",,,,,,
b4_023,balanced,current:contact,. I really wish you’d stop trying to do video in your music app. Especially when it prevents you from even listening to the song like this. Product feature no one really asked for IMO. Still ❤️ you though. <url>,Need official human support,Spotify's contact page offers messaging with customer support. The assistant cannot contact staff or access accounts.,,,,,,
b4_023,balanced,current:playback,. I really wish you’d stop trying to do video in your music app. Especially when it prevents you from even listening to the song like this. Product feature no one really asked for IMO. Still ❤️ you though. <url>,Technical trouble playing Spotify,"For playback or app technical problems, restart or update the app. Reinstalling requires downloading offline music and podcasts again. These steps do not answer playlist editing, catalog, billing or feature questions.",,,,,,
b4_023,balanced,policy:clarification,. I really wish you’d stop trying to do video in your music app. Especially when it prevents you from even listening to the song like this. Product feature no one really asked for IMO. Still ❤️ you though. <url>,Missing diagnostic context,"Cadence's reviewed response policy permits a specific, relevant question about the affected feature, device, app version or exact error. Never repeat information already supplied or ask for private account details. A question is not a resolution.",,,,,,
b4_023,balanced,policy:social,. I really wish you’d stop trying to do video in your music app. Especially when it prevents you from even listening to the song like this. Product feature no one really asked for IMO. Still ❤️ you though. <url>,Cadence conversational policy,A brief friendly acknowledgment of thanks or excitement is allowed without inventing facts or claiming an action. It is not a support resolution.,,,,,,
b4_023,agent,t_2714216,. I really wish you’d stop trying to do video in your music app. Especially when it prevents you from even listening to the song like this. Product feature no one really asked for IMO. Still ❤️ you though. <url>,"I really wish had a feature that prevented what I listen to when sleeping from affecting my Discover Weekly, Release Radar, Daily Mixes, etc. I like a good ambient song as much as the next sleep-seeking person, but not that much.","@user We hear you, Shannon! Your feedback has been noted and passed onto the team 👊🏼",,,,,,
b4_023,agent,t_187747,. I really wish you’d stop trying to do video in your music app. Especially when it prevents you from even listening to the song like this. Product feature no one really asked for IMO. Still ❤️ you though. <url>,"@user Seriously guys, what is this? Really devalues your product imo. <url>","@user Hey there! How many tracks would you say you have in Songs (roughly)? e.g. 100, 1000, 5000, or more?",,,,,,
b4_023,agent,t_2749499,. I really wish you’d stop trying to do video in your music app. Especially when it prevents you from even listening to the song like this. Product feature no one really asked for IMO. Still ❤️ you though. <url>,"dear , free idea. write an algorithm that prevents the ""recommended songs based on this playlist"" feature from recommending songs that can already be found in previously curated playlists. keep things fresh. -a kinda priggish user who doesn't even pay for your product.","@user Hey Calin, thanks for the feedback – we appreciate it! We’ll get this passed onto the right team",,,,,,
b4_023,agent,t_788621,. I really wish you’d stop trying to do video in your music app. Especially when it prevents you from even listening to the song like this. Product feature no one really asked for IMO. Still ❤️ you though. <url>,Can't stop from asking me about facebook. No I don't want to share. I just want to listen to music. Stop asking me! <url>,"@user Hey, that's not cool! Can you let us know your device, as well as the OSX and Spotify version? We'll see what we can suggest",,,,,,
b4_023,agent,t_2509536,. I really wish you’d stop trying to do video in your music app. Especially when it prevents you from even listening to the song like this. Product feature no one really asked for IMO. Still ❤️ you though. <url>,I wish I could become friends with the people who make playlists I really like!! Add a chat feature !!,@user Hey! We can see how that’d be useful. We’d recommend suggesting it in our Community where you can get support from other fans: <url>,,,,,,
b4_023,agent,t_723376,. I really wish you’d stop trying to do video in your music app. Especially when it prevents you from even listening to the song like this. Product feature no one really asked for IMO. Still ❤️ you though. <url>,"ugh, that gui is horrible....too damn busy, no auto play of music videos 😟@user wish you could have stuck with the Groove app","@user Hey Chuck, we appreciate the feedback. Can you let us know what happens exactly when you play videos? We'll look into it",,,,,,
b4_024,balanced,current:contact,Just subscribed for premium. Paid. Still only free account.,Need official human support,Spotify's contact page offers messaging with customer support. The assistant cannot contact staff or access accounts.,,,,,,
b4_024,agent,t_1858111,Just subscribed for premium. Paid. Still only free account.,i already paid in cash for my spotify premium but my account is still free.,@user Hey there! Can you DM us your account's email address or username? We'll take a look behind the scenes <url>,,,,,,
b4_024,agent,t_949518,Just subscribed for premium. Paid. Still only free account.,hi i already paid for my premium subscription but my account is still on the free version :/ username is christaabad,@user Hey there! We'd like to share some info with you privately. Could you send us a DM instead?,,,,,,
b4_024,agent,t_1162303,Just subscribed for premium. Paid. Still only free account.,if i was to cancel my premium account.......would i still get the remaining time ive already paid for?,"@user Hey Vic! Don't worry, if you cancel you'll still have access to all your Premium features for the remainder of your paid month",,,,,,
b4_024,agent,t_540357,Just subscribed for premium. Paid. Still only free account.,"Hi! I have subscribed to the Spotify Premium: 3 months for Php9.00. I have already processed the subscription and paid using credit card. However, i still am not subscribed and my account is still on FREE subscription. Help! TY!",@user Hi there. Can you DM us your account's email address? We'll take a look backstage <url>,,,,,,
b4_024,agent,t_2033919,Just subscribed for premium. Paid. Still only free account.,"I paid for premium 4 hours ago and received a receipt, but my account still says FREE.","@user Hey Ellen! Glad to hear everything's sorted. If you ever need us again, give us a shout. We'd be... <url>",,,,,,
b4_024,agent,t_2030791,Just subscribed for premium. Paid. Still only free account.,"already paid spotify premium payment, but still not working (still free user). <url>",@user Hey there. We suggest deleting your public post as it contains private info. Could you DM it to us instead? <url>,,,,,,
b4_024,quality,current:contact,Just subscribed for premium. Paid. Still only free account.,Need official human support,Spotify's contact page offers messaging with customer support. The assistant cannot contact staff or access accounts.,,,,,,
b4_025,agent,t_2128530,Hi! I just wondering if you could add ‘Losing my way’ by Tom Misch & FKJ please? Thanks! X,", when will I be receiving an email with the code for @user's presale happening in an hour? I already follow him on your platform. Thanks much!",@user Hey there! Pre-sale codes are being sent out by email to some of Tom Misch's biggest fans on Spotify. Hopefully you're one of them,,,,,,
b4_025,agent,t_1844569,Hi! I just wondering if you could add ‘Losing my way’ by Tom Misch & FKJ please? Thanks! X,"hey there, I'm trying to find out where the Tom Misch presale code is! I'm a premium member, any idea where I can find it? Happy to verify my acct over DM",@user Hey there! Pre-sale codes are being sent out by email to some of his biggest fans on Spotify. Hopefully you're one of them,,,,,,
b4_025,agent,t_525703,Hi! I just wondering if you could add ‘Losing my way’ by Tom Misch & FKJ please? Thanks! X,"dear could you PLEASE PLEASE add ""Independent"" by Uppermost to Spotify itself, thank you so much if you do that.","@user Hey there! Fingers crossed we'll be able to have it soon, but there's info about Spotify content here: <url>",,,,,,
b4_025,agent,t_2395948,Hi! I just wondering if you could add ‘Losing my way’ by Tom Misch & FKJ please? Thanks! X,"Hi, guys! I was wondering if there is a Mini-player on Spotify's Desktop App on Windows 10 and I'm just to blind to find it? Thx!","@user Hey! It's not possible for now, but you can support the idea by adding your vote at <url>",,,,,,
b4_025,agent,t_1530125,Hi! I just wondering if you could add ‘Losing my way’ by Tom Misch & FKJ please? Thanks! X,@user thanks for following and thanks for supporting music 🎧,@user Hey Tom! You're welcome. Give us a shout if you need anything else 😍,,,,,,
b4_025,agent,t_211063,Hi! I just wondering if you could add ‘Losing my way’ by Tom Misch & FKJ please? Thanks! X,hi! just wondering if there’s a way to change my language options? I reside in HK but can’t read Chinese… <url>,@user Hi Becca! Help's here. You could try changing the app's language. Here's our guide: <url>,,,,,,
b4_025,quality,t_2128530,Hi! I just wondering if you could add ‘Losing my way’ by Tom Misch & FKJ please? Thanks! X,", when will I be receiving an email with the code for @user's presale happening in an hour? I already follow him on your platform. Thanks much!",@user Hey there! Pre-sale codes are being sent out by email to some of Tom Misch's biggest fans on Spotify. Hopefully you're one of them,,,,,,
b4_025,quality,t_1844569,Hi! I just wondering if you could add ‘Losing my way’ by Tom Misch & FKJ please? Thanks! X,"hey there, I'm trying to find out where the Tom Misch presale code is! I'm a premium member, any idea where I can find it? Happy to verify my acct over DM",@user Hey there! Pre-sale codes are being sent out by email to some of his biggest fans on Spotify. Hopefully you're one of them,,,,,,
b4_025,quality,t_525703,Hi! I just wondering if you could add ‘Losing my way’ by Tom Misch & FKJ please? Thanks! X,"dear could you PLEASE PLEASE add ""Independent"" by Uppermost to Spotify itself, thank you so much if you do that.","@user Hey there! Fingers crossed we'll be able to have it soon, but there's info about Spotify content here: <url>",,,,,,
b4_025,quality,t_2395948,Hi! I just wondering if you could add ‘Losing my way’ by Tom Misch & FKJ please? Thanks! X,"Hi, guys! I was wondering if there is a Mini-player on Spotify's Desktop App on Windows 10 and I'm just to blind to find it? Thx!","@user Hey! It's not possible for now, but you can support the idea by adding your vote at <url>",,,,,,
b4_025,quality,t_1530125,Hi! I just wondering if you could add ‘Losing my way’ by Tom Misch & FKJ please? Thanks! X,@user thanks for following and thanks for supporting music 🎧,@user Hey Tom! You're welcome. Give us a shout if you need anything else 😍,,,,,,
b4_025,quality,t_211063,Hi! I just wondering if you could add ‘Losing my way’ by Tom Misch & FKJ please? Thanks! X,hi! just wondering if there’s a way to change my language options? I reside in HK but can’t read Chinese… <url>,@user Hi Becca! Help's here. You could try changing the app's language. Here's our guide: <url>,,,,,,
b4_025,quality,current:contact,Hi! I just wondering if you could add ‘Losing my way’ by Tom Misch & FKJ please? Thanks! X,Need official human support,Spotify's contact page offers messaging with customer support. The assistant cannot contact staff or access accounts.,,,,,,
b4_025,quality,current:playback,Hi! I just wondering if you could add ‘Losing my way’ by Tom Misch & FKJ please? Thanks! X,Technical trouble playing Spotify,"For playback or app technical problems, restart or update the app. Reinstalling requires downloading offline music and podcasts again. These steps do not answer playlist editing, catalog, billing or feature questions.",,,,,,
b4_025,quality,policy:clarification,Hi! I just wondering if you could add ‘Losing my way’ by Tom Misch & FKJ please? Thanks! X,Missing diagnostic context,"Cadence's reviewed response policy permits a specific, relevant question about the affected feature, device, app version or exact error. Never repeat information already supplied or ask for private account details. A question is not a resolution.",,,,,,
b4_025,balanced,t_2128530,Hi! I just wondering if you could add ‘Losing my way’ by Tom Misch & FKJ please? Thanks! X,", when will I be receiving an email with the code for @user's presale happening in an hour? I already follow him on your platform. Thanks much!",@user Hey there! Pre-sale codes are being sent out by email to some of Tom Misch's biggest fans on Spotify. Hopefully you're one of them,,,,,,
b4_025,balanced,t_1844569,Hi! I just wondering if you could add ‘Losing my way’ by Tom Misch & FKJ please? Thanks! X,"hey there, I'm trying to find out where the Tom Misch presale code is! I'm a premium member, any idea where I can find it? Happy to verify my acct over DM",@user Hey there! Pre-sale codes are being sent out by email to some of his biggest fans on Spotify. Hopefully you're one of them,,,,,,
b4_025,balanced,t_525703,Hi! I just wondering if you could add ‘Losing my way’ by Tom Misch & FKJ please? Thanks! X,"dear could you PLEASE PLEASE add ""Independent"" by Uppermost to Spotify itself, thank you so much if you do that.","@user Hey there! Fingers crossed we'll be able to have it soon, but there's info about Spotify content here: <url>",,,,,,
b4_025,balanced,t_2395948,Hi! I just wondering if you could add ‘Losing my way’ by Tom Misch & FKJ please? Thanks! X,"Hi, guys! I was wondering if there is a Mini-player on Spotify's Desktop App on Windows 10 and I'm just to blind to find it? Thx!","@user Hey! It's not possible for now, but you can support the idea by adding your vote at <url>",,,,,,
b4_025,balanced,t_1530125,Hi! I just wondering if you could add ‘Losing my way’ by Tom Misch & FKJ please? Thanks! X,@user thanks for following and thanks for supporting music 🎧,@user Hey Tom! You're welcome. Give us a shout if you need anything else 😍,,,,,,
b4_025,balanced,t_211063,Hi! I just wondering if you could add ‘Losing my way’ by Tom Misch & FKJ please? Thanks! X,hi! just wondering if there’s a way to change my language options? I reside in HK but can’t read Chinese… <url>,@user Hi Becca! Help's here. You could try changing the app's language. Here's our guide: <url>,,,,,,
b4_025,balanced,current:family,Hi! I just wondering if you could add ‘Losing my way’ by Tom Misch & FKJ please? Thanks! X,"Official Spotify guidance, checked 2026-09-17",Premium Family is for family members living together. Members must live with the plan manager and use the same home address. This general rule does not establish a temporary-absence exception or eligibility of an individual account.,,,,,,
b4_025,balanced,current:wrapped,Hi! I just wondering if you could add ‘Losing my way’ by Tom Misch & FKJ please? Thanks! X,"Official Spotify guidance, checked 2026-09-17",Wrapped is Spotify's annual listening summary and includes personalized playlists. Some features have eligibility requirements. The support page links official updates; it does not establish a release date for an upcoming edition.,,,,,,
b4_025,balanced,current:profile,Hi! I just wondering if you could add ‘Losing my way’ by Tom Misch & FKJ please? Thanks! X,"Official Spotify guidance, checked 2026-09-17","A display name replaces the username on profiles, apps and playlists, but cannot be used to log in. Mobile: profile picture, View profile, EDIT, change name, Save.",,,,,,
b4_025,balanced,current:ideas,Hi! I just wondering if you could add ‘Losing my way’ by Tom Misch & FKJ please? Thanks! X,"Official Spotify guidance, checked 2026-09-17","Customers can search the Community Ideas board, vote for an existing idea or submit a new idea after logging in. No particular idea, feature release or staff action is confirmed.",,,,,,
b4_025,balanced,current:catalog,Hi! I just wondering if you could add ‘Losing my way’ by Tom Misch & FKJ please? Thanks! X,"Official Spotify guidance, checked 2026-09-17","Catalog availability varies over time and by country according to rights-holder permissions. No availability, removal cause or return date for a specific release is established.",,,,,,
b4_025,balanced,current:student,Hi! I just wondering if you could add ‘Losing my way’ by Tom Misch & FKJ please? Thanks! X,"Official Spotify guidance, checked 2026-09-17","SheerID handles student verification. Try a private browser window to avoid autofill problems. If verification still fails, use the SheerID help route on this official page. Spotify cannot resolve SheerID verification issues.",,,,,,
b4_025,balanced,current:shuffle,Hi! I just wondering if you could add ‘Losing my way’ by Tom Misch & FKJ please? Thanks! X,"Official Spotify guidance, checked 2026-09-17","Smart Shuffle mixes recommendations into playback. It is always active on free mobile. Premium mobile users can disable Include Smart Shuffle in play modes under Settings and privacy, Playback. Premium shuffle also offers a Fewer repeats style; it reduces, not eliminates, repeats.",,,,,,
b4_025,balanced,current:autoplay,Hi! I just wondering if you could add ‘Losing my way’ by Tom Misch & FKJ please? Thanks! X,"Official Spotify guidance, checked 2026-09-17","Autoplay plays similar tracks after an album, playlist or selection ends. It can be disabled in settings: Playback, Autoplay on mobile; Autoplay in desktop settings. It does not explain extra tracks interspersed within a playlist.",,,,,,
b4_025,balanced,current:explicit,Hi! I just wondering if you could add ‘Losing my way’ by Tom Misch & FKJ please? Thanks! X,"Official Spotify guidance, checked 2026-09-17",Explicit releases have E or EXPLICIT tags supplied by rights holders. Search for different versions; some explicit releases have no clean version. This does not prove an uncensored version of a given track exists.,,,,,,
b4_025,balanced,current:library,Hi! I just wondering if you could add ‘Losing my way’ by Tom Misch & FKJ please? Thanks! X,"Official Spotify guidance, checked 2026-09-17","For music missing from Your Library, check filters on mobile and search to find and save it. A different account may explain missing saved content, but must not be asserted without evidence.",,,,,,
b4_025,balanced,current:contact,Hi! I just wondering if you could add ‘Losing my way’ by Tom Misch & FKJ please? Thanks! X,Need official human support,Spotify's contact page offers messaging with customer support. The assistant cannot contact staff or access accounts.,,,,,,
b4_025,balanced,current:playback,Hi! I just wondering if you could add ‘Losing my way’ by Tom Misch & FKJ please? Thanks! X,Technical trouble playing Spotify,"For playback or app technical problems, restart or update the app. Reinstalling requires downloading offline music and podcasts again. These steps do not answer playlist editing, catalog, billing or feature questions.",,,,,,
b4_025,balanced,policy:clarification,Hi! I just wondering if you could add ‘Losing my way’ by Tom Misch & FKJ please? Thanks! X,Missing diagnostic context,"Cadence's reviewed response policy permits a specific, relevant question about the affected feature, device, app version or exact error. Never repeat information already supplied or ask for private account details. A question is not a resolution.",,,,,,
b4_025,balanced,policy:social,Hi! I just wondering if you could add ‘Losing my way’ by Tom Misch & FKJ please? Thanks! X,Cadence conversational policy,A brief friendly acknowledgment of thanks or excitement is allowed without inventing facts or claiming an action. It is not a support resolution.,,,,,,
b4_026,quality,t_1636800,is there a page where I can see in wich countries spotify is live right now? Cause I wanna see if it's available in Romania at the moment,I live in Norway but want this song from holland wich i cant find when i search. «Jayh-Alleen jij» could you help?,@user Hey there! It seems it's not available in your region. Fingers crossed we'll have it available to you soon,,,,,,
b4_026,quality,t_956460,is there a page where I can see in wich countries spotify is live right now? Cause I wanna see if it's available in Romania at the moment,Hey some news sources in #Romania says that #Spotify will be available in this country Its true ?,"@user 1: Hey there! We're afraid we don’t have any info on this right now, but we're launching regularly in countries around the world.",,,,,,
b4_026,quality,t_962701,is there a page where I can see in wich countries spotify is live right now? Cause I wanna see if it's available in Romania at the moment,",when it's going to be available in Romania? 🇷🇴",@user Hi Lazar! We're launching in new countries as often as possible. Sign up here to be first to hear: <url>,,,,,,
b4_026,quality,t_2957836,is there a page where I can see in wich countries spotify is live right now? Cause I wanna see if it's available in Romania at the moment,when spotify in romania will be available?,@user Hey there! We're launching regularly in countries around the world. Sign up here to be first to hear: <url>,,,,,,
b4_026,quality,t_1768991,is there a page where I can see in wich countries spotify is live right now? Cause I wanna see if it's available in Romania at the moment,when will spotify be available in Romania?,@user Hey there! We're launching in new countries as often as possible. Be sure to add your email at <url>,,,,,,
b4_026,quality,t_963758,is there a page where I can see in wich countries spotify is live right now? Cause I wanna see if it's available in Romania at the moment,Hi it's true that you will launch Spotify in Romania too or it's just a fake rumour?,"@user Hey there! We don't have any info on this right now, but we'll be sure to announce any news at <url>",,,,,,
b4_026,quality,current:contact,is there a page where I can see in wich countries spotify is live right now? Cause I wanna see if it's available in Romania at the moment,Need official human support,Spotify's contact page offers messaging with customer support. The assistant cannot contact staff or access accounts.,,,,,,
b4_026,quality,current:playback,is there a page where I can see in wich countries spotify is live right now? Cause I wanna see if it's available in Romania at the moment,Technical trouble playing Spotify,"For playback or app technical problems, restart or update the app. Reinstalling requires downloading offline music and podcasts again. These steps do not answer playlist editing, catalog, billing or feature questions.",,,,,,
b4_026,quality,policy:clarification,is there a page where I can see in wich countries spotify is live right now? Cause I wanna see if it's available in Romania at the moment,Missing diagnostic context,"Cadence's reviewed response policy permits a specific, relevant question about the affected feature, device, app version or exact error. Never repeat information already supplied or ask for private account details. A question is not a resolution.",,,,,,
b4_026,balanced,t_1636800,is there a page where I can see in wich countries spotify is live right now? Cause I wanna see if it's available in Romania at the moment,I live in Norway but want this song from holland wich i cant find when i search. «Jayh-Alleen jij» could you help?,@user Hey there! It seems it's not available in your region. Fingers crossed we'll have it available to you soon,,,,,,
b4_026,balanced,t_956460,is there a page where I can see in wich countries spotify is live right now? Cause I wanna see if it's available in Romania at the moment,Hey some news sources in #Romania says that #Spotify will be available in this country Its true ?,"@user 1: Hey there! We're afraid we don’t have any info on this right now, but we're launching regularly in countries around the world.",,,,,,
b4_026,balanced,t_962701,is there a page where I can see in wich countries spotify is live right now? Cause I wanna see if it's available in Romania at the moment,",when it's going to be available in Romania? 🇷🇴",@user Hi Lazar! We're launching in new countries as often as possible. Sign up here to be first to hear: <url>,,,,,,
b4_026,balanced,t_2957836,is there a page where I can see in wich countries spotify is live right now? Cause I wanna see if it's available in Romania at the moment,when spotify in romania will be available?,@user Hey there! We're launching regularly in countries around the world. Sign up here to be first to hear: <url>,,,,,,
b4_026,balanced,t_1768991,is there a page where I can see in wich countries spotify is live right now? Cause I wanna see if it's available in Romania at the moment,when will spotify be available in Romania?,@user Hey there! We're launching in new countries as often as possible. Be sure to add your email at <url>,,,,,,
b4_026,balanced,t_963758,is there a page where I can see in wich countries spotify is live right now? Cause I wanna see if it's available in Romania at the moment,Hi it's true that you will launch Spotify in Romania too or it's just a fake rumour?,"@user Hey there! We don't have any info on this right now, but we'll be sure to announce any news at <url>",,,,,,
b4_026,balanced,current:family,is there a page where I can see in wich countries spotify is live right now? Cause I wanna see if it's available in Romania at the moment,"Official Spotify guidance, checked 2026-09-17",Premium Family is for family members living together. Members must live with the plan manager and use the same home address. This general rule does not establish a temporary-absence exception or eligibility of an individual account.,,,,,,
b4_026,balanced,current:wrapped,is there a page where I can see in wich countries spotify is live right now? Cause I wanna see if it's available in Romania at the moment,"Official Spotify guidance, checked 2026-09-17",Wrapped is Spotify's annual listening summary and includes personalized playlists. Some features have eligibility requirements. The support page links official updates; it does not establish a release date for an upcoming edition.,,,,,,
b4_026,balanced,current:profile,is there a page where I can see in wich countries spotify is live right now? Cause I wanna see if it's available in Romania at the moment,"Official Spotify guidance, checked 2026-09-17","A display name replaces the username on profiles, apps and playlists, but cannot be used to log in. Mobile: profile picture, View profile, EDIT, change name, Save.",,,,,,
b4_026,balanced,current:ideas,is there a page where I can see in wich countries spotify is live right now? Cause I wanna see if it's available in Romania at the moment,"Official Spotify guidance, checked 2026-09-17","Customers can search the Community Ideas board, vote for an existing idea or submit a new idea after logging in. No particular idea, feature release or staff action is confirmed.",,,,,,
b4_026,balanced,current:catalog,is there a page where I can see in wich countries spotify is live right now? Cause I wanna see if it's available in Romania at the moment,"Official Spotify guidance, checked 2026-09-17","Catalog availability varies over time and by country according to rights-holder permissions. No availability, removal cause or return date for a specific release is established.",,,,,,
b4_026,balanced,current:student,is there a page where I can see in wich countries spotify is live right now? Cause I wanna see if it's available in Romania at the moment,"Official Spotify guidance, checked 2026-09-17","SheerID handles student verification. Try a private browser window to avoid autofill problems. If verification still fails, use the SheerID help route on this official page. Spotify cannot resolve SheerID verification issues.",,,,,,
b4_026,balanced,current:shuffle,is there a page where I can see in wich countries spotify is live right now? Cause I wanna see if it's available in Romania at the moment,"Official Spotify guidance, checked 2026-09-17","Smart Shuffle mixes recommendations into playback. It is always active on free mobile. Premium mobile users can disable Include Smart Shuffle in play modes under Settings and privacy, Playback. Premium shuffle also offers a Fewer repeats style; it reduces, not eliminates, repeats.",,,,,,
b4_026,balanced,current:autoplay,is there a page where I can see in wich countries spotify is live right now? Cause I wanna see if it's available in Romania at the moment,"Official Spotify guidance, checked 2026-09-17","Autoplay plays similar tracks after an album, playlist or selection ends. It can be disabled in settings: Playback, Autoplay on mobile; Autoplay in desktop settings. It does not explain extra tracks interspersed within a playlist.",,,,,,
b4_026,balanced,current:explicit,is there a page where I can see in wich countries spotify is live right now? Cause I wanna see if it's available in Romania at the moment,"Official Spotify guidance, checked 2026-09-17",Explicit releases have E or EXPLICIT tags supplied by rights holders. Search for different versions; some explicit releases have no clean version. This does not prove an uncensored version of a given track exists.,,,,,,
b4_026,balanced,current:library,is there a page where I can see in wich countries spotify is live right now? Cause I wanna see if it's available in Romania at the moment,"Official Spotify guidance, checked 2026-09-17","For music missing from Your Library, check filters on mobile and search to find and save it. A different account may explain missing saved content, but must not be asserted without evidence.",,,,,,
b4_026,balanced,current:contact,is there a page where I can see in wich countries spotify is live right now? Cause I wanna see if it's available in Romania at the moment,Need official human support,Spotify's contact page offers messaging with customer support. The assistant cannot contact staff or access accounts.,,,,,,
b4_026,balanced,current:playback,is there a page where I can see in wich countries spotify is live right now? Cause I wanna see if it's available in Romania at the moment,Technical trouble playing Spotify,"For playback or app technical problems, restart or update the app. Reinstalling requires downloading offline music and podcasts again. These steps do not answer playlist editing, catalog, billing or feature questions.",,,,,,
b4_026,balanced,policy:clarification,is there a page where I can see in wich countries spotify is live right now? Cause I wanna see if it's available in Romania at the moment,Missing diagnostic context,"Cadence's reviewed response policy permits a specific, relevant question about the affected feature, device, app version or exact error. Never repeat information already supplied or ask for private account details. A question is not a resolution.",,,,,,
b4_026,balanced,policy:social,is there a page where I can see in wich countries spotify is live right now? Cause I wanna see if it's available in Romania at the moment,Cadence conversational policy,A brief friendly acknowledgment of thanks or excitement is allowed without inventing facts or claiming an action. It is not a support resolution.,,,,,,
b4_026,agent,t_1636800,is there a page where I can see in wich countries spotify is live right now? Cause I wanna see if it's available in Romania at the moment,I live in Norway but want this song from holland wich i cant find when i search. «Jayh-Alleen jij» could you help?,@user Hey there! It seems it's not available in your region. Fingers crossed we'll have it available to you soon,,,,,,
b4_026,agent,t_956460,is there a page where I can see in wich countries spotify is live right now? Cause I wanna see if it's available in Romania at the moment,Hey some news sources in #Romania says that #Spotify will be available in this country Its true ?,"@user 1: Hey there! We're afraid we don’t have any info on this right now, but we're launching regularly in countries around the world.",,,,,,
b4_026,agent,t_962701,is there a page where I can see in wich countries spotify is live right now? Cause I wanna see if it's available in Romania at the moment,",when it's going to be available in Romania? 🇷🇴",@user Hi Lazar! We're launching in new countries as often as possible. Sign up here to be first to hear: <url>,,,,,,
b4_026,agent,t_2957836,is there a page where I can see in wich countries spotify is live right now? Cause I wanna see if it's available in Romania at the moment,when spotify in romania will be available?,@user Hey there! We're launching regularly in countries around the world. Sign up here to be first to hear: <url>,,,,,,
b4_026,agent,t_1768991,is there a page where I can see in wich countries spotify is live right now? Cause I wanna see if it's available in Romania at the moment,when will spotify be available in Romania?,@user Hey there! We're launching in new countries as often as possible. Be sure to add your email at <url>,,,,,,
b4_026,agent,t_963758,is there a page where I can see in wich countries spotify is live right now? Cause I wanna see if it's available in Romania at the moment,Hi it's true that you will launch Spotify in Romania too or it's just a fake rumour?,"@user Hey there! We don't have any info on this right now, but we'll be sure to announce any news at <url>",,,,,,
b4_027,balanced,t_1870997,". quit losing all my downloads, ya dicks",can you please stop losing all of my downloaded songs on pc? thank you,@user Sorry to hear that! Check out the steps under “Downloads unexpectedly removed” at <url>. They should help with this 🙂,,,,,,
b4_027,balanced,t_2427713,". quit losing all my downloads, ya dicks",quit undownloading all of my shit :-),"@user 1: Hey there, Sorry to hear that! Check out the steps under “Downloads unexpectedly removed”...",,,,,,
b4_027,balanced,t_1789277,". quit losing all my downloads, ya dicks",constantly losing downloads on iphone.,@user Hey Mike! Sorry to hear that. The steps under “Downloads unexpectedly removed” at <url> should help with this,,,,,,
b4_027,balanced,t_1840631,". quit losing all my downloads, ya dicks",I'm losing a bunch of music from my downloaded library. What's happening?,@user Hey John! Check out the steps under “Downloads unexpectedly removed” at <url>. They should help with this 🙂,,,,,,
b4_027,balanced,t_233151,". quit losing all my downloads, ya dicks","Hi, third time the iPhone app has decided to ‘uncheck’ download for every artist, losing all music. What’s happening!?","@user Hi Nick, that's not cool! In any case, you can find more details that could help you out on that here: <url>",,,,,,
b4_027,balanced,t_1336486,". quit losing all my downloads, ya dicks","I keep losing albums I've downloaded to listen offline - can you fix these bugs instead of giving us a ""Stranger Things mode?""","@user 1: Hey David, sorry to hear that! Check out the steps under “Downloads unexpectedly removed”...",,,,,,
b4_027,balanced,current:family,". quit losing all my downloads, ya dicks","Official Spotify guidance, checked 2026-09-17",Premium Family is for family members living together. Members must live with the plan manager and use the same home address. This general rule does not establish a temporary-absence exception or eligibility of an individual account.,,,,,,
b4_027,balanced,current:wrapped,". quit losing all my downloads, ya dicks","Official Spotify guidance, checked 2026-09-17",Wrapped is Spotify's annual listening summary and includes personalized playlists. Some features have eligibility requirements. The support page links official updates; it does not establish a release date for an upcoming edition.,,,,,,
b4_027,balanced,current:profile,". quit losing all my downloads, ya dicks","Official Spotify guidance, checked 2026-09-17","A display name replaces the username on profiles, apps and playlists, but cannot be used to log in. Mobile: profile picture, View profile, EDIT, change name, Save.",,,,,,
b4_027,balanced,current:ideas,". quit losing all my downloads, ya dicks","Official Spotify guidance, checked 2026-09-17","Customers can search the Community Ideas board, vote for an existing idea or submit a new idea after logging in. No particular idea, feature release or staff action is confirmed.",,,,,,
b4_027,balanced,current:catalog,". quit losing all my downloads, ya dicks","Official Spotify guidance, checked 2026-09-17","Catalog availability varies over time and by country according to rights-holder permissions. No availability, removal cause or return date for a specific release is established.",,,,,,
b4_027,balanced,current:student,". quit losing all my downloads, ya dicks","Official Spotify guidance, checked 2026-09-17","SheerID handles student verification. Try a private browser window to avoid autofill problems. If verification still fails, use the SheerID help route on this official page. Spotify cannot resolve SheerID verification issues.",,,,,,
b4_027,balanced,current:shuffle,". quit losing all my downloads, ya dicks","Official Spotify guidance, checked 2026-09-17","Smart Shuffle mixes recommendations into playback. It is always active on free mobile. Premium mobile users can disable Include Smart Shuffle in play modes under Settings and privacy, Playback. Premium shuffle also offers a Fewer repeats style; it reduces, not eliminates, repeats.",,,,,,
b4_027,balanced,current:autoplay,". quit losing all my downloads, ya dicks","Official Spotify guidance, checked 2026-09-17","Autoplay plays similar tracks after an album, playlist or selection ends. It can be disabled in settings: Playback, Autoplay on mobile; Autoplay in desktop settings. It does not explain extra tracks interspersed within a playlist.",,,,,,
b4_027,balanced,current:explicit,". quit losing all my downloads, ya dicks","Official Spotify guidance, checked 2026-09-17",Explicit releases have E or EXPLICIT tags supplied by rights holders. Search for different versions; some explicit releases have no clean version. This does not prove an uncensored version of a given track exists.,,,,,,
b4_027,balanced,current:library,". quit losing all my downloads, ya dicks","Official Spotify guidance, checked 2026-09-17","For music missing from Your Library, check filters on mobile and search to find and save it. A different account may explain missing saved content, but must not be asserted without evidence.",,,,,,
b4_027,balanced,current:contact,". quit losing all my downloads, ya dicks",Need official human support,Spotify's contact page offers messaging with customer support. The assistant cannot contact staff or access accounts.,,,,,,
b4_027,balanced,current:playback,". quit losing all my downloads, ya dicks",Technical trouble playing Spotify,"For playback or app technical problems, restart or update the app. Reinstalling requires downloading offline music and podcasts again. These steps do not answer playlist editing, catalog, billing or feature questions.",,,,,,
b4_027,balanced,policy:clarification,". quit losing all my downloads, ya dicks",Missing diagnostic context,"Cadence's reviewed response policy permits a specific, relevant question about the affected feature, device, app version or exact error. Never repeat information already supplied or ask for private account details. A question is not a resolution.",,,,,,
b4_027,balanced,policy:social,". quit losing all my downloads, ya dicks",Cadence conversational policy,A brief friendly acknowledgment of thanks or excitement is allowed without inventing facts or claiming an action. It is not a support resolution.,,,,,,
b4_027,agent,t_1870997,". quit losing all my downloads, ya dicks",can you please stop losing all of my downloaded songs on pc? thank you,@user Sorry to hear that! Check out the steps under “Downloads unexpectedly removed” at <url>. They should help with this 🙂,,,,,,
b4_027,agent,t_2427713,". quit losing all my downloads, ya dicks",quit undownloading all of my shit :-),"@user 1: Hey there, Sorry to hear that! Check out the steps under “Downloads unexpectedly removed”...",,,,,,
b4_027,agent,t_1789277,". quit losing all my downloads, ya dicks",constantly losing downloads on iphone.,@user Hey Mike! Sorry to hear that. The steps under “Downloads unexpectedly removed” at <url> should help with this,,,,,,
b4_027,agent,t_1840631,". quit losing all my downloads, ya dicks",I'm losing a bunch of music from my downloaded library. What's happening?,@user Hey John! Check out the steps under “Downloads unexpectedly removed” at <url>. They should help with this 🙂,,,,,,
b4_027,agent,t_233151,". quit losing all my downloads, ya dicks","Hi, third time the iPhone app has decided to ‘uncheck’ download for every artist, losing all music. What’s happening!?","@user Hi Nick, that's not cool! In any case, you can find more details that could help you out on that here: <url>",,,,,,
b4_027,agent,t_1336486,". quit losing all my downloads, ya dicks","I keep losing albums I've downloaded to listen offline - can you fix these bugs instead of giving us a ""Stranger Things mode?""","@user 1: Hey David, sorry to hear that! Check out the steps under “Downloads unexpectedly removed”...",,,,,,
b4_027,quality,current:contact,". quit losing all my downloads, ya dicks",Need official human support,Spotify's contact page offers messaging with customer support. The assistant cannot contact staff or access accounts.,,,,,,
b4_028,agent,t_462651,hey can you guys create a personal playlist for me please?,got mineeeee. yiz <url>,"@user Hmm. It looks like you have another account with us. Can you send us the link to one of your personal playlists? If you don't have one, you can just create a sample playlist and then send us its link",,,,,,
b4_028,agent,t_1883632,hey can you guys create a personal playlist for me please?,Hey how about letting artists verified in 2017 create playlists that don't show their personal account details?,@user Hey! Our friends in Artist Support are the right folks to help with this. You can get in touch with them here: <url>,,,,,,
b4_028,agent,t_2022728,hey can you guys create a personal playlist for me please?,@user any idea when it will be possible to create an Artist Playlist under the artist name instead of the personal username?,"@user Hey! You can contact our Artist team here: <url>. If you've reached out, DM us your email address & we'll chase it up <url>",,,,,,
b4_028,agent,t_2095103,hey can you guys create a personal playlist for me please?,@user I know how to add a playlist to my profile but is it possible to create it as the artist and not as my personal account?,"@user Hey! You can contact our Artist team here: <url>. If you've reached out, DM us your email address & we'll chase it up <url>",,,,,,
b4_028,agent,t_291460,hey can you guys create a personal playlist for me please?,"@user Hi, we have a verified spotify account but don't seem to be able to create a playlist as an artist, only via personal accounts (problem: not our band but private account is shown & fans get redirected to the personal account which is bad for traffic). #help #dtv",@user Hey! We'd recommend filling out this contact form here <url>. The Artist support team should be able to help out,,,,,,
b4_028,agent,t_622872,hey can you guys create a personal playlist for me please?,"Hey , I want to create a playlist selected from all the songs I have ever clicked ""Add to Queue"" - Can we access personal usage data, and would it include that data? Thanks!","@user Hey Jeffrey, we can see how that’d be useful! You can vote for the official idea here: <url>. Stay awesome 😁",,,,,,
b4_028,quality,t_462651,hey can you guys create a personal playlist for me please?,got mineeeee. yiz <url>,"@user Hmm. It looks like you have another account with us. Can you send us the link to one of your personal playlists? If you don't have one, you can just create a sample playlist and then send us its link",,,,,,
b4_028,quality,t_1883632,hey can you guys create a personal playlist for me please?,Hey how about letting artists verified in 2017 create playlists that don't show their personal account details?,@user Hey! Our friends in Artist Support are the right folks to help with this. You can get in touch with them here: <url>,,,,,,
b4_028,quality,t_2022728,hey can you guys create a personal playlist for me please?,@user any idea when it will be possible to create an Artist Playlist under the artist name instead of the personal username?,"@user Hey! You can contact our Artist team here: <url>. If you've reached out, DM us your email address & we'll chase it up <url>",,,,,,
b4_028,quality,t_2095103,hey can you guys create a personal playlist for me please?,@user I know how to add a playlist to my profile but is it possible to create it as the artist and not as my personal account?,"@user Hey! You can contact our Artist team here: <url>. If you've reached out, DM us your email address & we'll chase it up <url>",,,,,,
b4_028,quality,t_291460,hey can you guys create a personal playlist for me please?,"@user Hi, we have a verified spotify account but don't seem to be able to create a playlist as an artist, only via personal accounts (problem: not our band but private account is shown & fans get redirected to the personal account which is bad for traffic). #help #dtv",@user Hey! We'd recommend filling out this contact form here <url>. The Artist support team should be able to help out,,,,,,
b4_028,quality,t_622872,hey can you guys create a personal playlist for me please?,"Hey , I want to create a playlist selected from all the songs I have ever clicked ""Add to Queue"" - Can we access personal usage data, and would it include that data? Thanks!","@user Hey Jeffrey, we can see how that’d be useful! You can vote for the official idea here: <url>. Stay awesome 😁",,,,,,
b4_028,quality,current:contact,hey can you guys create a personal playlist for me please?,Need official human support,Spotify's contact page offers messaging with customer support. The assistant cannot contact staff or access accounts.,,,,,,
b4_028,quality,current:playback,hey can you guys create a personal playlist for me please?,Technical trouble playing Spotify,"For playback or app technical problems, restart or update the app. Reinstalling requires downloading offline music and podcasts again. These steps do not answer playlist editing, catalog, billing or feature questions.",,,,,,
b4_028,quality,policy:clarification,hey can you guys create a personal playlist for me please?,Missing diagnostic context,"Cadence's reviewed response policy permits a specific, relevant question about the affected feature, device, app version or exact error. Never repeat information already supplied or ask for private account details. A question is not a resolution.",,,,,,
b4_028,balanced,t_462651,hey can you guys create a personal playlist for me please?,got mineeeee. yiz <url>,"@user Hmm. It looks like you have another account with us. Can you send us the link to one of your personal playlists? If you don't have one, you can just create a sample playlist and then send us its link",,,,,,
b4_028,balanced,t_1883632,hey can you guys create a personal playlist for me please?,Hey how about letting artists verified in 2017 create playlists that don't show their personal account details?,@user Hey! Our friends in Artist Support are the right folks to help with this. You can get in touch with them here: <url>,,,,,,
b4_028,balanced,t_2022728,hey can you guys create a personal playlist for me please?,@user any idea when it will be possible to create an Artist Playlist under the artist name instead of the personal username?,"@user Hey! You can contact our Artist team here: <url>. If you've reached out, DM us your email address & we'll chase it up <url>",,,,,,
b4_028,balanced,t_2095103,hey can you guys create a personal playlist for me please?,@user I know how to add a playlist to my profile but is it possible to create it as the artist and not as my personal account?,"@user Hey! You can contact our Artist team here: <url>. If you've reached out, DM us your email address & we'll chase it up <url>",,,,,,
b4_028,balanced,t_291460,hey can you guys create a personal playlist for me please?,"@user Hi, we have a verified spotify account but don't seem to be able to create a playlist as an artist, only via personal accounts (problem: not our band but private account is shown & fans get redirected to the personal account which is bad for traffic). #help #dtv",@user Hey! We'd recommend filling out this contact form here <url>. The Artist support team should be able to help out,,,,,,
b4_028,balanced,t_622872,hey can you guys create a personal playlist for me please?,"Hey , I want to create a playlist selected from all the songs I have ever clicked ""Add to Queue"" - Can we access personal usage data, and would it include that data? Thanks!","@user Hey Jeffrey, we can see how that’d be useful! You can vote for the official idea here: <url>. Stay awesome 😁",,,,,,
b4_028,balanced,current:family,hey can you guys create a personal playlist for me please?,"Official Spotify guidance, checked 2026-09-17",Premium Family is for family members living together. Members must live with the plan manager and use the same home address. This general rule does not establish a temporary-absence exception or eligibility of an individual account.,,,,,,
b4_028,balanced,current:wrapped,hey can you guys create a personal playlist for me please?,"Official Spotify guidance, checked 2026-09-17",Wrapped is Spotify's annual listening summary and includes personalized playlists. Some features have eligibility requirements. The support page links official updates; it does not establish a release date for an upcoming edition.,,,,,,
b4_028,balanced,current:profile,hey can you guys create a personal playlist for me please?,"Official Spotify guidance, checked 2026-09-17","A display name replaces the username on profiles, apps and playlists, but cannot be used to log in. Mobile: profile picture, View profile, EDIT, change name, Save.",,,,,,
b4_028,balanced,current:ideas,hey can you guys create a personal playlist for me please?,"Official Spotify guidance, checked 2026-09-17","Customers can search the Community Ideas board, vote for an existing idea or submit a new idea after logging in. No particular idea, feature release or staff action is confirmed.",,,,,,
b4_028,balanced,current:catalog,hey can you guys create a personal playlist for me please?,"Official Spotify guidance, checked 2026-09-17","Catalog availability varies over time and by country according to rights-holder permissions. No availability, removal cause or return date for a specific release is established.",,,,,,
b4_028,balanced,current:student,hey can you guys create a personal playlist for me please?,"Official Spotify guidance, checked 2026-09-17","SheerID handles student verification. Try a private browser window to avoid autofill problems. If verification still fails, use the SheerID help route on this official page. Spotify cannot resolve SheerID verification issues.",,,,,,
b4_028,balanced,current:shuffle,hey can you guys create a personal playlist for me please?,"Official Spotify guidance, checked 2026-09-17","Smart Shuffle mixes recommendations into playback. It is always active on free mobile. Premium mobile users can disable Include Smart Shuffle in play modes under Settings and privacy, Playback. Premium shuffle also offers a Fewer repeats style; it reduces, not eliminates, repeats.",,,,,,
b4_028,balanced,current:autoplay,hey can you guys create a personal playlist for me please?,"Official Spotify guidance, checked 2026-09-17","Autoplay plays similar tracks after an album, playlist or selection ends. It can be disabled in settings: Playback, Autoplay on mobile; Autoplay in desktop settings. It does not explain extra tracks interspersed within a playlist.",,,,,,
b4_028,balanced,current:explicit,hey can you guys create a personal playlist for me please?,"Official Spotify guidance, checked 2026-09-17",Explicit releases have E or EXPLICIT tags supplied by rights holders. Search for different versions; some explicit releases have no clean version. This does not prove an uncensored version of a given track exists.,,,,,,
b4_028,balanced,current:library,hey can you guys create a personal playlist for me please?,"Official Spotify guidance, checked 2026-09-17","For music missing from Your Library, check filters on mobile and search to find and save it. A different account may explain missing saved content, but must not be asserted without evidence.",,,,,,
b4_028,balanced,current:contact,hey can you guys create a personal playlist for me please?,Need official human support,Spotify's contact page offers messaging with customer support. The assistant cannot contact staff or access accounts.,,,,,,
b4_028,balanced,current:playback,hey can you guys create a personal playlist for me please?,Technical trouble playing Spotify,"For playback or app technical problems, restart or update the app. Reinstalling requires downloading offline music and podcasts again. These steps do not answer playlist editing, catalog, billing or feature questions.",,,,,,
b4_028,balanced,policy:clarification,hey can you guys create a personal playlist for me please?,Missing diagnostic context,"Cadence's reviewed response policy permits a specific, relevant question about the affected feature, device, app version or exact error. Never repeat information already supplied or ask for private account details. A question is not a resolution.",,,,,,
b4_028,balanced,policy:social,hey can you guys create a personal playlist for me please?,Cadence conversational policy,A brief friendly acknowledgment of thanks or excitement is allowed without inventing facts or claiming an action. It is not a support resolution.,,,,,,
b4_029,quality,t_2136531,why’d you get rid of direct messaging and song sharing? That was the best way for me to show friends new music.,forever bitter about taking away the messaging feature. years and years of sharing songs /convos with friends gone. with no warning.,"@user Hey Allison, sorry to hear you feel that way. We have some info about this here: <url>. For any questions, let us know",,,,,,
b4_029,quality,t_2064256,why’d you get rid of direct messaging and song sharing? That was the best way for me to show friends new music.,Do friends get notified when you listen to their music showed in friends feed?,"@user Hi there! Users will not be notified if you listen to the songs their listening to on your friend feed. Any other questions, just shout",,,,,,
b4_029,quality,t_1740069,why’d you get rid of direct messaging and song sharing? That was the best way for me to show friends new music.,Hey my friends can't add songs to the collaborative playlist I've shared with them. Any clues why?,"@user Hey Tomas! Just to check, are your friends following the playlist on Spotify? Keep us posted",,,,,,
b4_029,quality,t_2705884,why’d you get rid of direct messaging and song sharing? That was the best way for me to show friends new music.,should add direct music/playlist sharing among spotify users,"@user Hey there, we hear you! We have more information about this idea here: <url>",,,,,,
b4_029,quality,t_2453433,why’d you get rid of direct messaging and song sharing? That was the best way for me to show friends new music.,I suggest a chat to PM songs to friends and comment... also a way to open another playlist/album in new tab :D #avidspotifyuser,@user Hey! Thanks for letting us know. We'll be sure to let our team know it's something you'd like to see,,,,,,
b4_029,quality,t_1930766,why’d you get rid of direct messaging and song sharing? That was the best way for me to show friends new music.,It's time to get rid of I am tired of all this recommended rap music. When I try and enjoy metal music I get rap instead wtf?,"@user Hi there. We're sorry you feel that way. We appreciate your feedback on this, and we'll be sure to pass it on to the right folks",,,,,,
b4_029,quality,current:contact,why’d you get rid of direct messaging and song sharing? That was the best way for me to show friends new music.,Need official human support,Spotify's contact page offers messaging with customer support. The assistant cannot contact staff or access accounts.,,,,,,
b4_029,quality,current:playback,why’d you get rid of direct messaging and song sharing? That was the best way for me to show friends new music.,Technical trouble playing Spotify,"For playback or app technical problems, restart or update the app. Reinstalling requires downloading offline music and podcasts again. These steps do not answer playlist editing, catalog, billing or feature questions.",,,,,,
b4_029,quality,policy:clarification,why’d you get rid of direct messaging and song sharing? That was the best way for me to show friends new music.,Missing diagnostic context,"Cadence's reviewed response policy permits a specific, relevant question about the affected feature, device, app version or exact error. Never repeat information already supplied or ask for private account details. A question is not a resolution.",,,,,,
b4_029,balanced,t_2136531,why’d you get rid of direct messaging and song sharing? That was the best way for me to show friends new music.,forever bitter about taking away the messaging feature. years and years of sharing songs /convos with friends gone. with no warning.,"@user Hey Allison, sorry to hear you feel that way. We have some info about this here: <url>. For any questions, let us know",,,,,,
b4_029,balanced,t_2064256,why’d you get rid of direct messaging and song sharing? That was the best way for me to show friends new music.,Do friends get notified when you listen to their music showed in friends feed?,"@user Hi there! Users will not be notified if you listen to the songs their listening to on your friend feed. Any other questions, just shout",,,,,,
b4_029,balanced,t_1740069,why’d you get rid of direct messaging and song sharing? That was the best way for me to show friends new music.,Hey my friends can't add songs to the collaborative playlist I've shared with them. Any clues why?,"@user Hey Tomas! Just to check, are your friends following the playlist on Spotify? Keep us posted",,,,,,
b4_029,balanced,t_2705884,why’d you get rid of direct messaging and song sharing? That was the best way for me to show friends new music.,should add direct music/playlist sharing among spotify users,"@user Hey there, we hear you! We have more information about this idea here: <url>",,,,,,
b4_029,balanced,t_2453433,why’d you get rid of direct messaging and song sharing? That was the best way for me to show friends new music.,I suggest a chat to PM songs to friends and comment... also a way to open another playlist/album in new tab :D #avidspotifyuser,@user Hey! Thanks for letting us know. We'll be sure to let our team know it's something you'd like to see,,,,,,
b4_029,balanced,t_1930766,why’d you get rid of direct messaging and song sharing? That was the best way for me to show friends new music.,It's time to get rid of I am tired of all this recommended rap music. When I try and enjoy metal music I get rap instead wtf?,"@user Hi there. We're sorry you feel that way. We appreciate your feedback on this, and we'll be sure to pass it on to the right folks",,,,,,
b4_029,balanced,current:family,why’d you get rid of direct messaging and song sharing? That was the best way for me to show friends new music.,"Official Spotify guidance, checked 2026-09-17",Premium Family is for family members living together. Members must live with the plan manager and use the same home address. This general rule does not establish a temporary-absence exception or eligibility of an individual account.,,,,,,
b4_029,balanced,current:wrapped,why’d you get rid of direct messaging and song sharing? That was the best way for me to show friends new music.,"Official Spotify guidance, checked 2026-09-17",Wrapped is Spotify's annual listening summary and includes personalized playlists. Some features have eligibility requirements. The support page links official updates; it does not establish a release date for an upcoming edition.,,,,,,
b4_029,balanced,current:profile,why’d you get rid of direct messaging and song sharing? That was the best way for me to show friends new music.,"Official Spotify guidance, checked 2026-09-17","A display name replaces the username on profiles, apps and playlists, but cannot be used to log in. Mobile: profile picture, View profile, EDIT, change name, Save.",,,,,,
b4_029,balanced,current:ideas,why’d you get rid of direct messaging and song sharing? That was the best way for me to show friends new music.,"Official Spotify guidance, checked 2026-09-17","Customers can search the Community Ideas board, vote for an existing idea or submit a new idea after logging in. No particular idea, feature release or staff action is confirmed.",,,,,,
b4_029,balanced,current:catalog,why’d you get rid of direct messaging and song sharing? That was the best way for me to show friends new music.,"Official Spotify guidance, checked 2026-09-17","Catalog availability varies over time and by country according to rights-holder permissions. No availability, removal cause or return date for a specific release is established.",,,,,,
b4_029,balanced,current:student,why’d you get rid of direct messaging and song sharing? That was the best way for me to show friends new music.,"Official Spotify guidance, checked 2026-09-17","SheerID handles student verification. Try a private browser window to avoid autofill problems. If verification still fails, use the SheerID help route on this official page. Spotify cannot resolve SheerID verification issues.",,,,,,
b4_029,balanced,current:shuffle,why’d you get rid of direct messaging and song sharing? That was the best way for me to show friends new music.,"Official Spotify guidance, checked 2026-09-17","Smart Shuffle mixes recommendations into playback. It is always active on free mobile. Premium mobile users can disable Include Smart Shuffle in play modes under Settings and privacy, Playback. Premium shuffle also offers a Fewer repeats style; it reduces, not eliminates, repeats.",,,,,,
b4_029,balanced,current:autoplay,why’d you get rid of direct messaging and song sharing? That was the best way for me to show friends new music.,"Official Spotify guidance, checked 2026-09-17","Autoplay plays similar tracks after an album, playlist or selection ends. It can be disabled in settings: Playback, Autoplay on mobile; Autoplay in desktop settings. It does not explain extra tracks interspersed within a playlist.",,,,,,
b4_029,balanced,current:explicit,why’d you get rid of direct messaging and song sharing? That was the best way for me to show friends new music.,"Official Spotify guidance, checked 2026-09-17",Explicit releases have E or EXPLICIT tags supplied by rights holders. Search for different versions; some explicit releases have no clean version. This does not prove an uncensored version of a given track exists.,,,,,,
b4_029,balanced,current:library,why’d you get rid of direct messaging and song sharing? That was the best way for me to show friends new music.,"Official Spotify guidance, checked 2026-09-17","For music missing from Your Library, check filters on mobile and search to find and save it. A different account may explain missing saved content, but must not be asserted without evidence.",,,,,,
b4_029,balanced,current:contact,why’d you get rid of direct messaging and song sharing? That was the best way for me to show friends new music.,Need official human support,Spotify's contact page offers messaging with customer support. The assistant cannot contact staff or access accounts.,,,,,,
b4_029,balanced,current:playback,why’d you get rid of direct messaging and song sharing? That was the best way for me to show friends new music.,Technical trouble playing Spotify,"For playback or app technical problems, restart or update the app. Reinstalling requires downloading offline music and podcasts again. These steps do not answer playlist editing, catalog, billing or feature questions.",,,,,,
b4_029,balanced,policy:clarification,why’d you get rid of direct messaging and song sharing? That was the best way for me to show friends new music.,Missing diagnostic context,"Cadence's reviewed response policy permits a specific, relevant question about the affected feature, device, app version or exact error. Never repeat information already supplied or ask for private account details. A question is not a resolution.",,,,,,
b4_029,balanced,policy:social,why’d you get rid of direct messaging and song sharing? That was the best way for me to show friends new music.,Cadence conversational policy,A brief friendly acknowledgment of thanks or excitement is allowed without inventing facts or claiming an action. It is not a support resolution.,,,,,,
b4_029,agent,t_2136531,why’d you get rid of direct messaging and song sharing? That was the best way for me to show friends new music.,forever bitter about taking away the messaging feature. years and years of sharing songs /convos with friends gone. with no warning.,"@user Hey Allison, sorry to hear you feel that way. We have some info about this here: <url>. For any questions, let us know",,,,,,
b4_029,agent,t_2064256,why’d you get rid of direct messaging and song sharing? That was the best way for me to show friends new music.,Do friends get notified when you listen to their music showed in friends feed?,"@user Hi there! Users will not be notified if you listen to the songs their listening to on your friend feed. Any other questions, just shout",,,,,,
b4_029,agent,t_1740069,why’d you get rid of direct messaging and song sharing? That was the best way for me to show friends new music.,Hey my friends can't add songs to the collaborative playlist I've shared with them. Any clues why?,"@user Hey Tomas! Just to check, are your friends following the playlist on Spotify? Keep us posted",,,,,,
b4_029,agent,t_2705884,why’d you get rid of direct messaging and song sharing? That was the best way for me to show friends new music.,should add direct music/playlist sharing among spotify users,"@user Hey there, we hear you! We have more information about this idea here: <url>",,,,,,
b4_029,agent,t_2453433,why’d you get rid of direct messaging and song sharing? That was the best way for me to show friends new music.,I suggest a chat to PM songs to friends and comment... also a way to open another playlist/album in new tab :D #avidspotifyuser,@user Hey! Thanks for letting us know. We'll be sure to let our team know it's something you'd like to see,,,,,,
b4_029,agent,t_1930766,why’d you get rid of direct messaging and song sharing? That was the best way for me to show friends new music.,It's time to get rid of I am tired of all this recommended rap music. When I try and enjoy metal music I get rap instead wtf?,"@user Hi there. We're sorry you feel that way. We appreciate your feedback on this, and we'll be sure to pass it on to the right folks",,,,,,
b4_030,balanced,t_2064256,it’d be sick if you could listen to songs with your friends at the exact time. I need to be in sync! /),Do friends get notified when you listen to their music showed in friends feed?,"@user Hi there! Users will not be notified if you listen to the songs their listening to on your friend feed. Any other questions, just shout",,,,,,
b4_030,balanced,t_2582661,it’d be sick if you could listen to songs with your friends at the exact time. I need to be in sync! /),why doesn't spotify have a feature for what I was listening to this time last year so I can listen to it again now I'm not sick of it grr,@user Hey Ben! We can see how that’d be useful. You can vote for the official idea here: <url>,,,,,,
b4_030,balanced,t_2203838,it’d be sick if you could listen to songs with your friends at the exact time. I need to be in sync! /),"@user Hear me out okay? Synced playlists. Invite friends to listen to music with you, same song, same time. Maybe even support letting you play the same music on multiple devices! I would love to have digital rave parties with friends!",@user Hi Torben. This sounds like a great idea! Suggest it in our Community at <url> and get support from other users,,,,,,
b4_030,balanced,t_2182198,it’d be sick if you could listen to songs with your friends at the exact time. I need to be in sync! /),really.. if you are going to force me to listen to adds at least wait longer than 1 song and at least make sure the two adds u force on me are different. Sick of hearing the exact same add twice in a row.,"@user Hey, we'll pass on the feedback. For now, check out <url> if you haven't had a subscription before",,,,,,
b4_030,balanced,t_1874437,it’d be sick if you could listen to songs with your friends at the exact time. I need to be in sync! /),can I sync my account with a friend and you make us a playlist we'll both like? Please?,"@user Hey! Just to clarify, what do you mean by syncing your accounts? If you both want the same playlist, you both can simply follow it",,,,,,
b4_030,balanced,t_539179,it’d be sick if you could listen to songs with your friends at the exact time. I need to be in sync! /),". needs to fix its functionality when you’re listening to a song on a playlist and you want to go back to that exact place in the list. Wanted to see if I could turn on the airplane mode without losing the song I was listening to, couldn’t see if it was downloaded.","@user Hey Dana! Can you let us know the device, operating system, and Spotify version you're using? We'll see what we can suggest",,,,,,
b4_030,balanced,current:family,it’d be sick if you could listen to songs with your friends at the exact time. I need to be in sync! /),"Official Spotify guidance, checked 2026-09-17",Premium Family is for family members living together. Members must live with the plan manager and use the same home address. This general rule does not establish a temporary-absence exception or eligibility of an individual account.,,,,,,
b4_030,balanced,current:wrapped,it’d be sick if you could listen to songs with your friends at the exact time. I need to be in sync! /),"Official Spotify guidance, checked 2026-09-17",Wrapped is Spotify's annual listening summary and includes personalized playlists. Some features have eligibility requirements. The support page links official updates; it does not establish a release date for an upcoming edition.,,,,,,
b4_030,balanced,current:profile,it’d be sick if you could listen to songs with your friends at the exact time. I need to be in sync! /),"Official Spotify guidance, checked 2026-09-17","A display name replaces the username on profiles, apps and playlists, but cannot be used to log in. Mobile: profile picture, View profile, EDIT, change name, Save.",,,,,,
b4_030,balanced,current:ideas,it’d be sick if you could listen to songs with your friends at the exact time. I need to be in sync! /),"Official Spotify guidance, checked 2026-09-17","Customers can search the Community Ideas board, vote for an existing idea or submit a new idea after logging in. No particular idea, feature release or staff action is confirmed.",,,,,,
b4_030,balanced,current:catalog,it’d be sick if you could listen to songs with your friends at the exact time. I need to be in sync! /),"Official Spotify guidance, checked 2026-09-17","Catalog availability varies over time and by country according to rights-holder permissions. No availability, removal cause or return date for a specific release is established.",,,,,,
b4_030,balanced,current:student,it’d be sick if you could listen to songs with your friends at the exact time. I need to be in sync! /),"Official Spotify guidance, checked 2026-09-17","SheerID handles student verification. Try a private browser window to avoid autofill problems. If verification still fails, use the SheerID help route on this official page. Spotify cannot resolve SheerID verification issues.",,,,,,
b4_030,balanced,current:shuffle,it’d be sick if you could listen to songs with your friends at the exact time. I need to be in sync! /),"Official Spotify guidance, checked 2026-09-17","Smart Shuffle mixes recommendations into playback. It is always active on free mobile. Premium mobile users can disable Include Smart Shuffle in play modes under Settings and privacy, Playback. Premium shuffle also offers a Fewer repeats style; it reduces, not eliminates, repeats.",,,,,,
b4_030,balanced,current:autoplay,it’d be sick if you could listen to songs with your friends at the exact time. I need to be in sync! /),"Official Spotify guidance, checked 2026-09-17","Autoplay plays similar tracks after an album, playlist or selection ends. It can be disabled in settings: Playback, Autoplay on mobile; Autoplay in desktop settings. It does not explain extra tracks interspersed within a playlist.",,,,,,
b4_030,balanced,current:explicit,it’d be sick if you could listen to songs with your friends at the exact time. I need to be in sync! /),"Official Spotify guidance, checked 2026-09-17",Explicit releases have E or EXPLICIT tags supplied by rights holders. Search for different versions; some explicit releases have no clean version. This does not prove an uncensored version of a given track exists.,,,,,,
b4_030,balanced,current:library,it’d be sick if you could listen to songs with your friends at the exact time. I need to be in sync! /),"Official Spotify guidance, checked 2026-09-17","For music missing from Your Library, check filters on mobile and search to find and save it. A different account may explain missing saved content, but must not be asserted without evidence.",,,,,,
b4_030,balanced,current:contact,it’d be sick if you could listen to songs with your friends at the exact time. I need to be in sync! /),Need official human support,Spotify's contact page offers messaging with customer support. The assistant cannot contact staff or access accounts.,,,,,,
b4_030,balanced,current:playback,it’d be sick if you could listen to songs with your friends at the exact time. I need to be in sync! /),Technical trouble playing Spotify,"For playback or app technical problems, restart or update the app. Reinstalling requires downloading offline music and podcasts again. These steps do not answer playlist editing, catalog, billing or feature questions.",,,,,,
b4_030,balanced,policy:clarification,it’d be sick if you could listen to songs with your friends at the exact time. I need to be in sync! /),Missing diagnostic context,"Cadence's reviewed response policy permits a specific, relevant question about the affected feature, device, app version or exact error. Never repeat information already supplied or ask for private account details. A question is not a resolution.",,,,,,
b4_030,balanced,policy:social,it’d be sick if you could listen to songs with your friends at the exact time. I need to be in sync! /),Cadence conversational policy,A brief friendly acknowledgment of thanks or excitement is allowed without inventing facts or claiming an action. It is not a support resolution.,,,,,,
b4_030,agent,t_2064256,it’d be sick if you could listen to songs with your friends at the exact time. I need to be in sync! /),Do friends get notified when you listen to their music showed in friends feed?,"@user Hi there! Users will not be notified if you listen to the songs their listening to on your friend feed. Any other questions, just shout",,,,,,
b4_030,agent,t_2582661,it’d be sick if you could listen to songs with your friends at the exact time. I need to be in sync! /),why doesn't spotify have a feature for what I was listening to this time last year so I can listen to it again now I'm not sick of it grr,@user Hey Ben! We can see how that’d be useful. You can vote for the official idea here: <url>,,,,,,
b4_030,agent,t_2203838,it’d be sick if you could listen to songs with your friends at the exact time. I need to be in sync! /),"@user Hear me out okay? Synced playlists. Invite friends to listen to music with you, same song, same time. Maybe even support letting you play the same music on multiple devices! I would love to have digital rave parties with friends!",@user Hi Torben. This sounds like a great idea! Suggest it in our Community at <url> and get support from other users,,,,,,
b4_030,agent,t_2182198,it’d be sick if you could listen to songs with your friends at the exact time. I need to be in sync! /),really.. if you are going to force me to listen to adds at least wait longer than 1 song and at least make sure the two adds u force on me are different. Sick of hearing the exact same add twice in a row.,"@user Hey, we'll pass on the feedback. For now, check out <url> if you haven't had a subscription before",,,,,,
b4_030,agent,t_1874437,it’d be sick if you could listen to songs with your friends at the exact time. I need to be in sync! /),can I sync my account with a friend and you make us a playlist we'll both like? Please?,"@user Hey! Just to clarify, what do you mean by syncing your accounts? If you both want the same playlist, you both can simply follow it",,,,,,
b4_030,agent,t_539179,it’d be sick if you could listen to songs with your friends at the exact time. I need to be in sync! /),". needs to fix its functionality when you’re listening to a song on a playlist and you want to go back to that exact place in the list. Wanted to see if I could turn on the airplane mode without losing the song I was listening to, couldn’t see if it was downloaded.","@user Hey Dana! Can you let us know the device, operating system, and Spotify version you're using? We'll see what we can suggest",,,,,,
b4_030,quality,t_2064256,it’d be sick if you could listen to songs with your friends at the exact time. I need to be in sync! /),Do friends get notified when you listen to their music showed in friends feed?,"@user Hi there! Users will not be notified if you listen to the songs their listening to on your friend feed. Any other questions, just shout",,,,,,
b4_030,quality,t_2582661,it’d be sick if you could listen to songs with your friends at the exact time. I need to be in sync! /),why doesn't spotify have a feature for what I was listening to this time last year so I can listen to it again now I'm not sick of it grr,@user Hey Ben! We can see how that’d be useful. You can vote for the official idea here: <url>,,,,,,
b4_030,quality,t_2203838,it’d be sick if you could listen to songs with your friends at the exact time. I need to be in sync! /),"@user Hear me out okay? Synced playlists. Invite friends to listen to music with you, same song, same time. Maybe even support letting you play the same music on multiple devices! I would love to have digital rave parties with friends!",@user Hi Torben. This sounds like a great idea! Suggest it in our Community at <url> and get support from other users,,,,,,
b4_030,quality,t_2182198,it’d be sick if you could listen to songs with your friends at the exact time. I need to be in sync! /),really.. if you are going to force me to listen to adds at least wait longer than 1 song and at least make sure the two adds u force on me are different. Sick of hearing the exact same add twice in a row.,"@user Hey, we'll pass on the feedback. For now, check out <url> if you haven't had a subscription before",,,,,,
b4_030,quality,t_1874437,it’d be sick if you could listen to songs with your friends at the exact time. I need to be in sync! /),can I sync my account with a friend and you make us a playlist we'll both like? Please?,"@user Hey! Just to clarify, what do you mean by syncing your accounts? If you both want the same playlist, you both can simply follow it",,,,,,
b4_030,quality,t_539179,it’d be sick if you could listen to songs with your friends at the exact time. I need to be in sync! /),". needs to fix its functionality when you’re listening to a song on a playlist and you want to go back to that exact place in the list. Wanted to see if I could turn on the airplane mode without losing the song I was listening to, couldn’t see if it was downloaded.","@user Hey Dana! Can you let us know the device, operating system, and Spotify version you're using? We'll see what we can suggest",,,,,,
b4_030,quality,current:contact,it’d be sick if you could listen to songs with your friends at the exact time. I need to be in sync! /),Need official human support,Spotify's contact page offers messaging with customer support. The assistant cannot contact staff or access accounts.,,,,,,
b4_030,quality,current:playback,it’d be sick if you could listen to songs with your friends at the exact time. I need to be in sync! /),Technical trouble playing Spotify,"For playback or app technical problems, restart or update the app. Reinstalling requires downloading offline music and podcasts again. These steps do not answer playlist editing, catalog, billing or feature questions.",,,,,,
b4_030,quality,policy:clarification,it’d be sick if you could listen to songs with your friends at the exact time. I need to be in sync! /),Missing diagnostic context,"Cadence's reviewed response policy permits a specific, relevant question about the affected feature, device, app version or exact error. Never repeat information already supplied or ask for private account details. A question is not a resolution.",,,,,,
b4_031,agent,t_848521,"Hey! @user' album called ""Blurryface"" is not available, when I try to play it I get the following error: ""This song is not available"". I can play without problems any other song, even other albums by the same group. Do u know what's happening? Thanks!",I cant play certain songs on spotify that other users can play. What gives? Songs not grayed out so i should be able to play it <url>,@user Hey Nicholas! What happens when you try to play them? Do you get any specific error messages? We'll lend a hand,,,,,,
b4_031,agent,t_1147083,"Hey! @user' album called ""Blurryface"" is not available, when I try to play it I get the following error: ""This song is not available"". I can play without problems any other song, even other albums by the same group. Do u know what's happening? Thanks!","Hello the New song ""dozo"" of kaaris is available in app And not in Playstation 4 please fix thanks",@user Hi there. Thanks for bringing this up. Do you get any error message when you play the same track on the PlayStation 4?,,,,,,
b4_031,agent,t_1067195,"Hey! @user' album called ""Blurryface"" is not available, when I try to play it I get the following error: ""This song is not available"". I can play without problems any other song, even other albums by the same group. Do u know what's happening? Thanks!",it won’t play unless I’ve save songs from the album. No I want to listen to music without saving it. So please fix this problem.,@user Hey Joshua! What device are you currently using? Are you getting any specific error messages when trying to play tracks?,,,,,,
b4_031,agent,t_857985,"Hey! @user' album called ""Blurryface"" is not available, when I try to play it I get the following error: ""This song is not available"". I can play without problems any other song, even other albums by the same group. Do u know what's happening? Thanks!",. do you care to explain why AM to PM by Christina Milian is not available on US Spotify?!?,"@user Hey there, help's here! Are you getting any error messages when trying to play the song? Keep us in the loop",,,,,,
b4_031,agent,t_1764680,"Hey! @user' album called ""Blurryface"" is not available, when I try to play it I get the following error: ""This song is not available"". I can play without problems any other song, even other albums by the same group. Do u know what's happening? Thanks!","Hey, my problem: spotify-App doesn't open any more. I use WP 8, actualized, even tried to download it new - what can I do?","@user Hi there! Can you tell us when the issue started happening? Also, are you getting any error messages when trying to open the app?",,,,,,
b4_031,agent,t_1521663,"Hey! @user' album called ""Blurryface"" is not available, when I try to play it I get the following error: ""This song is not available"". I can play without problems any other song, even other albums by the same group. Do u know what's happening? Thanks!",Is there a reason that I can't play The Life of Pablo by Kanye West on any of my devices?,@user Hey there! Are you getting any error messages when trying to play this album? We'll see what we can suggest,,,,,,
b4_031,quality,t_848521,"Hey! @user' album called ""Blurryface"" is not available, when I try to play it I get the following error: ""This song is not available"". I can play without problems any other song, even other albums by the same group. Do u know what's happening? Thanks!",I cant play certain songs on spotify that other users can play. What gives? Songs not grayed out so i should be able to play it <url>,@user Hey Nicholas! What happens when you try to play them? Do you get any specific error messages? We'll lend a hand,,,,,,
b4_031,quality,t_1147083,"Hey! @user' album called ""Blurryface"" is not available, when I try to play it I get the following error: ""This song is not available"". I can play without problems any other song, even other albums by the same group. Do u know what's happening? Thanks!","Hello the New song ""dozo"" of kaaris is available in app And not in Playstation 4 please fix thanks",@user Hi there. Thanks for bringing this up. Do you get any error message when you play the same track on the PlayStation 4?,,,,,,
b4_031,quality,t_1067195,"Hey! @user' album called ""Blurryface"" is not available, when I try to play it I get the following error: ""This song is not available"". I can play without problems any other song, even other albums by the same group. Do u know what's happening? Thanks!",it won’t play unless I’ve save songs from the album. No I want to listen to music without saving it. So please fix this problem.,@user Hey Joshua! What device are you currently using? Are you getting any specific error messages when trying to play tracks?,,,,,,
b4_031,quality,t_857985,"Hey! @user' album called ""Blurryface"" is not available, when I try to play it I get the following error: ""This song is not available"". I can play without problems any other song, even other albums by the same group. Do u know what's happening? Thanks!",. do you care to explain why AM to PM by Christina Milian is not available on US Spotify?!?,"@user Hey there, help's here! Are you getting any error messages when trying to play the song? Keep us in the loop",,,,,,
b4_031,quality,t_1764680,"Hey! @user' album called ""Blurryface"" is not available, when I try to play it I get the following error: ""This song is not available"". I can play without problems any other song, even other albums by the same group. Do u know what's happening? Thanks!","Hey, my problem: spotify-App doesn't open any more. I use WP 8, actualized, even tried to download it new - what can I do?","@user Hi there! Can you tell us when the issue started happening? Also, are you getting any error messages when trying to open the app?",,,,,,
b4_031,quality,t_1521663,"Hey! @user' album called ""Blurryface"" is not available, when I try to play it I get the following error: ""This song is not available"". I can play without problems any other song, even other albums by the same group. Do u know what's happening? Thanks!",Is there a reason that I can't play The Life of Pablo by Kanye West on any of my devices?,@user Hey there! Are you getting any error messages when trying to play this album? We'll see what we can suggest,,,,,,
b4_031,quality,current:contact,"Hey! @user' album called ""Blurryface"" is not available, when I try to play it I get the following error: ""This song is not available"". I can play without problems any other song, even other albums by the same group. Do u know what's happening? Thanks!",Need official human support,Spotify's contact page offers messaging with customer support. The assistant cannot contact staff or access accounts.,,,,,,
b4_031,quality,current:playback,"Hey! @user' album called ""Blurryface"" is not available, when I try to play it I get the following error: ""This song is not available"". I can play without problems any other song, even other albums by the same group. Do u know what's happening? Thanks!",Technical trouble playing Spotify,"For playback or app technical problems, restart or update the app. Reinstalling requires downloading offline music and podcasts again. These steps do not answer playlist editing, catalog, billing or feature questions.",,,,,,
b4_031,quality,policy:clarification,"Hey! @user' album called ""Blurryface"" is not available, when I try to play it I get the following error: ""This song is not available"". I can play without problems any other song, even other albums by the same group. Do u know what's happening? Thanks!",Missing diagnostic context,"Cadence's reviewed response policy permits a specific, relevant question about the affected feature, device, app version or exact error. Never repeat information already supplied or ask for private account details. A question is not a resolution.",,,,,,
b4_031,balanced,t_848521,"Hey! @user' album called ""Blurryface"" is not available, when I try to play it I get the following error: ""This song is not available"". I can play without problems any other song, even other albums by the same group. Do u know what's happening? Thanks!",I cant play certain songs on spotify that other users can play. What gives? Songs not grayed out so i should be able to play it <url>,@user Hey Nicholas! What happens when you try to play them? Do you get any specific error messages? We'll lend a hand,,,,,,
b4_031,balanced,t_1147083,"Hey! @user' album called ""Blurryface"" is not available, when I try to play it I get the following error: ""This song is not available"". I can play without problems any other song, even other albums by the same group. Do u know what's happening? Thanks!","Hello the New song ""dozo"" of kaaris is available in app And not in Playstation 4 please fix thanks",@user Hi there. Thanks for bringing this up. Do you get any error message when you play the same track on the PlayStation 4?,,,,,,
b4_031,balanced,t_1067195,"Hey! @user' album called ""Blurryface"" is not available, when I try to play it I get the following error: ""This song is not available"". I can play without problems any other song, even other albums by the same group. Do u know what's happening? Thanks!",it won’t play unless I’ve save songs from the album. No I want to listen to music without saving it. So please fix this problem.,@user Hey Joshua! What device are you currently using? Are you getting any specific error messages when trying to play tracks?,,,,,,
b4_031,balanced,t_857985,"Hey! @user' album called ""Blurryface"" is not available, when I try to play it I get the following error: ""This song is not available"". I can play without problems any other song, even other albums by the same group. Do u know what's happening? Thanks!",. do you care to explain why AM to PM by Christina Milian is not available on US Spotify?!?,"@user Hey there, help's here! Are you getting any error messages when trying to play the song? Keep us in the loop",,,,,,
b4_031,balanced,t_1764680,"Hey! @user' album called ""Blurryface"" is not available, when I try to play it I get the following error: ""This song is not available"". I can play without problems any other song, even other albums by the same group. Do u know what's happening? Thanks!","Hey, my problem: spotify-App doesn't open any more. I use WP 8, actualized, even tried to download it new - what can I do?","@user Hi there! Can you tell us when the issue started happening? Also, are you getting any error messages when trying to open the app?",,,,,,
b4_031,balanced,t_1521663,"Hey! @user' album called ""Blurryface"" is not available, when I try to play it I get the following error: ""This song is not available"". I can play without problems any other song, even other albums by the same group. Do u know what's happening? Thanks!",Is there a reason that I can't play The Life of Pablo by Kanye West on any of my devices?,@user Hey there! Are you getting any error messages when trying to play this album? We'll see what we can suggest,,,,,,
b4_031,balanced,current:family,"Hey! @user' album called ""Blurryface"" is not available, when I try to play it I get the following error: ""This song is not available"". I can play without problems any other song, even other albums by the same group. Do u know what's happening? Thanks!","Official Spotify guidance, checked 2026-09-17",Premium Family is for family members living together. Members must live with the plan manager and use the same home address. This general rule does not establish a temporary-absence exception or eligibility of an individual account.,,,,,,
b4_031,balanced,current:wrapped,"Hey! @user' album called ""Blurryface"" is not available, when I try to play it I get the following error: ""This song is not available"". I can play without problems any other song, even other albums by the same group. Do u know what's happening? Thanks!","Official Spotify guidance, checked 2026-09-17",Wrapped is Spotify's annual listening summary and includes personalized playlists. Some features have eligibility requirements. The support page links official updates; it does not establish a release date for an upcoming edition.,,,,,,
b4_031,balanced,current:profile,"Hey! @user' album called ""Blurryface"" is not available, when I try to play it I get the following error: ""This song is not available"". I can play without problems any other song, even other albums by the same group. Do u know what's happening? Thanks!","Official Spotify guidance, checked 2026-09-17","A display name replaces the username on profiles, apps and playlists, but cannot be used to log in. Mobile: profile picture, View profile, EDIT, change name, Save.",,,,,,
b4_031,balanced,current:ideas,"Hey! @user' album called ""Blurryface"" is not available, when I try to play it I get the following error: ""This song is not available"". I can play without problems any other song, even other albums by the same group. Do u know what's happening? Thanks!","Official Spotify guidance, checked 2026-09-17","Customers can search the Community Ideas board, vote for an existing idea or submit a new idea after logging in. No particular idea, feature release or staff action is confirmed.",,,,,,
b4_031,balanced,current:catalog,"Hey! @user' album called ""Blurryface"" is not available, when I try to play it I get the following error: ""This song is not available"". I can play without problems any other song, even other albums by the same group. Do u know what's happening? Thanks!","Official Spotify guidance, checked 2026-09-17","Catalog availability varies over time and by country according to rights-holder permissions. No availability, removal cause or return date for a specific release is established.",,,,,,
b4_031,balanced,current:student,"Hey! @user' album called ""Blurryface"" is not available, when I try to play it I get the following error: ""This song is not available"". I can play without problems any other song, even other albums by the same group. Do u know what's happening? Thanks!","Official Spotify guidance, checked 2026-09-17","SheerID handles student verification. Try a private browser window to avoid autofill problems. If verification still fails, use the SheerID help route on this official page. Spotify cannot resolve SheerID verification issues.",,,,,,
b4_031,balanced,current:shuffle,"Hey! @user' album called ""Blurryface"" is not available, when I try to play it I get the following error: ""This song is not available"". I can play without problems any other song, even other albums by the same group. Do u know what's happening? Thanks!","Official Spotify guidance, checked 2026-09-17","Smart Shuffle mixes recommendations into playback. It is always active on free mobile. Premium mobile users can disable Include Smart Shuffle in play modes under Settings and privacy, Playback. Premium shuffle also offers a Fewer repeats style; it reduces, not eliminates, repeats.",,,,,,
b4_031,balanced,current:autoplay,"Hey! @user' album called ""Blurryface"" is not available, when I try to play it I get the following error: ""This song is not available"". I can play without problems any other song, even other albums by the same group. Do u know what's happening? Thanks!","Official Spotify guidance, checked 2026-09-17","Autoplay plays similar tracks after an album, playlist or selection ends. It can be disabled in settings: Playback, Autoplay on mobile; Autoplay in desktop settings. It does not explain extra tracks interspersed within a playlist.",,,,,,
b4_031,balanced,current:explicit,"Hey! @user' album called ""Blurryface"" is not available, when I try to play it I get the following error: ""This song is not available"". I can play without problems any other song, even other albums by the same group. Do u know what's happening? Thanks!","Official Spotify guidance, checked 2026-09-17",Explicit releases have E or EXPLICIT tags supplied by rights holders. Search for different versions; some explicit releases have no clean version. This does not prove an uncensored version of a given track exists.,,,,,,
b4_031,balanced,current:library,"Hey! @user' album called ""Blurryface"" is not available, when I try to play it I get the following error: ""This song is not available"". I can play without problems any other song, even other albums by the same group. Do u know what's happening? Thanks!","Official Spotify guidance, checked 2026-09-17","For music missing from Your Library, check filters on mobile and search to find and save it. A different account may explain missing saved content, but must not be asserted without evidence.",,,,,,
b4_031,balanced,current:contact,"Hey! @user' album called ""Blurryface"" is not available, when I try to play it I get the following error: ""This song is not available"". I can play without problems any other song, even other albums by the same group. Do u know what's happening? Thanks!",Need official human support,Spotify's contact page offers messaging with customer support. The assistant cannot contact staff or access accounts.,,,,,,
b4_031,balanced,current:playback,"Hey! @user' album called ""Blurryface"" is not available, when I try to play it I get the following error: ""This song is not available"". I can play without problems any other song, even other albums by the same group. Do u know what's happening? Thanks!",Technical trouble playing Spotify,"For playback or app technical problems, restart or update the app. Reinstalling requires downloading offline music and podcasts again. These steps do not answer playlist editing, catalog, billing or feature questions.",,,,,,
b4_031,balanced,policy:clarification,"Hey! @user' album called ""Blurryface"" is not available, when I try to play it I get the following error: ""This song is not available"". I can play without problems any other song, even other albums by the same group. Do u know what's happening? Thanks!",Missing diagnostic context,"Cadence's reviewed response policy permits a specific, relevant question about the affected feature, device, app version or exact error. Never repeat information already supplied or ask for private account details. A question is not a resolution.",,,,,,
b4_031,balanced,policy:social,"Hey! @user' album called ""Blurryface"" is not available, when I try to play it I get the following error: ""This song is not available"". I can play without problems any other song, even other albums by the same group. Do u know what's happening? Thanks!",Cadence conversational policy,A brief friendly acknowledgment of thanks or excitement is allowed without inventing facts or claiming an action. It is not a support resolution.,,,,,,
b4_032,quality,current:contact,WHY? <url>,Need official human support,Spotify's contact page offers messaging with customer support. The assistant cannot contact staff or access accounts.,,,,,,
b4_032,balanced,current:contact,WHY? <url>,Need official human support,Spotify's contact page offers messaging with customer support. The assistant cannot contact staff or access accounts.,,,,,,
b4_032,agent,t_420127,WHY? <url>,why there’s no GOT7? WHY WHY WHY LOOK WHAT WE ARE MISSING <url>,@user Hey there! We'd love to have them on Spotify! Hopefully we will in the future. Check this out: <url>,,,,,,
b4_032,agent,t_2005978,WHY? <url>,Why don't u have the original songs @user ???? Why why why Hikoukigumo is one of the best OST😭😭😭 <url>,@user Hey! We’ll have it available to you as soon as it’s available to us. There's more info about content here: <url>,,,,,,
b4_032,agent,t_2312880,WHY? <url>,Why why? <url>,"@user Hey Javier! Rest assured, your feedback will be passed on to the right folks",,,,,,
b4_032,agent,t_1844556,WHY? <url>,why isn't hello by svt available in america why isn't hello by svt available in america why isn't hello by svt available in america why isn't hello by svt available in america why isn't hello by svt available in america why isn't hello by svt available in america wh,"@user Hey! Fingers crossed we'll be able to have it soon, but there's info about Spotify content here: <url>",,,,,,
b4_032,agent,t_2065190,WHY? <url>,why did i just get 6 ads in a row? without any music in between. why just why?,"@user Hey! Thanks for your feedback - we'll pass it on. For now, check out <url> if you haven't had a subscription before",,,,,,
b4_032,agent,t_2978437,WHY? <url>,( ) WHY?! WHY?!?!?! Why would you take August d off? Why? Also where’s Lemonade?! #SHOOKETH,"@user Hey McKayla! Sometimes content gets removed due to licensing changes. As for Lemonade, we're working on it, and we hope to have it available soon. There's more info about Spotify content here: <url>",,,,,,
b4_033,balanced,current:contact,help,Need official human support,Spotify's contact page offers messaging with customer support. The assistant cannot contact staff or access accounts.,,,,,,
b4_033,agent,t_1792985,help,help help help i need help with my account.... my family plan heeeeeeeeeeeeelp!!!,@user Hey Angie! The cavalry's here. Could you DM us your account's email address or username? We'll take a look under the hood <url>,,,,,,
b4_033,agent,t_502657,help,looking for a little help. The Spotify App on my mac won't go online - but I can open my web player and it works fine. Help!,"@user Hey Cody, help's here! Does logging out > restarting the device > logging back in help? Keep us posted",,,,,,
b4_033,agent,t_485531,help,"i need to contact customer service in Spain, there is a problem with payment. help help @user","@user Hey Virginia. We can help you in English, but our friends @user offers Spanish support. Give them a shout!",,,,,,
b4_033,agent,t_2783447,help,playback just started jumping all over and can't play anything. please help,"@user Hey James, help's here! Does logging out > restarting the device > logging back in help? Keep us posted",,,,,,
b4_033,agent,t_2317635,help,Thanks for your help ✨,@user You're welcome!. Just let us know if we can help with anything else. <url>,,,,,,
b4_033,agent,t_2466915,help,@user @user <url>,"@user Hey there, we're here to help! What's going on exactly? We'll see what we can help with",,,,,,
b4_033,quality,current:contact,help,Need official human support,Spotify's contact page offers messaging with customer support. The assistant cannot contact staff or access accounts.,,,,,,
b4_034,agent,t_2397302,When will you update Spotify optimized for iPhone X?,Several updates since iPhone X release but still not iPhone X optimized. 🙄,@user Hey! We understand - we’re working on it as we speak. Stay tuned!,,,,,,
b4_034,agent,t_2456298,When will you update Spotify optimized for iPhone X?,One of these days spotify will finally be optimized for iPhone X,@user Hey Dalton! We're currently working on it as we speak. Stay tuned 🎶,,,,,,
b4_034,agent,t_1998400,When will you update Spotify optimized for iPhone X?,"Hey , when’s the iPhone X optimized update coming?","@user Hey Kevin! We don't have any info to share about this yet, but keep an eye out for updates. We're passing on all feedback around this",,,,,,
b4_034,agent,t_2236146,When will you update Spotify optimized for iPhone X?,When we gonna get an update optimized for iPhone X ? Tired of those black bars at the top and bottom 😔😔,"@user Hey Easton! Don't worry, we're on it. Our developers are looking into this, and we'll keep everyone updated",,,,,,
b4_034,agent,t_2218914,When will you update Spotify optimized for iPhone X?,When will your app be optimized for the iPhone X display? :/,"@user Hey Dave! We don't have any info on this right now, but we'll let the right team know it's something you'd like to see",,,,,,
b4_034,agent,t_2407021,When will you update Spotify optimized for iPhone X?,when will spotify app be updated to iphone X display?,"@user Hi there! We don't have the exact timeframe on when the update will be released, but we’re working on it as we speak. Stay tuned 🙂",,,,,,
b4_034,quality,t_2397302,When will you update Spotify optimized for iPhone X?,Several updates since iPhone X release but still not iPhone X optimized. 🙄,@user Hey! We understand - we’re working on it as we speak. Stay tuned!,,,,,,
b4_034,quality,t_2456298,When will you update Spotify optimized for iPhone X?,One of these days spotify will finally be optimized for iPhone X,@user Hey Dalton! We're currently working on it as we speak. Stay tuned 🎶,,,,,,
b4_034,quality,t_1998400,When will you update Spotify optimized for iPhone X?,"Hey , when’s the iPhone X optimized update coming?","@user Hey Kevin! We don't have any info to share about this yet, but keep an eye out for updates. We're passing on all feedback around this",,,,,,
b4_034,quality,t_2236146,When will you update Spotify optimized for iPhone X?,When we gonna get an update optimized for iPhone X ? Tired of those black bars at the top and bottom 😔😔,"@user Hey Easton! Don't worry, we're on it. Our developers are looking into this, and we'll keep everyone updated",,,,,,
b4_034,quality,t_2218914,When will you update Spotify optimized for iPhone X?,When will your app be optimized for the iPhone X display? :/,"@user Hey Dave! We don't have any info on this right now, but we'll let the right team know it's something you'd like to see",,,,,,
b4_034,quality,t_2407021,When will you update Spotify optimized for iPhone X?,when will spotify app be updated to iphone X display?,"@user Hi there! We don't have the exact timeframe on when the update will be released, but we’re working on it as we speak. Stay tuned 🙂",,,,,,
b4_034,quality,current:contact,When will you update Spotify optimized for iPhone X?,Need official human support,Spotify's contact page offers messaging with customer support. The assistant cannot contact staff or access accounts.,,,,,,
b4_034,quality,current:playback,When will you update Spotify optimized for iPhone X?,Technical trouble playing Spotify,"For playback or app technical problems, restart or update the app. Reinstalling requires downloading offline music and podcasts again. These steps do not answer playlist editing, catalog, billing or feature questions.",,,,,,
b4_034,quality,policy:clarification,When will you update Spotify optimized for iPhone X?,Missing diagnostic context,"Cadence's reviewed response policy permits a specific, relevant question about the affected feature, device, app version or exact error. Never repeat information already supplied or ask for private account details. A question is not a resolution.",,,,,,
b4_034,balanced,t_2397302,When will you update Spotify optimized for iPhone X?,Several updates since iPhone X release but still not iPhone X optimized. 🙄,@user Hey! We understand - we’re working on it as we speak. Stay tuned!,,,,,,
b4_034,balanced,t_2456298,When will you update Spotify optimized for iPhone X?,One of these days spotify will finally be optimized for iPhone X,@user Hey Dalton! We're currently working on it as we speak. Stay tuned 🎶,,,,,,
b4_034,balanced,t_1998400,When will you update Spotify optimized for iPhone X?,"Hey , when’s the iPhone X optimized update coming?","@user Hey Kevin! We don't have any info to share about this yet, but keep an eye out for updates. We're passing on all feedback around this",,,,,,
b4_034,balanced,t_2236146,When will you update Spotify optimized for iPhone X?,When we gonna get an update optimized for iPhone X ? Tired of those black bars at the top and bottom 😔😔,"@user Hey Easton! Don't worry, we're on it. Our developers are looking into this, and we'll keep everyone updated",,,,,,
b4_034,balanced,t_2218914,When will you update Spotify optimized for iPhone X?,When will your app be optimized for the iPhone X display? :/,"@user Hey Dave! We don't have any info on this right now, but we'll let the right team know it's something you'd like to see",,,,,,
b4_034,balanced,t_2407021,When will you update Spotify optimized for iPhone X?,when will spotify app be updated to iphone X display?,"@user Hi there! We don't have the exact timeframe on when the update will be released, but we’re working on it as we speak. Stay tuned 🙂",,,,,,
b4_034,balanced,current:family,When will you update Spotify optimized for iPhone X?,"Official Spotify guidance, checked 2026-09-17",Premium Family is for family members living together. Members must live with the plan manager and use the same home address. This general rule does not establish a temporary-absence exception or eligibility of an individual account.,,,,,,
b4_034,balanced,current:wrapped,When will you update Spotify optimized for iPhone X?,"Official Spotify guidance, checked 2026-09-17",Wrapped is Spotify's annual listening summary and includes personalized playlists. Some features have eligibility requirements. The support page links official updates; it does not establish a release date for an upcoming edition.,,,,,,
b4_034,balanced,current:profile,When will you update Spotify optimized for iPhone X?,"Official Spotify guidance, checked 2026-09-17","A display name replaces the username on profiles, apps and playlists, but cannot be used to log in. Mobile: profile picture, View profile, EDIT, change name, Save.",,,,,,
b4_034,balanced,current:ideas,When will you update Spotify optimized for iPhone X?,"Official Spotify guidance, checked 2026-09-17","Customers can search the Community Ideas board, vote for an existing idea or submit a new idea after logging in. No particular idea, feature release or staff action is confirmed.",,,,,,
b4_034,balanced,current:catalog,When will you update Spotify optimized for iPhone X?,"Official Spotify guidance, checked 2026-09-17","Catalog availability varies over time and by country according to rights-holder permissions. No availability, removal cause or return date for a specific release is established.",,,,,,
b4_034,balanced,current:student,When will you update Spotify optimized for iPhone X?,"Official Spotify guidance, checked 2026-09-17","SheerID handles student verification. Try a private browser window to avoid autofill problems. If verification still fails, use the SheerID help route on this official page. Spotify cannot resolve SheerID verification issues.",,,,,,
b4_034,balanced,current:shuffle,When will you update Spotify optimized for iPhone X?,"Official Spotify guidance, checked 2026-09-17","Smart Shuffle mixes recommendations into playback. It is always active on free mobile. Premium mobile users can disable Include Smart Shuffle in play modes under Settings and privacy, Playback. Premium shuffle also offers a Fewer repeats style; it reduces, not eliminates, repeats.",,,,,,
b4_034,balanced,current:autoplay,When will you update Spotify optimized for iPhone X?,"Official Spotify guidance, checked 2026-09-17","Autoplay plays similar tracks after an album, playlist or selection ends. It can be disabled in settings: Playback, Autoplay on mobile; Autoplay in desktop settings. It does not explain extra tracks interspersed within a playlist.",,,,,,
b4_034,balanced,current:explicit,When will you update Spotify optimized for iPhone X?,"Official Spotify guidance, checked 2026-09-17",Explicit releases have E or EXPLICIT tags supplied by rights holders. Search for different versions; some explicit releases have no clean version. This does not prove an uncensored version of a given track exists.,,,,,,
b4_034,balanced,current:library,When will you update Spotify optimized for iPhone X?,"Official Spotify guidance, checked 2026-09-17","For music missing from Your Library, check filters on mobile and search to find and save it. A different account may explain missing saved content, but must not be asserted without evidence.",,,,,,
b4_034,balanced,current:contact,When will you update Spotify optimized for iPhone X?,Need official human support,Spotify's contact page offers messaging with customer support. The assistant cannot contact staff or access accounts.,,,,,,
b4_034,balanced,current:playback,When will you update Spotify optimized for iPhone X?,Technical trouble playing Spotify,"For playback or app technical problems, restart or update the app. Reinstalling requires downloading offline music and podcasts again. These steps do not answer playlist editing, catalog, billing or feature questions.",,,,,,
b4_034,balanced,policy:clarification,When will you update Spotify optimized for iPhone X?,Missing diagnostic context,"Cadence's reviewed response policy permits a specific, relevant question about the affected feature, device, app version or exact error. Never repeat information already supplied or ask for private account details. A question is not a resolution.",,,,,,
b4_034,balanced,policy:social,When will you update Spotify optimized for iPhone X?,Cadence conversational policy,A brief friendly acknowledgment of thanks or excitement is allowed without inventing facts or claiming an action. It is not a support resolution.,,,,,,
b4_035,quality,current:contact,OKAY @user WHY DID MY APP SUDDENLY PAUSE MY SUBSCRIPTION EVEN THOUGH I PAY MY BILL ON TIME????,Need official human support,Spotify's contact page offers messaging with customer support. The assistant cannot contact staff or access accounts.,,,,,,
b4_035,balanced,current:contact,OKAY @user WHY DID MY APP SUDDENLY PAUSE MY SUBSCRIPTION EVEN THOUGH I PAY MY BILL ON TIME????,Need official human support,Spotify's contact page offers messaging with customer support. The assistant cannot contact staff or access accounts.,,,,,,
b4_035,agent,t_2408808,OKAY @user WHY DID MY APP SUDDENLY PAUSE MY SUBSCRIPTION EVEN THOUGH I PAY MY BILL ON TIME????,Okay why does my music pause every time I get a notification @user @user @user I need answers,"@user Hi there! Can you let us know the device, operating system, and Spotify version you're rocking? We'll see what we can suggest",,,,,,
b4_035,agent,t_1261483,OKAY @user WHY DID MY APP SUDDENLY PAUSE MY SUBSCRIPTION EVEN THOUGH I PAY MY BILL ON TIME????,"Why does my music keep playing when I pause/quit the app (on Android)? Skip track, etc too. Then it suddenly does all at once.","@user Hey there! That doesn't sound good. Can you let us know the device, operating system, and app version you're using?",,,,,,
b4_035,agent,t_937562,OKAY @user WHY DID MY APP SUDDENLY PAUSE MY SUBSCRIPTION EVEN THOUGH I PAY MY BILL ON TIME????,is there no way for my payment to be a direct debit rather than monthly subscription?,"@user Hey there! Just to check, did you want to pay one month at a time rather than a monthly subscription? Keep us posted",,,,,,
b4_035,agent,t_1959670,OKAY @user WHY DID MY APP SUDDENLY PAUSE MY SUBSCRIPTION EVEN THOUGH I PAY MY BILL ON TIME????,": ""watch the video for 30 mins ad free"" Me:okay ... [3 minute song later] ads start playing 🙄","@user Hey, that doesn't sound good! Did the app crash at any point during the 30 minutes? That can cause the ad-free time to reset",,,,,,
b4_035,agent,t_2215979,OKAY @user WHY DID MY APP SUDDENLY PAUSE MY SUBSCRIPTION EVEN THOUGH I PAY MY BILL ON TIME????,Why is Premium suddenly only available in a yearly subscription vs. the usual monthly payment plan?! SOS.,@user Hi! You can get Premium at a monthly subscription here: <url>. Can you DM us your account's email address? <url>,,,,,,
b4_035,agent,t_1783652,OKAY @user WHY DID MY APP SUDDENLY PAUSE MY SUBSCRIPTION EVEN THOUGH I PAY MY BILL ON TIME????,wait you're telling me the family plan doesnt include a Hulu subscription?? I was so sad I thought it did! we even pay more :(,@user Hi! We appreciate your feedback and we'll make sure to pass it on to the right team. Feel free to tweet us if there's anything else,,,,,,
b4_036,balanced,t_2582054,hey if possible bring back Lil Peeps ‘Hellboy’ album pls and thank you ❤️,put Lil peeps hellboy back on Spotify,@user Hey there! Sometimes content gets temporarily removed because of licensing changes. Hopefully we'll have it available again soon. We have more info here: <url>,,,,,,
b4_036,balanced,t_2599822,hey if possible bring back Lil Peeps ‘Hellboy’ album pls and thank you ❤️,Really wish had more songs by Lil Peep so even more people could experience his music.,"@user Hey Devin! We’d love to have all of Lil Peep's stuff available, but we have some info about content here: <url>",,,,,,
b4_036,balanced,t_598523,hey if possible bring back Lil Peeps ‘Hellboy’ album pls and thank you ❤️,Why isnt Hellboy by peep on Spotify?,@user Hey! This may be down due to licensing matters and could be temporary. More info here: <url>. Hopefully it'll be available again soon,,,,,,
b4_036,balanced,t_1154164,hey if possible bring back Lil Peeps ‘Hellboy’ album pls and thank you ❤️,Dear there should be an option to block certain artists. Like why do I gotta listen to lil peep and lil pump... :/,"@user Hey there! Show your support at <url> to help make it happen. For anything else, let us know",,,,,,
b4_036,balanced,t_819613,hey if possible bring back Lil Peeps ‘Hellboy’ album pls and thank you ❤️,"If recommends one more Lil Pump, Lil Purpp, or Lil Xan song to me I’m canceling my subscription","@user Well, that's embarrassing. Thanks for reporting. We'll be sure to pass it on 🙂",,,,,,
b4_036,balanced,t_2580709,hey if possible bring back Lil Peeps ‘Hellboy’ album pls and thank you ❤️,can you please add star shopping by lil peep,"@user Hey there! Fingers crossed we'll be able to have it soon, but there's info about Spotify content here: <url>",,,,,,
b4_036,balanced,current:family,hey if possible bring back Lil Peeps ‘Hellboy’ album pls and thank you ❤️,"Official Spotify guidance, checked 2026-09-17",Premium Family is for family members living together. Members must live with the plan manager and use the same home address. This general rule does not establish a temporary-absence exception or eligibility of an individual account.,,,,,,
b4_036,balanced,current:wrapped,hey if possible bring back Lil Peeps ‘Hellboy’ album pls and thank you ❤️,"Official Spotify guidance, checked 2026-09-17",Wrapped is Spotify's annual listening summary and includes personalized playlists. Some features have eligibility requirements. The support page links official updates; it does not establish a release date for an upcoming edition.,,,,,,
b4_036,balanced,current:profile,hey if possible bring back Lil Peeps ‘Hellboy’ album pls and thank you ❤️,"Official Spotify guidance, checked 2026-09-17","A display name replaces the username on profiles, apps and playlists, but cannot be used to log in. Mobile: profile picture, View profile, EDIT, change name, Save.",,,,,,
b4_036,balanced,current:ideas,hey if possible bring back Lil Peeps ‘Hellboy’ album pls and thank you ❤️,"Official Spotify guidance, checked 2026-09-17","Customers can search the Community Ideas board, vote for an existing idea or submit a new idea after logging in. No particular idea, feature release or staff action is confirmed.",,,,,,
b4_036,balanced,current:catalog,hey if possible bring back Lil Peeps ‘Hellboy’ album pls and thank you ❤️,"Official Spotify guidance, checked 2026-09-17","Catalog availability varies over time and by country according to rights-holder permissions. No availability, removal cause or return date for a specific release is established.",,,,,,
b4_036,balanced,current:student,hey if possible bring back Lil Peeps ‘Hellboy’ album pls and thank you ❤️,"Official Spotify guidance, checked 2026-09-17","SheerID handles student verification. Try a private browser window to avoid autofill problems. If verification still fails, use the SheerID help route on this official page. Spotify cannot resolve SheerID verification issues.",,,,,,
b4_036,balanced,current:shuffle,hey if possible bring back Lil Peeps ‘Hellboy’ album pls and thank you ❤️,"Official Spotify guidance, checked 2026-09-17","Smart Shuffle mixes recommendations into playback. It is always active on free mobile. Premium mobile users can disable Include Smart Shuffle in play modes under Settings and privacy, Playback. Premium shuffle also offers a Fewer repeats style; it reduces, not eliminates, repeats.",,,,,,
b4_036,balanced,current:autoplay,hey if possible bring back Lil Peeps ‘Hellboy’ album pls and thank you ❤️,"Official Spotify guidance, checked 2026-09-17","Autoplay plays similar tracks after an album, playlist or selection ends. It can be disabled in settings: Playback, Autoplay on mobile; Autoplay in desktop settings. It does not explain extra tracks interspersed within a playlist.",,,,,,
b4_036,balanced,current:explicit,hey if possible bring back Lil Peeps ‘Hellboy’ album pls and thank you ❤️,"Official Spotify guidance, checked 2026-09-17",Explicit releases have E or EXPLICIT tags supplied by rights holders. Search for different versions; some explicit releases have no clean version. This does not prove an uncensored version of a given track exists.,,,,,,
b4_036,balanced,current:library,hey if possible bring back Lil Peeps ‘Hellboy’ album pls and thank you ❤️,"Official Spotify guidance, checked 2026-09-17","For music missing from Your Library, check filters on mobile and search to find and save it. A different account may explain missing saved content, but must not be asserted without evidence.",,,,,,
b4_036,balanced,current:contact,hey if possible bring back Lil Peeps ‘Hellboy’ album pls and thank you ❤️,Need official human support,Spotify's contact page offers messaging with customer support. The assistant cannot contact staff or access accounts.,,,,,,
b4_036,balanced,current:playback,hey if possible bring back Lil Peeps ‘Hellboy’ album pls and thank you ❤️,Technical trouble playing Spotify,"For playback or app technical problems, restart or update the app. Reinstalling requires downloading offline music and podcasts again. These steps do not answer playlist editing, catalog, billing or feature questions.",,,,,,
b4_036,balanced,policy:clarification,hey if possible bring back Lil Peeps ‘Hellboy’ album pls and thank you ❤️,Missing diagnostic context,"Cadence's reviewed response policy permits a specific, relevant question about the affected feature, device, app version or exact error. Never repeat information already supplied or ask for private account details. A question is not a resolution.",,,,,,
b4_036,balanced,policy:social,hey if possible bring back Lil Peeps ‘Hellboy’ album pls and thank you ❤️,Cadence conversational policy,A brief friendly acknowledgment of thanks or excitement is allowed without inventing facts or claiming an action. It is not a support resolution.,,,,,,
b4_036,agent,t_2582054,hey if possible bring back Lil Peeps ‘Hellboy’ album pls and thank you ❤️,put Lil peeps hellboy back on Spotify,@user Hey there! Sometimes content gets temporarily removed because of licensing changes. Hopefully we'll have it available again soon. We have more info here: <url>,,,,,,
b4_036,agent,t_2599822,hey if possible bring back Lil Peeps ‘Hellboy’ album pls and thank you ❤️,Really wish had more songs by Lil Peep so even more people could experience his music.,"@user Hey Devin! We’d love to have all of Lil Peep's stuff available, but we have some info about content here: <url>",,,,,,
b4_036,agent,t_598523,hey if possible bring back Lil Peeps ‘Hellboy’ album pls and thank you ❤️,Why isnt Hellboy by peep on Spotify?,@user Hey! This may be down due to licensing matters and could be temporary. More info here: <url>. Hopefully it'll be available again soon,,,,,,
b4_036,agent,t_1154164,hey if possible bring back Lil Peeps ‘Hellboy’ album pls and thank you ❤️,Dear there should be an option to block certain artists. Like why do I gotta listen to lil peep and lil pump... :/,"@user Hey there! Show your support at <url> to help make it happen. For anything else, let us know",,,,,,
b4_036,agent,t_819613,hey if possible bring back Lil Peeps ‘Hellboy’ album pls and thank you ❤️,"If recommends one more Lil Pump, Lil Purpp, or Lil Xan song to me I’m canceling my subscription","@user Well, that's embarrassing. Thanks for reporting. We'll be sure to pass it on 🙂",,,,,,
b4_036,agent,t_2580709,hey if possible bring back Lil Peeps ‘Hellboy’ album pls and thank you ❤️,can you please add star shopping by lil peep,"@user Hey there! Fingers crossed we'll be able to have it soon, but there's info about Spotify content here: <url>",,,,,,
b4_036,quality,t_2582054,hey if possible bring back Lil Peeps ‘Hellboy’ album pls and thank you ❤️,put Lil peeps hellboy back on Spotify,@user Hey there! Sometimes content gets temporarily removed because of licensing changes. Hopefully we'll have it available again soon. We have more info here: <url>,,,,,,
b4_036,quality,t_2599822,hey if possible bring back Lil Peeps ‘Hellboy’ album pls and thank you ❤️,Really wish had more songs by Lil Peep so even more people could experience his music.,"@user Hey Devin! We’d love to have all of Lil Peep's stuff available, but we have some info about content here: <url>",,,,,,
b4_036,quality,t_598523,hey if possible bring back Lil Peeps ‘Hellboy’ album pls and thank you ❤️,Why isnt Hellboy by peep on Spotify?,@user Hey! This may be down due to licensing matters and could be temporary. More info here: <url>. Hopefully it'll be available again soon,,,,,,
b4_036,quality,t_1154164,hey if possible bring back Lil Peeps ‘Hellboy’ album pls and thank you ❤️,Dear there should be an option to block certain artists. Like why do I gotta listen to lil peep and lil pump... :/,"@user Hey there! Show your support at <url> to help make it happen. For anything else, let us know",,,,,,
b4_036,quality,t_819613,hey if possible bring back Lil Peeps ‘Hellboy’ album pls and thank you ❤️,"If recommends one more Lil Pump, Lil Purpp, or Lil Xan song to me I’m canceling my subscription","@user Well, that's embarrassing. Thanks for reporting. We'll be sure to pass it on 🙂",,,,,,
b4_036,quality,t_2580709,hey if possible bring back Lil Peeps ‘Hellboy’ album pls and thank you ❤️,can you please add star shopping by lil peep,"@user Hey there! Fingers crossed we'll be able to have it soon, but there's info about Spotify content here: <url>",,,,,,
b4_036,quality,current:contact,hey if possible bring back Lil Peeps ‘Hellboy’ album pls and thank you ❤️,Need official human support,Spotify's contact page offers messaging with customer support. The assistant cannot contact staff or access accounts.,,,,,,
b4_036,quality,current:playback,hey if possible bring back Lil Peeps ‘Hellboy’ album pls and thank you ❤️,Technical trouble playing Spotify,"For playback or app technical problems, restart or update the app. Reinstalling requires downloading offline music and podcasts again. These steps do not answer playlist editing, catalog, billing or feature questions.",,,,,,
b4_036,quality,policy:clarification,hey if possible bring back Lil Peeps ‘Hellboy’ album pls and thank you ❤️,Missing diagnostic context,"Cadence's reviewed response policy permits a specific, relevant question about the affected feature, device, app version or exact error. Never repeat information already supplied or ask for private account details. A question is not a resolution.",,,,,,
b4_037,agent,t_1695017,"hey love the service! Is there any way you could work on adding liner notes to your catalog of LPs? A Herculean undertaking to be sure, but would love to have digitized access. :)",. Jamaicans would love to access your service.,@user Hey Taurus! We're launching in new countries as often as possible. Be sure to add your email at <url>,,,,,,
b4_037,agent,t_2203709,"hey love the service! Is there any way you could work on adding liner notes to your catalog of LPs? A Herculean undertaking to be sure, but would love to have digitized access. :)",Liner notes. That would be good.,@user Hey there. This sounds like a great idea! Suggest it in our Community at <url> and get support from other users,,,,,,
b4_037,agent,t_497738,"hey love the service! Is there any way you could work on adding liner notes to your catalog of LPs? A Herculean undertaking to be sure, but would love to have digitized access. :)",". should have liner notes with albums on their platform, or at least credits. A lot of people put in a lot of work to make a record and I’d love to know who they are.",@user Nice idea! It's definitely something for the team to consider and we'll make sure it reaches them. Stay awesome 😁,,,,,,
b4_037,agent,t_970840,"hey love the service! Is there any way you could work on adding liner notes to your catalog of LPs? A Herculean undertaking to be sure, but would love to have digitized access. :)",you know what would be a cool addition? Actually being able to read the old liner notes somehow #wink #dooeet,"@user Hey Jez, nice idea! It's definitely something for the team to consider and we'll make sure it reaches them. Stay awesome 😁",,,,,,
b4_037,agent,t_2315383,"hey love the service! Is there any way you could work on adding liner notes to your catalog of LPs? A Herculean undertaking to be sure, but would love to have digitized access. :)",hey. Do you plan on including the liner notes for the many albums on your platform? Comes in handy for a lot of listeners,"@user Hey, we can see how that'd be handy! To help make it happen, add your vote to a similar idea at <url>",,,,,,
b4_037,agent,t_1961200,"hey love the service! Is there any way you could work on adding liner notes to your catalog of LPs? A Herculean undertaking to be sure, but would love to have digitized access. :)",love your service. Do you currently have or would you consider an alarm feature so I could wake up to music?,@user We... <url> 💚 An alarm clock is a great idea! Help make it happen by adding support here: <url>,,,,,,
b4_037,quality,t_1695017,"hey love the service! Is there any way you could work on adding liner notes to your catalog of LPs? A Herculean undertaking to be sure, but would love to have digitized access. :)",. Jamaicans would love to access your service.,@user Hey Taurus! We're launching in new countries as often as possible. Be sure to add your email at <url>,,,,,,
b4_037,quality,t_2203709,"hey love the service! Is there any way you could work on adding liner notes to your catalog of LPs? A Herculean undertaking to be sure, but would love to have digitized access. :)",Liner notes. That would be good.,@user Hey there. This sounds like a great idea! Suggest it in our Community at <url> and get support from other users,,,,,,
b4_037,quality,t_497738,"hey love the service! Is there any way you could work on adding liner notes to your catalog of LPs? A Herculean undertaking to be sure, but would love to have digitized access. :)",". should have liner notes with albums on their platform, or at least credits. A lot of people put in a lot of work to make a record and I’d love to know who they are.",@user Nice idea! It's definitely something for the team to consider and we'll make sure it reaches them. Stay awesome 😁,,,,,,
b4_037,quality,t_970840,"hey love the service! Is there any way you could work on adding liner notes to your catalog of LPs? A Herculean undertaking to be sure, but would love to have digitized access. :)",you know what would be a cool addition? Actually being able to read the old liner notes somehow #wink #dooeet,"@user Hey Jez, nice idea! It's definitely something for the team to consider and we'll make sure it reaches them. Stay awesome 😁",,,,,,
b4_037,quality,t_2315383,"hey love the service! Is there any way you could work on adding liner notes to your catalog of LPs? A Herculean undertaking to be sure, but would love to have digitized access. :)",hey. Do you plan on including the liner notes for the many albums on your platform? Comes in handy for a lot of listeners,"@user Hey, we can see how that'd be handy! To help make it happen, add your vote to a similar idea at <url>",,,,,,
b4_037,quality,t_1961200,"hey love the service! Is there any way you could work on adding liner notes to your catalog of LPs? A Herculean undertaking to be sure, but would love to have digitized access. :)",love your service. Do you currently have or would you consider an alarm feature so I could wake up to music?,@user We... <url> 💚 An alarm clock is a great idea! Help make it happen by adding support here: <url>,,,,,,
b4_037,quality,current:contact,"hey love the service! Is there any way you could work on adding liner notes to your catalog of LPs? A Herculean undertaking to be sure, but would love to have digitized access. :)",Need official human support,Spotify's contact page offers messaging with customer support. The assistant cannot contact staff or access accounts.,,,,,,
b4_037,quality,current:playback,"hey love the service! Is there any way you could work on adding liner notes to your catalog of LPs? A Herculean undertaking to be sure, but would love to have digitized access. :)",Technical trouble playing Spotify,"For playback or app technical problems, restart or update the app. Reinstalling requires downloading offline music and podcasts again. These steps do not answer playlist editing, catalog, billing or feature questions.",,,,,,
b4_037,quality,policy:clarification,"hey love the service! Is there any way you could work on adding liner notes to your catalog of LPs? A Herculean undertaking to be sure, but would love to have digitized access. :)",Missing diagnostic context,"Cadence's reviewed response policy permits a specific, relevant question about the affected feature, device, app version or exact error. Never repeat information already supplied or ask for private account details. A question is not a resolution.",,,,,,
b4_037,balanced,t_1695017,"hey love the service! Is there any way you could work on adding liner notes to your catalog of LPs? A Herculean undertaking to be sure, but would love to have digitized access. :)",. Jamaicans would love to access your service.,@user Hey Taurus! We're launching in new countries as often as possible. Be sure to add your email at <url>,,,,,,
b4_037,balanced,t_2203709,"hey love the service! Is there any way you could work on adding liner notes to your catalog of LPs? A Herculean undertaking to be sure, but would love to have digitized access. :)",Liner notes. That would be good.,@user Hey there. This sounds like a great idea! Suggest it in our Community at <url> and get support from other users,,,,,,
b4_037,balanced,t_497738,"hey love the service! Is there any way you could work on adding liner notes to your catalog of LPs? A Herculean undertaking to be sure, but would love to have digitized access. :)",". should have liner notes with albums on their platform, or at least credits. A lot of people put in a lot of work to make a record and I’d love to know who they are.",@user Nice idea! It's definitely something for the team to consider and we'll make sure it reaches them. Stay awesome 😁,,,,,,
b4_037,balanced,t_970840,"hey love the service! Is there any way you could work on adding liner notes to your catalog of LPs? A Herculean undertaking to be sure, but would love to have digitized access. :)",you know what would be a cool addition? Actually being able to read the old liner notes somehow #wink #dooeet,"@user Hey Jez, nice idea! It's definitely something for the team to consider and we'll make sure it reaches them. Stay awesome 😁",,,,,,
b4_037,balanced,t_2315383,"hey love the service! Is there any way you could work on adding liner notes to your catalog of LPs? A Herculean undertaking to be sure, but would love to have digitized access. :)",hey. Do you plan on including the liner notes for the many albums on your platform? Comes in handy for a lot of listeners,"@user Hey, we can see how that'd be handy! To help make it happen, add your vote to a similar idea at <url>",,,,,,
b4_037,balanced,t_1961200,"hey love the service! Is there any way you could work on adding liner notes to your catalog of LPs? A Herculean undertaking to be sure, but would love to have digitized access. :)",love your service. Do you currently have or would you consider an alarm feature so I could wake up to music?,@user We... <url> 💚 An alarm clock is a great idea! Help make it happen by adding support here: <url>,,,,,,
b4_037,balanced,current:family,"hey love the service! Is there any way you could work on adding liner notes to your catalog of LPs? A Herculean undertaking to be sure, but would love to have digitized access. :)","Official Spotify guidance, checked 2026-09-17",Premium Family is for family members living together. Members must live with the plan manager and use the same home address. This general rule does not establish a temporary-absence exception or eligibility of an individual account.,,,,,,
b4_037,balanced,current:wrapped,"hey love the service! Is there any way you could work on adding liner notes to your catalog of LPs? A Herculean undertaking to be sure, but would love to have digitized access. :)","Official Spotify guidance, checked 2026-09-17",Wrapped is Spotify's annual listening summary and includes personalized playlists. Some features have eligibility requirements. The support page links official updates; it does not establish a release date for an upcoming edition.,,,,,,
b4_037,balanced,current:profile,"hey love the service! Is there any way you could work on adding liner notes to your catalog of LPs? A Herculean undertaking to be sure, but would love to have digitized access. :)","Official Spotify guidance, checked 2026-09-17","A display name replaces the username on profiles, apps and playlists, but cannot be used to log in. Mobile: profile picture, View profile, EDIT, change name, Save.",,,,,,
b4_037,balanced,current:ideas,"hey love the service! Is there any way you could work on adding liner notes to your catalog of LPs? A Herculean undertaking to be sure, but would love to have digitized access. :)","Official Spotify guidance, checked 2026-09-17","Customers can search the Community Ideas board, vote for an existing idea or submit a new idea after logging in. No particular idea, feature release or staff action is confirmed.",,,,,,
b4_037,balanced,current:catalog,"hey love the service! Is there any way you could work on adding liner notes to your catalog of LPs? A Herculean undertaking to be sure, but would love to have digitized access. :)","Official Spotify guidance, checked 2026-09-17","Catalog availability varies over time and by country according to rights-holder permissions. No availability, removal cause or return date for a specific release is established.",,,,,,
b4_037,balanced,current:student,"hey love the service! Is there any way you could work on adding liner notes to your catalog of LPs? A Herculean undertaking to be sure, but would love to have digitized access. :)","Official Spotify guidance, checked 2026-09-17","SheerID handles student verification. Try a private browser window to avoid autofill problems. If verification still fails, use the SheerID help route on this official page. Spotify cannot resolve SheerID verification issues.",,,,,,
b4_037,balanced,current:shuffle,"hey love the service! Is there any way you could work on adding liner notes to your catalog of LPs? A Herculean undertaking to be sure, but would love to have digitized access. :)","Official Spotify guidance, checked 2026-09-17","Smart Shuffle mixes recommendations into playback. It is always active on free mobile. Premium mobile users can disable Include Smart Shuffle in play modes under Settings and privacy, Playback. Premium shuffle also offers a Fewer repeats style; it reduces, not eliminates, repeats.",,,,,,
b4_037,balanced,current:autoplay,"hey love the service! Is there any way you could work on adding liner notes to your catalog of LPs? A Herculean undertaking to be sure, but would love to have digitized access. :)","Official Spotify guidance, checked 2026-09-17","Autoplay plays similar tracks after an album, playlist or selection ends. It can be disabled in settings: Playback, Autoplay on mobile; Autoplay in desktop settings. It does not explain extra tracks interspersed within a playlist.",,,,,,
b4_037,balanced,current:explicit,"hey love the service! Is there any way you could work on adding liner notes to your catalog of LPs? A Herculean undertaking to be sure, but would love to have digitized access. :)","Official Spotify guidance, checked 2026-09-17",Explicit releases have E or EXPLICIT tags supplied by rights holders. Search for different versions; some explicit releases have no clean version. This does not prove an uncensored version of a given track exists.,,,,,,
b4_037,balanced,current:library,"hey love the service! Is there any way you could work on adding liner notes to your catalog of LPs? A Herculean undertaking to be sure, but would love to have digitized access. :)","Official Spotify guidance, checked 2026-09-17","For music missing from Your Library, check filters on mobile and search to find and save it. A different account may explain missing saved content, but must not be asserted without evidence.",,,,,,
b4_037,balanced,current:contact,"hey love the service! Is there any way you could work on adding liner notes to your catalog of LPs? A Herculean undertaking to be sure, but would love to have digitized access. :)",Need official human support,Spotify's contact page offers messaging with customer support. The assistant cannot contact staff or access accounts.,,,,,,
b4_037,balanced,current:playback,"hey love the service! Is there any way you could work on adding liner notes to your catalog of LPs? A Herculean undertaking to be sure, but would love to have digitized access. :)",Technical trouble playing Spotify,"For playback or app technical problems, restart or update the app. Reinstalling requires downloading offline music and podcasts again. These steps do not answer playlist editing, catalog, billing or feature questions.",,,,,,
b4_037,balanced,policy:clarification,"hey love the service! Is there any way you could work on adding liner notes to your catalog of LPs? A Herculean undertaking to be sure, but would love to have digitized access. :)",Missing diagnostic context,"Cadence's reviewed response policy permits a specific, relevant question about the affected feature, device, app version or exact error. Never repeat information already supplied or ask for private account details. A question is not a resolution.",,,,,,
b4_037,balanced,policy:social,"hey love the service! Is there any way you could work on adding liner notes to your catalog of LPs? A Herculean undertaking to be sure, but would love to have digitized access. :)",Cadence conversational policy,A brief friendly acknowledgment of thanks or excitement is allowed without inventing facts or claiming an action. It is not a support resolution.,,,,,,
b4_038,quality,t_2591013,They add Cakes new album on Spotify but a bitch still waiting on Beyoncé’s lemonade album come on,@user que esperan para subir el álbum Lemonade de Beyoncé? / What are you waiting for upload Beyoncé's Lemonade album? 🍋,"@user Hey! We're working on it, and we hope to have it available soon. There's more info here: <url>",,,,,,
b4_038,quality,t_1043552,They add Cakes new album on Spotify but a bitch still waiting on Beyoncé’s lemonade album come on,why is Beyoncé's Lemonade album still not on Spotify? 🤧,"@user Hey there! We're working on it, and we hope to have it available soon. There's more info here: <url>",,,,,,
b4_038,quality,t_1165570,They add Cakes new album on Spotify but a bitch still waiting on Beyoncé’s lemonade album come on,Why is Beyoncé’s Lemonade still not on Spotify??,"@user Hey Elle! We're working on it, and we hope to have it available soon. There's more info here: <url>",,,,,,
b4_038,quality,t_1036660,They add Cakes new album on Spotify but a bitch still waiting on Beyoncé’s lemonade album come on,When tf will get Beyoncé’s Lemonade album 😖😖,"@user Hey there! We're working on it, and we hope to have it available soon. There's more info here: <url>",,,,,,
b4_038,quality,t_576198,They add Cakes new album on Spotify but a bitch still waiting on Beyoncé’s lemonade album come on,Okay but when is Beyoncé’s lemonade album gonna actually be on Spotify?? You’ve been “working on it and hope to have it soon” for months thank u,"@user Hey! We're working on it, and we hope to have it available soon. There's more info here: <url>",,,,,,
b4_038,quality,t_2876093,They add Cakes new album on Spotify but a bitch still waiting on Beyoncé’s lemonade album come on,can y’all put Beyoncé’s lemonade album on Spotify already 🤦🏻‍♀️,"@user Hey Nat! We're working on it, and we hope to have it available soon. There's more info here: <url>. Let us know if there's anything else you need 🙂",,,,,,
b4_038,quality,current:contact,They add Cakes new album on Spotify but a bitch still waiting on Beyoncé’s lemonade album come on,Need official human support,Spotify's contact page offers messaging with customer support. The assistant cannot contact staff or access accounts.,,,,,,
b4_038,quality,current:playback,They add Cakes new album on Spotify but a bitch still waiting on Beyoncé’s lemonade album come on,Technical trouble playing Spotify,"For playback or app technical problems, restart or update the app. Reinstalling requires downloading offline music and podcasts again. These steps do not answer playlist editing, catalog, billing or feature questions.",,,,,,
b4_038,quality,policy:clarification,They add Cakes new album on Spotify but a bitch still waiting on Beyoncé’s lemonade album come on,Missing diagnostic context,"Cadence's reviewed response policy permits a specific, relevant question about the affected feature, device, app version or exact error. Never repeat information already supplied or ask for private account details. A question is not a resolution.",,,,,,
b4_038,balanced,t_2591013,They add Cakes new album on Spotify but a bitch still waiting on Beyoncé’s lemonade album come on,@user que esperan para subir el álbum Lemonade de Beyoncé? / What are you waiting for upload Beyoncé's Lemonade album? 🍋,"@user Hey! We're working on it, and we hope to have it available soon. There's more info here: <url>",,,,,,
b4_038,balanced,t_1043552,They add Cakes new album on Spotify but a bitch still waiting on Beyoncé’s lemonade album come on,why is Beyoncé's Lemonade album still not on Spotify? 🤧,"@user Hey there! We're working on it, and we hope to have it available soon. There's more info here: <url>",,,,,,
b4_038,balanced,t_1165570,They add Cakes new album on Spotify but a bitch still waiting on Beyoncé’s lemonade album come on,Why is Beyoncé’s Lemonade still not on Spotify??,"@user Hey Elle! We're working on it, and we hope to have it available soon. There's more info here: <url>",,,,,,
b4_038,balanced,t_1036660,They add Cakes new album on Spotify but a bitch still waiting on Beyoncé’s lemonade album come on,When tf will get Beyoncé’s Lemonade album 😖😖,"@user Hey there! We're working on it, and we hope to have it available soon. There's more info here: <url>",,,,,,
b4_038,balanced,t_576198,They add Cakes new album on Spotify but a bitch still waiting on Beyoncé’s lemonade album come on,Okay but when is Beyoncé’s lemonade album gonna actually be on Spotify?? You’ve been “working on it and hope to have it soon” for months thank u,"@user Hey! We're working on it, and we hope to have it available soon. There's more info here: <url>",,,,,,
b4_038,balanced,t_2876093,They add Cakes new album on Spotify but a bitch still waiting on Beyoncé’s lemonade album come on,can y’all put Beyoncé’s lemonade album on Spotify already 🤦🏻‍♀️,"@user Hey Nat! We're working on it, and we hope to have it available soon. There's more info here: <url>. Let us know if there's anything else you need 🙂",,,,,,
b4_038,balanced,current:family,They add Cakes new album on Spotify but a bitch still waiting on Beyoncé’s lemonade album come on,"Official Spotify guidance, checked 2026-09-17",Premium Family is for family members living together. Members must live with the plan manager and use the same home address. This general rule does not establish a temporary-absence exception or eligibility of an individual account.,,,,,,
b4_038,balanced,current:wrapped,They add Cakes new album on Spotify but a bitch still waiting on Beyoncé’s lemonade album come on,"Official Spotify guidance, checked 2026-09-17",Wrapped is Spotify's annual listening summary and includes personalized playlists. Some features have eligibility requirements. The support page links official updates; it does not establish a release date for an upcoming edition.,,,,,,
b4_038,balanced,current:profile,They add Cakes new album on Spotify but a bitch still waiting on Beyoncé’s lemonade album come on,"Official Spotify guidance, checked 2026-09-17","A display name replaces the username on profiles, apps and playlists, but cannot be used to log in. Mobile: profile picture, View profile, EDIT, change name, Save.",,,,,,
b4_038,balanced,current:ideas,They add Cakes new album on Spotify but a bitch still waiting on Beyoncé’s lemonade album come on,"Official Spotify guidance, checked 2026-09-17","Customers can search the Community Ideas board, vote for an existing idea or submit a new idea after logging in. No particular idea, feature release or staff action is confirmed.",,,,,,
b4_038,balanced,current:catalog,They add Cakes new album on Spotify but a bitch still waiting on Beyoncé’s lemonade album come on,"Official Spotify guidance, checked 2026-09-17","Catalog availability varies over time and by country according to rights-holder permissions. No availability, removal cause or return date for a specific release is established.",,,,,,
b4_038,balanced,current:student,They add Cakes new album on Spotify but a bitch still waiting on Beyoncé’s lemonade album come on,"Official Spotify guidance, checked 2026-09-17","SheerID handles student verification. Try a private browser window to avoid autofill problems. If verification still fails, use the SheerID help route on this official page. Spotify cannot resolve SheerID verification issues.",,,,,,
b4_038,balanced,current:shuffle,They add Cakes new album on Spotify but a bitch still waiting on Beyoncé’s lemonade album come on,"Official Spotify guidance, checked 2026-09-17","Smart Shuffle mixes recommendations into playback. It is always active on free mobile. Premium mobile users can disable Include Smart Shuffle in play modes under Settings and privacy, Playback. Premium shuffle also offers a Fewer repeats style; it reduces, not eliminates, repeats.",,,,,,
b4_038,balanced,current:autoplay,They add Cakes new album on Spotify but a bitch still waiting on Beyoncé’s lemonade album come on,"Official Spotify guidance, checked 2026-09-17","Autoplay plays similar tracks after an album, playlist or selection ends. It can be disabled in settings: Playback, Autoplay on mobile; Autoplay in desktop settings. It does not explain extra tracks interspersed within a playlist.",,,,,,
b4_038,balanced,current:explicit,They add Cakes new album on Spotify but a bitch still waiting on Beyoncé’s lemonade album come on,"Official Spotify guidance, checked 2026-09-17",Explicit releases have E or EXPLICIT tags supplied by rights holders. Search for different versions; some explicit releases have no clean version. This does not prove an uncensored version of a given track exists.,,,,,,
b4_038,balanced,current:library,They add Cakes new album on Spotify but a bitch still waiting on Beyoncé’s lemonade album come on,"Official Spotify guidance, checked 2026-09-17","For music missing from Your Library, check filters on mobile and search to find and save it. A different account may explain missing saved content, but must not be asserted without evidence.",,,,,,
b4_038,balanced,current:contact,They add Cakes new album on Spotify but a bitch still waiting on Beyoncé’s lemonade album come on,Need official human support,Spotify's contact page offers messaging with customer support. The assistant cannot contact staff or access accounts.,,,,,,
b4_038,balanced,current:playback,They add Cakes new album on Spotify but a bitch still waiting on Beyoncé’s lemonade album come on,Technical trouble playing Spotify,"For playback or app technical problems, restart or update the app. Reinstalling requires downloading offline music and podcasts again. These steps do not answer playlist editing, catalog, billing or feature questions.",,,,,,
b4_038,balanced,policy:clarification,They add Cakes new album on Spotify but a bitch still waiting on Beyoncé’s lemonade album come on,Missing diagnostic context,"Cadence's reviewed response policy permits a specific, relevant question about the affected feature, device, app version or exact error. Never repeat information already supplied or ask for private account details. A question is not a resolution.",,,,,,
b4_038,balanced,policy:social,They add Cakes new album on Spotify but a bitch still waiting on Beyoncé’s lemonade album come on,Cadence conversational policy,A brief friendly acknowledgment of thanks or excitement is allowed without inventing facts or claiming an action. It is not a support resolution.,,,,,,
b4_038,agent,t_2591013,They add Cakes new album on Spotify but a bitch still waiting on Beyoncé’s lemonade album come on,@user que esperan para subir el álbum Lemonade de Beyoncé? / What are you waiting for upload Beyoncé's Lemonade album? 🍋,"@user Hey! We're working on it, and we hope to have it available soon. There's more info here: <url>",,,,,,
b4_038,agent,t_1043552,They add Cakes new album on Spotify but a bitch still waiting on Beyoncé’s lemonade album come on,why is Beyoncé's Lemonade album still not on Spotify? 🤧,"@user Hey there! We're working on it, and we hope to have it available soon. There's more info here: <url>",,,,,,
b4_038,agent,t_1165570,They add Cakes new album on Spotify but a bitch still waiting on Beyoncé’s lemonade album come on,Why is Beyoncé’s Lemonade still not on Spotify??,"@user Hey Elle! We're working on it, and we hope to have it available soon. There's more info here: <url>",,,,,,
b4_038,agent,t_1036660,They add Cakes new album on Spotify but a bitch still waiting on Beyoncé’s lemonade album come on,When tf will get Beyoncé’s Lemonade album 😖😖,"@user Hey there! We're working on it, and we hope to have it available soon. There's more info here: <url>",,,,,,
b4_038,agent,t_576198,They add Cakes new album on Spotify but a bitch still waiting on Beyoncé’s lemonade album come on,Okay but when is Beyoncé’s lemonade album gonna actually be on Spotify?? You’ve been “working on it and hope to have it soon” for months thank u,"@user Hey! We're working on it, and we hope to have it available soon. There's more info here: <url>",,,,,,
b4_038,agent,t_2876093,They add Cakes new album on Spotify but a bitch still waiting on Beyoncé’s lemonade album come on,can y’all put Beyoncé’s lemonade album on Spotify already 🤦🏻‍♀️,"@user Hey Nat! We're working on it, and we hope to have it available soon. There's more info here: <url>. Let us know if there's anything else you need 🙂",,,,,,
b4_039,balanced,current:contact,"@user is there a way to get the student discount/combo deal, if I already have both, without having to delete my current accounts?",Need official human support,Spotify's contact page offers messaging with customer support. The assistant cannot contact staff or access accounts.,,,,,,
b4_039,agent,t_622833,"@user is there a way to get the student discount/combo deal, if I already have both, without having to delete my current accounts?",is there a way to reapply for the student discount without canceling your premium account and starting over?,"@user Hey Erin, help's arrived! There's no need to cancel and start over. If you're already rocking out to Premium, you can reapply for the discount without losing that impressive music catalog. Head over to <url> to get things going. Keep us updated",,,,,,
b4_039,agent,t_167763,"@user is there a way to get the student discount/combo deal, if I already have both, without having to delete my current accounts?","if I have premium family account with Spotify, and I'm a student, can I still get the Hulu bundle?",@user Hi Julio! You'll need to leave your current Family plan in order to apply for the student discount + Hulu bundle. Hope this clears things up,,,,,,
b4_039,agent,t_2066510,"@user is there a way to get the student discount/combo deal, if I already have both, without having to delete my current accounts?",you guys wouldn't happen to have premium deals?,"@user Hey! We don't have any Premium offers right now, but you can find our current trials and discount deals here: <url>",,,,,,
b4_039,agent,t_1781047,"@user is there a way to get the student discount/combo deal, if I already have both, without having to delete my current accounts?",Both and @user for 4.99? We see who really lookin out for the students.,"@user Hey there! If you're currently enrolled in an accredited college/university, you can get our awesome deal at <url> 🙂",,,,,,
b4_039,agent,t_1814232,"@user is there a way to get the student discount/combo deal, if I already have both, without having to delete my current accounts?",I'm a student again and would like to apply the student discount to my current Spotify account. How is that possible?,"@user Hey there, we're here to help! Here's all the information you need to know about the US student discount: <url>",,,,,,
b4_039,agent,t_2671102,"@user is there a way to get the student discount/combo deal, if I already have both, without having to delete my current accounts?",I was wondering if there was any way for a HS senior to get your student discount.,"@user Hi Rachel! We're afraid the student discount's currently available for college students only. We have more info here: <url>. To help make this happen, just add a vote to this idea: <url>. Let us know if you have any other questions",,,,,,
b4_039,quality,current:contact,"@user is there a way to get the student discount/combo deal, if I already have both, without having to delete my current accounts?",Need official human support,Spotify's contact page offers messaging with customer support. The assistant cannot contact staff or access accounts.,,,,,,
b4_040,agent,t_1487453,¿ Tell me why I pay a monthly fee but y'all still playing ads???,". . If I'm listening to you THROUGH THE APP ON MY SMARTPHONE, why are you playing me ads telling me to GET THE SMARTPHONE APP? Y'all.","@user Hey there! We're sorry you feel that way. Not to worry, we'll pass on your feedback to the Ads team",,,,,,
b4_040,agent,t_1217768,¿ Tell me why I pay a monthly fee but y'all still playing ads???,"If I pay for premium with no ads, why are you still spamming me to use applications with ads? <url>",@user Thanks for taking the time to reach out. Your feedback's been noted and will be passed on to the right folks,,,,,,
b4_040,agent,t_1913325,¿ Tell me why I pay a monthly fee but y'all still playing ads???,is there no longer a way to pay for Premium monthly? Trying to upgrade from student and I’m only getting a $120 option...,@user 1: Hi Susannah! Help's here. You can still pay for Premium monthly. Can you DM us your account's username or email address? <url>,,,,,,
b4_040,agent,t_2394393,¿ Tell me why I pay a monthly fee but y'all still playing ads???,y'all gotta chill with recommendations they starting to feel like ads and I don't pay to feel like things are ads,"@user Hey! Thanks for your feedback - we'll pass it on. For now, check out <url> if you haven't had a subscription before",,,,,,
b4_040,agent,t_1983508,¿ Tell me why I pay a monthly fee but y'all still playing ads???,I pay you a monthly fee to avoid getting plagued by shitty adverts. This is the 2842th time I’ve had to ignore “Waze”. Sort it plz. <url>,"@user Hey! Could you double-check if Waze navigation is enabled under the Social section in your Spotify Settings? If so, try disabling it",,,,,,
b4_040,agent,t_2794519,¿ Tell me why I pay a monthly fee but y'all still playing ads???,Hey Whats up with steaming ads on my premium account? i thought i pay the monthly fee to be add free. what gives? <url>,"@user Hey there, help's arrived! Could you DM us your username and email address? We'll take a look under the hood <url>",,,,,,
b4_040,quality,current:contact,¿ Tell me why I pay a monthly fee but y'all still playing ads???,Need official human support,Spotify's contact page offers messaging with customer support. The assistant cannot contact staff or access accounts.,,,,,,
b4_040,balanced,current:contact,¿ Tell me why I pay a monthly fee but y'all still playing ads???,Need official human support,Spotify's contact page offers messaging with customer support. The assistant cannot contact staff or access accounts.,,,,,,
b4_041,quality,current:contact,Hey folks. Just moved over from @user #groovemusic and started a premium trial. Will it automatically become a 60-day one? (only 30 days atm 😕),Need official human support,Spotify's contact page offers messaging with customer support. The assistant cannot contact staff or access accounts.,,,,,,
b4_041,balanced,current:contact,Hey folks. Just moved over from @user #groovemusic and started a premium trial. Will it automatically become a 60-day one? (only 30 days atm 😕),Need official human support,Spotify's contact page offers messaging with customer support. The assistant cannot contact staff or access accounts.,,,,,,
b4_041,agent,t_1780674,Hey folks. Just moved over from @user #groovemusic and started a premium trial. Will it automatically become a 60-day one? (only 30 days atm 😕),"Just migrated from Groove Music and subscribed to Spotify, under 30-day free trial now. How do I avail of the 60-day trial?","@user 1: Hey! Just to make sure, are you a Groove Music Pass subscriber? If yes, you'll automatically get the 60-day trial once you've...",,,,,,
b4_041,agent,t_330236,Hey folks. Just moved over from @user #groovemusic and started a premium trial. Will it automatically become a 60-day one? (only 30 days atm 😕),"As a former Groove Music sub, how do I get the 60 days premium? Everything from Groove came over to Spotify. Only see 30 day trial.","@user Hey Gareth! We have some more information on this here: <url>. Any other questions, just give us a shout",,,,,,
b4_041,agent,t_753082,Hey folks. Just moved over from @user #groovemusic and started a premium trial. Will it automatically become a 60-day one? (only 30 days atm 😕),moving from Groove to Spotify... Can't see the 60 day offer. Only 30 day offer shows.,"@user Hey there! We have some information about this here: <url>. Any other questions, just give us a shout",,,,,,
b4_041,agent,t_818318,Hey folks. Just moved over from @user #groovemusic and started a premium trial. Will it automatically become a 60-day one? (only 30 days atm 😕),"I just moved my music from Groove to Spotify, then bought Spotify, why I only got 30 day free not 60? <url>",@user Hey Mr. Spice! Can you send us a screenshot of the email you received from Microsoft about this offer? We'll take a look,,,,,,
b4_041,agent,t_2073263,Hey folks. Just moved over from @user #groovemusic and started a premium trial. Will it automatically become a 60-day one? (only 30 days atm 😕),"hi, how do you take advantage of the 60 trial offer when switching over from Groove? I only see the 30 day offer. Thanks!",@user Hey Cameron! The cavalry's here. Could you DM us your account's email address or username? We'll take a look under the hood <url>,,,,,,
b4_041,agent,t_2045142,Hey folks. Just moved over from @user #groovemusic and started a premium trial. Will it automatically become a 60-day one? (only 30 days atm 😕),can you give me one code for spotify premium please ?,"@user Hey Damien! If you haven't had Premium before, head over to <url> to grab the 30-day Premium trial for your account",,,,,,
b4_042,balanced,t_2028406,Ever since the last iOS update I can’t connect in my car. It’s a lonely life.,"Since the last iOS update, I can’t stream to my car via Bluetooth (R-link). Reset, paired again, no joy. Works w/o bluetooth!","@user Hi, that doesn't sound right. Can you let us know the car model, device, and Spotify version you're using? We'll see what we can suggest",,,,,,
b4_042,balanced,t_227484,Ever since the last iOS update I can’t connect in my car. It’s a lonely life.,any big fixes yet for iOS 11? Not been able to use shuffle/repeat when connecting to my car (Mazda 6) since the latest update,"@user Hi Shirley. Don't worry, we'll look into this. Can you tell us the exact app version you have installed on your iPhone?",,,,,,
b4_042,balanced,t_2552616,Ever since the last iOS update I can’t connect in my car. It’s a lonely life.,"hi, since updating the app yesterday, my Spotify has stopped connecting to my car via iPhone cable?","@user Hi Daniel! That doesn't sound good. Can you let us know the exact make and model of your device, along with the iOS version you're rocking?",,,,,,
b4_042,balanced,t_115267,Ever since the last iOS update I can’t connect in my car. It’s a lonely life.,since last iOS update the Now Playing song keeps disappearing. See screenshot <url>,"@user Hi there! That doesn't look good. Can you let us know the make and model of you device, along with its iOS version? We'll see what we can suggest",,,,,,
b4_042,balanced,t_1905036,Ever since the last iOS update I can’t connect in my car. It’s a lonely life.,Anyone else having trouble the @user iPhone app since the last update?,@user Hey there! What's happening exactly? Can you also let us know your iPhone's model and the iOS and Spotify versions you're on?,,,,,,
b4_042,balanced,t_2141743,Ever since the last iOS update I can’t connect in my car. It’s a lonely life.,"hey guys, since last iOS update, my shuffle won’t work on my @user . Is this a Spotify problem or Mazda?? Please let me know so I can fix...","@user Hi Chuy! Can you let us know what device, operating system, and Spotify version you're using? We'll take a look under the hood",,,,,,
b4_042,balanced,current:family,Ever since the last iOS update I can’t connect in my car. It’s a lonely life.,"Official Spotify guidance, checked 2026-09-17",Premium Family is for family members living together. Members must live with the plan manager and use the same home address. This general rule does not establish a temporary-absence exception or eligibility of an individual account.,,,,,,
b4_042,balanced,current:wrapped,Ever since the last iOS update I can’t connect in my car. It’s a lonely life.,"Official Spotify guidance, checked 2026-09-17",Wrapped is Spotify's annual listening summary and includes personalized playlists. Some features have eligibility requirements. The support page links official updates; it does not establish a release date for an upcoming edition.,,,,,,
b4_042,balanced,current:profile,Ever since the last iOS update I can’t connect in my car. It’s a lonely life.,"Official Spotify guidance, checked 2026-09-17","A display name replaces the username on profiles, apps and playlists, but cannot be used to log in. Mobile: profile picture, View profile, EDIT, change name, Save.",,,,,,
b4_042,balanced,current:ideas,Ever since the last iOS update I can’t connect in my car. It’s a lonely life.,"Official Spotify guidance, checked 2026-09-17","Customers can search the Community Ideas board, vote for an existing idea or submit a new idea after logging in. No particular idea, feature release or staff action is confirmed.",,,,,,
b4_042,balanced,current:catalog,Ever since the last iOS update I can’t connect in my car. It’s a lonely life.,"Official Spotify guidance, checked 2026-09-17","Catalog availability varies over time and by country according to rights-holder permissions. No availability, removal cause or return date for a specific release is established.",,,,,,
b4_042,balanced,current:student,Ever since the last iOS update I can’t connect in my car. It’s a lonely life.,"Official Spotify guidance, checked 2026-09-17","SheerID handles student verification. Try a private browser window to avoid autofill problems. If verification still fails, use the SheerID help route on this official page. Spotify cannot resolve SheerID verification issues.",,,,,,
b4_042,balanced,current:shuffle,Ever since the last iOS update I can’t connect in my car. It’s a lonely life.,"Official Spotify guidance, checked 2026-09-17","Smart Shuffle mixes recommendations into playback. It is always active on free mobile. Premium mobile users can disable Include Smart Shuffle in play modes under Settings and privacy, Playback. Premium shuffle also offers a Fewer repeats style; it reduces, not eliminates, repeats.",,,,,,
b4_042,balanced,current:autoplay,Ever since the last iOS update I can’t connect in my car. It’s a lonely life.,"Official Spotify guidance, checked 2026-09-17","Autoplay plays similar tracks after an album, playlist or selection ends. It can be disabled in settings: Playback, Autoplay on mobile; Autoplay in desktop settings. It does not explain extra tracks interspersed within a playlist.",,,,,,
b4_042,balanced,current:explicit,Ever since the last iOS update I can’t connect in my car. It’s a lonely life.,"Official Spotify guidance, checked 2026-09-17",Explicit releases have E or EXPLICIT tags supplied by rights holders. Search for different versions; some explicit releases have no clean version. This does not prove an uncensored version of a given track exists.,,,,,,
b4_042,balanced,current:library,Ever since the last iOS update I can’t connect in my car. It’s a lonely life.,"Official Spotify guidance, checked 2026-09-17","For music missing from Your Library, check filters on mobile and search to find and save it. A different account may explain missing saved content, but must not be asserted without evidence.",,,,,,
b4_042,balanced,current:contact,Ever since the last iOS update I can’t connect in my car. It’s a lonely life.,Need official human support,Spotify's contact page offers messaging with customer support. The assistant cannot contact staff or access accounts.,,,,,,
b4_042,balanced,current:playback,Ever since the last iOS update I can’t connect in my car. It’s a lonely life.,Technical trouble playing Spotify,"For playback or app technical problems, restart or update the app. Reinstalling requires downloading offline music and podcasts again. These steps do not answer playlist editing, catalog, billing or feature questions.",,,,,,
b4_042,balanced,policy:clarification,Ever since the last iOS update I can’t connect in my car. It’s a lonely life.,Missing diagnostic context,"Cadence's reviewed response policy permits a specific, relevant question about the affected feature, device, app version or exact error. Never repeat information already supplied or ask for private account details. A question is not a resolution.",,,,,,
b4_042,balanced,policy:social,Ever since the last iOS update I can’t connect in my car. It’s a lonely life.,Cadence conversational policy,A brief friendly acknowledgment of thanks or excitement is allowed without inventing facts or claiming an action. It is not a support resolution.,,,,,,
b4_042,agent,t_2028406,Ever since the last iOS update I can’t connect in my car. It’s a lonely life.,"Since the last iOS update, I can’t stream to my car via Bluetooth (R-link). Reset, paired again, no joy. Works w/o bluetooth!","@user Hi, that doesn't sound right. Can you let us know the car model, device, and Spotify version you're using? We'll see what we can suggest",,,,,,
b4_042,agent,t_227484,Ever since the last iOS update I can’t connect in my car. It’s a lonely life.,any big fixes yet for iOS 11? Not been able to use shuffle/repeat when connecting to my car (Mazda 6) since the latest update,"@user Hi Shirley. Don't worry, we'll look into this. Can you tell us the exact app version you have installed on your iPhone?",,,,,,
b4_042,agent,t_2552616,Ever since the last iOS update I can’t connect in my car. It’s a lonely life.,"hi, since updating the app yesterday, my Spotify has stopped connecting to my car via iPhone cable?","@user Hi Daniel! That doesn't sound good. Can you let us know the exact make and model of your device, along with the iOS version you're rocking?",,,,,,
b4_042,agent,t_115267,Ever since the last iOS update I can’t connect in my car. It’s a lonely life.,since last iOS update the Now Playing song keeps disappearing. See screenshot <url>,"@user Hi there! That doesn't look good. Can you let us know the make and model of you device, along with its iOS version? We'll see what we can suggest",,,,,,
b4_042,agent,t_1905036,Ever since the last iOS update I can’t connect in my car. It’s a lonely life.,Anyone else having trouble the @user iPhone app since the last update?,@user Hey there! What's happening exactly? Can you also let us know your iPhone's model and the iOS and Spotify versions you're on?,,,,,,
b4_042,agent,t_2141743,Ever since the last iOS update I can’t connect in my car. It’s a lonely life.,"hey guys, since last iOS update, my shuffle won’t work on my @user . Is this a Spotify problem or Mazda?? Please let me know so I can fix...","@user Hi Chuy! Can you let us know what device, operating system, and Spotify version you're using? We'll take a look under the hood",,,,,,
b4_042,quality,current:contact,Ever since the last iOS update I can’t connect in my car. It’s a lonely life.,Need official human support,Spotify's contact page offers messaging with customer support. The assistant cannot contact staff or access accounts.,,,,,,
b4_043,agent,t_490766,"tried to upgrade to student premium, I got charged but it still says I'm not premium and can't log in (im out of US)","Just got an email offering Premium for £99 for a year, but when I follow the link through, it says I am not eligible. It also says ""If you'd like you can still upgrade your account to premium at any time.""...but I am on Premium :(","@user Hey there, help's arrived! Can you head over to this page <url> and click on the button that says Save on Premium? Let us know how it goes",,,,,,
b4_043,agent,t_1993477,"tried to upgrade to student premium, I got charged but it still says I'm not premium and can't log in (im out of US)",I just got the student discount premium service and its still showing free and giving me ads. Ive been charged already,@user Hey there! That's not cool. Does logging out > restarting the device > logging back in help? Keep us posted,,,,,,
b4_043,agent,t_2394574,"tried to upgrade to student premium, I got charged but it still says I'm not premium and can't log in (im out of US)",i tried to get premium for a student and wasn’t eligible but you still charged me and I don’t have premium would like money back,@user Hey Joshua! The cavalry's here. Can you DM us your username or email address? We'll take a look backstage <url>,,,,,,
b4_043,agent,t_184242,"tried to upgrade to student premium, I got charged but it still says I'm not premium and can't log in (im out of US)","I have Spotify Family subscrition, but are unable to upgrade the price with discount. offered I am a student at Univ. of Oslo",@user 1: Hi Alain! Help's arrived. It's not possible to apply the student discount to Premium for Family. This is why you're not able to upgrade.,,,,,,
b4_043,agent,t_1705044,"tried to upgrade to student premium, I got charged but it still says I'm not premium and can't log in (im out of US)",I just got the free trial for premium and it’s working on my laptop but my phone still says I’m on the free subscription😭,@user Hey there! Could you try logging out and logging back in? Keep us posted,,,,,,
b4_043,agent,t_2877418,"tried to upgrade to student premium, I got charged but it still says I'm not premium and can't log in (im out of US)",I got charged for student premium check my account and subscription is still free,"@user Hey, help's here. Can you send us a DM with your account's email address or username? We'll take a look behind the scenes <url>",,,,,,
b4_043,quality,current:contact,"tried to upgrade to student premium, I got charged but it still says I'm not premium and can't log in (im out of US)",Need official human support,Spotify's contact page offers messaging with customer support. The assistant cannot contact staff or access accounts.,,,,,,
b4_043,balanced,current:contact,"tried to upgrade to student premium, I got charged but it still says I'm not premium and can't log in (im out of US)",Need official human support,Spotify's contact page offers messaging with customer support. The assistant cannot contact staff or access accounts.,,,,,,
b4_044,quality,t_124849,"if I am trying the 3 month trial, if I cancel will I still be able to use the 3 months? I’ll probably subscribe but I often forget to unsubscribe and it comes back at the worst of times.","Hi! I would like to cancel my premium account but just found out that I got charged today. If I cancel the premium service now, will I still be able to use it for a month since it’s already paid? Please advise thank you!","@user Hi Mitzki, help's here! If you cancel your subscription, your Premium features will remain for the rest of the Premium time. Hope this helps 🙂",,,,,,
b4_044,quality,t_798532,"if I am trying the 3 month trial, if I cancel will I still be able to use the 3 months? I’ll probably subscribe but I often forget to unsubscribe and it comes back at the worst of times.",...but it still comes back. Premium acc is worthless if you are so strict on this. Anything u can do? Otherwise I will cancel.,"@user Hey Patrick! Could you try logging in to your account page here: <url>. Then selecting ""Sign Out Everywhere""",,,,,,
b4_044,quality,t_2984545,"if I am trying the 3 month trial, if I cancel will I still be able to use the 3 months? I’ll probably subscribe but I often forget to unsubscribe and it comes back at the worst of times.",Would you offer the $0.99/month for 3 months deal to former premium subscribers? I'd come back for that (and continue past the 3 months).,"@user Hey Matthew! Right now, the offer’s (3 months for 0.99) only for those who haven’t had a trial before. Can you DM us your username and email address? We'll see what we can suggest <url>",,,,,,
b4_044,quality,t_1883603,"if I am trying the 3 month trial, if I cancel will I still be able to use the 3 months? I’ll probably subscribe but I often forget to unsubscribe and it comes back at the worst of times.",am i able to restart my spotify premium for students after the 12 months if i am still enrolled in school when those 12 months are up?,"@user Hey! If you're still a student, you can renew your student discount for another 12 months. More info here: <url> <url>",,,,,,
b4_044,quality,t_2813988,"if I am trying the 3 month trial, if I cancel will I still be able to use the 3 months? I’ll probably subscribe but I often forget to unsubscribe and it comes back at the worst of times.",can I still avail the P9.00 premium if I tried the 7-day trial?,@user Hey there! You should still be eligible for the 3 months for 9.00 PHP offer after getting the 7-day trial. Just head over to this page to sign up: <url>. Let us know if you have questions,,,,,,
b4_044,quality,t_1162303,"if I am trying the 3 month trial, if I cancel will I still be able to use the 3 months? I’ll probably subscribe but I often forget to unsubscribe and it comes back at the worst of times.",if i was to cancel my premium account.......would i still get the remaining time ive already paid for?,"@user Hey Vic! Don't worry, if you cancel you'll still have access to all your Premium features for the remainder of your paid month",,,,,,
b4_044,quality,current:contact,"if I am trying the 3 month trial, if I cancel will I still be able to use the 3 months? I’ll probably subscribe but I often forget to unsubscribe and it comes back at the worst of times.",Need official human support,Spotify's contact page offers messaging with customer support. The assistant cannot contact staff or access accounts.,,,,,,
b4_044,quality,current:playback,"if I am trying the 3 month trial, if I cancel will I still be able to use the 3 months? I’ll probably subscribe but I often forget to unsubscribe and it comes back at the worst of times.",Technical trouble playing Spotify,"For playback or app technical problems, restart or update the app. Reinstalling requires downloading offline music and podcasts again. These steps do not answer playlist editing, catalog, billing or feature questions.",,,,,,
b4_044,quality,policy:clarification,"if I am trying the 3 month trial, if I cancel will I still be able to use the 3 months? I’ll probably subscribe but I often forget to unsubscribe and it comes back at the worst of times.",Missing diagnostic context,"Cadence's reviewed response policy permits a specific, relevant question about the affected feature, device, app version or exact error. Never repeat information already supplied or ask for private account details. A question is not a resolution.",,,,,,
b4_044,balanced,current:contact,"if I am trying the 3 month trial, if I cancel will I still be able to use the 3 months? I’ll probably subscribe but I often forget to unsubscribe and it comes back at the worst of times.",Need official human support,Spotify's contact page offers messaging with customer support. The assistant cannot contact staff or access accounts.,,,,,,
b4_044,agent,t_124849,"if I am trying the 3 month trial, if I cancel will I still be able to use the 3 months? I’ll probably subscribe but I often forget to unsubscribe and it comes back at the worst of times.","Hi! I would like to cancel my premium account but just found out that I got charged today. If I cancel the premium service now, will I still be able to use it for a month since it’s already paid? Please advise thank you!","@user Hi Mitzki, help's here! If you cancel your subscription, your Premium features will remain for the rest of the Premium time. Hope this helps 🙂",,,,,,
b4_044,agent,t_798532,"if I am trying the 3 month trial, if I cancel will I still be able to use the 3 months? I’ll probably subscribe but I often forget to unsubscribe and it comes back at the worst of times.",...but it still comes back. Premium acc is worthless if you are so strict on this. Anything u can do? Otherwise I will cancel.,"@user Hey Patrick! Could you try logging in to your account page here: <url>. Then selecting ""Sign Out Everywhere""",,,,,,
b4_044,agent,t_2984545,"if I am trying the 3 month trial, if I cancel will I still be able to use the 3 months? I’ll probably subscribe but I often forget to unsubscribe and it comes back at the worst of times.",Would you offer the $0.99/month for 3 months deal to former premium subscribers? I'd come back for that (and continue past the 3 months).,"@user Hey Matthew! Right now, the offer’s (3 months for 0.99) only for those who haven’t had a trial before. Can you DM us your username and email address? We'll see what we can suggest <url>",,,,,,
b4_044,agent,t_1883603,"if I am trying the 3 month trial, if I cancel will I still be able to use the 3 months? I’ll probably subscribe but I often forget to unsubscribe and it comes back at the worst of times.",am i able to restart my spotify premium for students after the 12 months if i am still enrolled in school when those 12 months are up?,"@user Hey! If you're still a student, you can renew your student discount for another 12 months. More info here: <url> <url>",,,,,,
b4_044,agent,t_2813988,"if I am trying the 3 month trial, if I cancel will I still be able to use the 3 months? I’ll probably subscribe but I often forget to unsubscribe and it comes back at the worst of times.",can I still avail the P9.00 premium if I tried the 7-day trial?,@user Hey there! You should still be eligible for the 3 months for 9.00 PHP offer after getting the 7-day trial. Just head over to this page to sign up: <url>. Let us know if you have questions,,,,,,
b4_044,agent,t_1162303,"if I am trying the 3 month trial, if I cancel will I still be able to use the 3 months? I’ll probably subscribe but I often forget to unsubscribe and it comes back at the worst of times.",if i was to cancel my premium account.......would i still get the remaining time ive already paid for?,"@user Hey Vic! Don't worry, if you cancel you'll still have access to all your Premium features for the remainder of your paid month",,,,,,
b4_045,balanced,current:contact,But I need to get more mixtapes.,Need official human support,Spotify's contact page offers messaging with customer support. The assistant cannot contact staff or access accounts.,,,,,,
b4_045,agent,t_960805,But I need to get more mixtapes.,how do I get my mixtape on Spotify,"@user Hi there! Don't worry, help's here. Just to clarify, could you let us know more on the mixtape you're referring to?",,,,,,
b4_045,agent,t_932120,But I need to get more mixtapes.,"Hey, why don't you stream more mixtapes? The more popular mixtape y'all stream is Bobby Tarantino.... Where's Acid Rap & WTF? Help","@user Hey there, great question! We’ve got some info about mixtapes here: <url>",,,,,,
b4_045,agent,t_2876095,But I need to get more mixtapes.,can you PLEASE add @user's Bastard and Goblin mixtapes??? Pleaaasseeeeeeee,"@user Hey there! We’ve got some info about mixtapes here: <url>. If there's anything else you need, just give us a shout 🙂",,,,,,
b4_045,agent,t_2038966,But I need to get more mixtapes.,Spotify would completely take over the music streaming market if they let you stream mixtapes. Some artists best work are on mixtape.,"@user Hey! We'd love to have all mixtapes on Spotify, but there's info about Spotify content here: <url>",,,,,,
b4_045,agent,t_1852473,But I need to get more mixtapes.,"should have mixtapes too, I have to switch to spinrilla if I want to listen to @user",@user Hey Ron! We’ve got some info about mixtapes here: <url>. Give us a shout if you ever need help with anything else 🙂,,,,,,
b4_045,agent,t_1219453,But I need to get more mixtapes.,Hey I need mixtapes!!!!!,@user Hey Gabriela! We’ve got some info about mixtapes here: <url>,,,,,,
b4_045,quality,current:contact,But I need to get more mixtapes.,Need official human support,Spotify's contact page offers messaging with customer support. The assistant cannot contact staff or access accounts.,,,,,,
b4_046,agent,t_1914533,Where's my tunes? :(,"Dear , where have I this to thank from? Senk joe 😭 <url>","@user Hey! Discover Weekly is based on what you, and others like you, are listening to. Hopefully it’s more in tune with your tastes next week",,,,,,
b4_046,agent,t_1873695,Where's my tunes? :(,Where does @user 'Discover Weekly' playlist come from? If it's an algorithm it is so wide of the mark...,"@user Hi! Discover Weekly is based on what you, and others like you, are listening to. Hopefully it’s more in tune with your tastes next week",,,,,,
b4_046,agent,t_1617564,Where's my tunes? :(,Why does my weekly recommend always have one good week and the next week where it's turrible. Hated almost every song this week,"@user Hi there! To keep Discover Weekly fresh, keep listening to more of your favourite tunes. This will mix things up",,,,,,
b4_046,agent,t_2298259,Where's my tunes? :(,"I already transferred my itunes playlist to Spotify desktop, but on my Spotify phone the transferred songs show up as visible but unplayable. So how do I make itunes purchases play on Spotify in Android phone? #spotifyhelp",@user Hey there! Your tunes should be available once you download the playlist where they're saved. More info here: <url>,,,,,,
b4_046,agent,t_155368,Where's my tunes? :(,<url>,"@user Hey there, great tunes! Is there anything that we can help out with? We're just a tweet away",,,,,,
b4_046,agent,t_878888,Where's my tunes? :(,@user @user help <url>,@user 1: Hey Marc! You can head here for the steps on how to filter and sort your tunes on playlists: <url>.,,,,,,
b4_046,quality,current:contact,Where's my tunes? :(,Need official human support,Spotify's contact page offers messaging with customer support. The assistant cannot contact staff or access accounts.,,,,,,
b4_046,balanced,current:contact,Where's my tunes? :(,Need official human support,Spotify's contact page offers messaging with customer support. The assistant cannot contact staff or access accounts.,,,,,,
b4_047,quality,t_1884105,why are collaborative playlists so difficult to workout 🤔🤔,Wait if a playlist is collaborative it can't be public? Why is that?,@user Hey there! Collaborative playlists are meant to be private to prevent other users from accessing it. Hope this clears things up,,,,,,
b4_047,quality,t_374849,why are collaborative playlists so difficult to workout 🤔🤔,"Hey , do y'all have a workout playlist, but like, for metal heads?",@user Hey! We have the right playlists for you. Just go to Browse > Genres & Moods > Workout for our featured playlists,,,,,,
b4_047,quality,t_1595429,why are collaborative playlists so difficult to workout 🤔🤔,Hi! Do I need Premium account to add to collaborative playlist? Trying to add songs to this but can't. <url>,@user Hey Griff! You should be able to collaborate even when on Free. More info about Collaborative playlists here: <url> 👍,,,,,,
b4_047,quality,t_2795624,why are collaborative playlists so difficult to workout 🤔🤔,why when my friends try to find the collaborative playlist can they not find it even when I take it off collaboration mode and make sure it is public,"@user Hey India! In order for your friends to see the collaborative playlist you've created, you will need to send them the link to the playlist. Let us know if you're still running into issues",,,,,,
b4_047,quality,t_1740069,why are collaborative playlists so difficult to workout 🤔🤔,Hey my friends can't add songs to the collaborative playlist I've shared with them. Any clues why?,"@user Hey Tomas! Just to check, are your friends following the playlist on Spotify? Keep us posted",,,,,,
b4_047,quality,t_2509489,why are collaborative playlists so difficult to workout 🤔🤔,know what would be cool? The ability to create custom mashup playlist! #Spotify,@user Hi there! You can check out how to make Collaborative Playlists at <url>. Hope this helps,,,,,,
b4_047,quality,current:contact,why are collaborative playlists so difficult to workout 🤔🤔,Need official human support,Spotify's contact page offers messaging with customer support. The assistant cannot contact staff or access accounts.,,,,,,
b4_047,quality,current:playback,why are collaborative playlists so difficult to workout 🤔🤔,Technical trouble playing Spotify,"For playback or app technical problems, restart or update the app. Reinstalling requires downloading offline music and podcasts again. These steps do not answer playlist editing, catalog, billing or feature questions.",,,,,,
b4_047,quality,policy:clarification,why are collaborative playlists so difficult to workout 🤔🤔,Missing diagnostic context,"Cadence's reviewed response policy permits a specific, relevant question about the affected feature, device, app version or exact error. Never repeat information already supplied or ask for private account details. A question is not a resolution.",,,,,,
b4_047,balanced,current:contact,why are collaborative playlists so difficult to workout 🤔🤔,Need official human support,Spotify's contact page offers messaging with customer support. The assistant cannot contact staff or access accounts.,,,,,,
b4_047,agent,t_1884105,why are collaborative playlists so difficult to workout 🤔🤔,Wait if a playlist is collaborative it can't be public? Why is that?,@user Hey there! Collaborative playlists are meant to be private to prevent other users from accessing it. Hope this clears things up,,,,,,
b4_047,agent,t_374849,why are collaborative playlists so difficult to workout 🤔🤔,"Hey , do y'all have a workout playlist, but like, for metal heads?",@user Hey! We have the right playlists for you. Just go to Browse > Genres & Moods > Workout for our featured playlists,,,,,,
b4_047,agent,t_1595429,why are collaborative playlists so difficult to workout 🤔🤔,Hi! Do I need Premium account to add to collaborative playlist? Trying to add songs to this but can't. <url>,@user Hey Griff! You should be able to collaborate even when on Free. More info about Collaborative playlists here: <url> 👍,,,,,,
b4_047,agent,t_2795624,why are collaborative playlists so difficult to workout 🤔🤔,why when my friends try to find the collaborative playlist can they not find it even when I take it off collaboration mode and make sure it is public,"@user Hey India! In order for your friends to see the collaborative playlist you've created, you will need to send them the link to the playlist. Let us know if you're still running into issues",,,,,,
b4_047,agent,t_1740069,why are collaborative playlists so difficult to workout 🤔🤔,Hey my friends can't add songs to the collaborative playlist I've shared with them. Any clues why?,"@user Hey Tomas! Just to check, are your friends following the playlist on Spotify? Keep us posted",,,,,,
b4_047,agent,t_2509489,why are collaborative playlists so difficult to workout 🤔🤔,know what would be cool? The ability to create custom mashup playlist! #Spotify,@user Hi there! You can check out how to make Collaborative Playlists at <url>. Hope this helps,,,,,,
b4_048,balanced,current:contact,@user hi! I am trying to create an account and it does not let me select a username. How can I create an account to give it a specific username? I would really appreciate your help. Thank you in advance!,Need official human support,Spotify's contact page offers messaging with customer support. The assistant cannot contact staff or access accounts.,,,,,,
b4_048,agent,t_1065562,@user hi! I am trying to create an account and it does not let me select a username. How can I create an account to give it a specific username? I would really appreciate your help. Thank you in advance!,"Why am I not able to choose between the artists when I select ""View Artist"", on songs with more than one?","@user Hey Lydia! What device and Spotify version are you using? Also, a screenshot of what you see on your end would really help",,,,,,
b4_048,agent,t_558573,@user hi! I am trying to create an account and it does not let me select a username. How can I create an account to give it a specific username? I would really appreciate your help. Thank you in advance!,"hey I can't signup, no with fb and not with email",@user Hi there. Can you let us know what's happening exactly? Are you getting any specific error messages when trying to create an account? We'll see what we can suggest,,,,,,
b4_048,agent,t_716164,@user hi! I am trying to create an account and it does not let me select a username. How can I create an account to give it a specific username? I would really appreciate your help. Thank you in advance!,trying to create an account on PS4 and clicking sign up does nothing. no error/warning message saying what to do. bad UX,"@user Hey, help's here! Can you try restarting your console to see if it helps? Let us know how it goes.",,,,,,
b4_048,agent,t_1703341,@user hi! I am trying to create an account and it does not let me select a username. How can I create an account to give it a specific username? I would really appreciate your help. Thank you in advance!,"Dear I will (and others too) really appreciate it if you can let us download more, will you? Please! <url>",@user We can see how that’d be handy. Thanks for taking the time to reach out – your feedback's been noted 📝,,,,,,
b4_048,agent,t_1869506,@user hi! I am trying to create an account and it does not let me select a username. How can I create an account to give it a specific username? I would really appreciate your help. Thank you in advance!,"First youtube sharing links dont work on facebook, now spotify wont log me in. @user @user How am I supposed to shear #Sweet","@user Hey Matthew! Are you getting any specific error messages when you're trying to log in? If so, a screenshot of it would help",,,,,,
b4_048,agent,t_2787979,@user hi! I am trying to create an account and it does not let me select a username. How can I create an account to give it a specific username? I would really appreciate your help. Thank you in advance!,"hi, I’ve tried upgrading to premium on both my iPhone (using Safari) and my PC (using Chrome), but when I click on my account settings it comes up with either error 503 or error 504. would appreciate it if you could help me with this! :)","@user Hey there, help's here! Does clearing your cache/cookies help? You might also want to try using an incognito window. Let us know how it goes",,,,,,
b4_048,quality,current:contact,@user hi! I am trying to create an account and it does not let me select a username. How can I create an account to give it a specific username? I would really appreciate your help. Thank you in advance!,Need official human support,Spotify's contact page offers messaging with customer support. The assistant cannot contact staff or access accounts.,,,,,,
b4_049,agent,t_1679845,Hello! Is it normal that I only have one radio left? Can you tell me how to have more please? Cheers and have a great day! <url>,Help... I get ‘All filled up’ message. I only have one album on there and My phone has 9.69GB memory left! ???,"@user Hey! How many tracks would you say you have in Songs (roughly)? e.g. 100, 1000, 5000, or more?",,,,,,
b4_049,agent,t_224420,Hello! Is it normal that I only have one radio left? Can you tell me how to have more please? Cheers and have a great day! <url>,Can someone please tell me how to start an artist radio station o.n this app on this #xboxone app ? I be damned if I see how ??,"@user Hey there! At this time, we're afraid this isn't possible. There's more info about this here: <url>",,,,,,
b4_049,agent,t_1294210,Hello! Is it normal that I only have one radio left? Can you tell me how to have more please? Cheers and have a great day! <url>,Am I the only one having issues with rn???😩😩😩😭,@user Hi Angelique! We're here to help. Can you tell us more about what's going on?,,,,,,
b4_049,agent,t_1702489,Hello! Is it normal that I only have one radio left? Can you tell me how to have more please? Cheers and have a great day! <url>,"It's down on computer. Sigh..more and more problems with spotify. Left Pandora, now may have to leave spotify. 😔",@user Hi there! Can you tell us more about what's happening? We'll see what we can do,,,,,,
b4_049,agent,t_1272632,Hello! Is it normal that I only have one radio left? Can you tell me how to have more please? Cheers and have a great day! <url>,My auto play radio after my playlist ends is really buggy! Please help!,"@user Hey, help's here! Can you tell us more about what's happening? We'll see what we can suggest",,,,,,
b4_049,agent,t_570525,Hello! Is it normal that I only have one radio left? Can you tell me how to have more please? Cheers and have a great day! <url>,. where can i find normal amounts of songs? <url>,@user Hey there! Can you tell us more about what you're looking for? We'll see what we can suggest,,,,,,
b4_049,quality,current:contact,Hello! Is it normal that I only have one radio left? Can you tell me how to have more please? Cheers and have a great day! <url>,Need official human support,Spotify's contact page offers messaging with customer support. The assistant cannot contact staff or access accounts.,,,,,,
b4_049,balanced,current:contact,Hello! Is it normal that I only have one radio left? Can you tell me how to have more please? Cheers and have a great day! <url>,Need official human support,Spotify's contact page offers messaging with customer support. The assistant cannot contact staff or access accounts.,,,,,,
b4_050,quality,current:contact,Hey it'd be awesome if my account would not get hacked twice in three days 🖕.,Need official human support,Spotify's contact page offers messaging with customer support. The assistant cannot contact staff or access accounts.,,,,,,
b4_050,balanced,current:contact,Hey it'd be awesome if my account would not get hacked twice in three days 🖕.,Need official human support,Spotify's contact page offers messaging with customer support. The assistant cannot contact staff or access accounts.,,,,,,
b4_050,agent,t_1461614,Hey it'd be awesome if my account would not get hacked twice in three days 🖕.,"Could you possibly make our ""recent searches"" twice as long? Would be awesome...",@user Hey! We can see how that’d be handy. Thanks for taking the time to reach out. We’ll get this passed onto the right team 💚,,,,,,
b4_050,agent,t_741873,Hey it'd be awesome if my account would not get hacked twice in three days 🖕.,I wonder if will ever offer audiobooks. It would make an awesome Premium feature.,@user Hey Mark. Thanks for the feedback – we appreciate it! We’ll get this passed onto the right team 💚,,,,,,
b4_050,agent,t_1782701,Hey it'd be awesome if my account would not get hacked twice in three days 🖕.,"Hey , would be awesome if you build a #Shazam ‘like’ service straight into the mobile app !! :) :)","@user Hey, this sounds like a great idea! Suggest it in our Community at <url> and get support from other users",,,,,,
b4_050,agent,t_2767036,Hey it'd be awesome if my account would not get hacked twice in three days 🖕.,it would be awesome if I could apply filters to my playlists similar to the Stranger Things one,"@user Hey there, that'd be sweet! Suggest it in our Community at <url> and get support from other users. Just give us a shout if you have other questions",,,,,,
b4_050,agent,t_2734628,Hey it'd be awesome if my account would not get hacked twice in three days 🖕.,A Spotify podcast app would be awesome!!,"@user Hey rebel, This sounds like a great idea! Suggest it in our Community at <url> and get support from other users",,,,,,
b4_050,agent,t_1971842,Hey it'd be awesome if my account would not get hacked twice in three days 🖕.,my account has been hacked. The email address has been changed. Please can someone help. Thanks,"@user Hey Tim, we're sorry to hear that. It'd be best to check out <url> for the steps needed to be done. They should help",,,,,,
b4_051,balanced,current:contact,i stg spotify needa get their shit together,Need official human support,Spotify's contact page offers messaging with customer support. The assistant cannot contact staff or access accounts.,,,,,,
b4_051,agent,t_2306948,i stg spotify needa get their shit together,i️ don’t pay $15 a month for your bitchasses to delete my shit once a month y’all needa figure ur shit out,@user Hey! Sorry to hear you feel that way. Check out the steps under “Downloads unexpectedly removed” at <url>,,,,,,
b4_051,agent,t_1516306,i stg spotify needa get their shit together,. needs to get their shit together for the nth time. The app crashed on me like 3 times in the past hour and a half,"@user Hey there, that's not fun! Does logging out > restarting the device > logging back in help? Keep us posted",,,,,,
b4_051,agent,t_2912350,i stg spotify needa get their shit together,get your shit together,@user Hey William! We’re looking into this as we tweet. Thanks for bearing with us,,,,,,
b4_051,agent,t_40647,i stg spotify needa get their shit together,Why is speed gang still not on Spotify 😒 get your shit together,@user Hey Julia!. We'd love to have them on Spotify! Hopefully we will in the future. Check this out: <url>,,,,,,
b4_051,agent,t_844347,i stg spotify needa get their shit together,Wtf get your shit together <url>,@user Hi! Help's here. Can you send us the Song Link? Just tap the three dots > Share > Copy Link,,,,,,
b4_051,agent,t_1348080,i stg spotify needa get their shit together,Spotify better get their shit together before I cancel my subscription and move over to Apple Music 😒,@user We've just sent you a DM 🙂,,,,,,
b4_051,quality,current:contact,i stg spotify needa get their shit together,Need official human support,Spotify's contact page offers messaging with customer support. The assistant cannot contact staff or access accounts.,,,,,,
b4_052,agent,t_573779,I want to share a playlist online but i don't want ppl to know my full name. Is there a way to remedy this?,". @user please revert your recent changes: If I create a playlist from an album I don't want to have to provide a playlist name. The playlist should just be the name of the album. This is crucial, core-functionality (for me at least) stuff.",@user Hey there. Thanks for the feedback – we appreciate it! We’ll get this passed onto the right team 💚,,,,,,
b4_052,agent,t_1287761,I want to share a playlist online but i don't want ppl to know my full name. Is there a way to remedy this?,"Can you guys give me the track list to the Crash Course playlist from Oct.r 18th? Song stuck in head, don't remember the name","@user Hey there! Currently, there’s no way to retrieve previous playlists. Be sure to save your favorite tracks so you don't lose them",,,,,,
b4_052,agent,t_1878572,I want to share a playlist online but i don't want ppl to know my full name. Is there a way to remedy this?,how do I see who is following my playlist? I can no longer find out who is following specific playlists and I want to know!,"@user Hi Sam! We're afraid we don't have info to share. Not to worry, you can support the idea by voting for it at <url>",,,,,,
b4_052,agent,t_841080,I want to share a playlist online but i don't want ppl to know my full name. Is there a way to remedy this?,is there no way to share playlists between family accounts?,"@user Hey Steven,check this out: <url>! Let us know if you have any other questions",,,,,,
b4_052,agent,t_2663996,I want to share a playlist online but i don't want ppl to know my full name. Is there a way to remedy this?,"So saving an entire album to a playlist on Android no longer automatically names the playlist ""Artist - Album Name""? This is a step backwards !","@user Hey there! Don't worry, help's here. Can you let us know the device you're using along with its Android and Spotify versions? We'll be on the lookout for your reply",,,,,,
b4_052,agent,t_1602437,I want to share a playlist online but i don't want ppl to know my full name. Is there a way to remedy this?,throwback playlist that was generated for me was good. When do we get the look of it for all playlists?,"@user Hi there! We don't have any info to share at the moment, but we'll post updates regarding this. Anything else, let us know",,,,,,
b4_052,quality,t_573779,I want to share a playlist online but i don't want ppl to know my full name. Is there a way to remedy this?,". @user please revert your recent changes: If I create a playlist from an album I don't want to have to provide a playlist name. The playlist should just be the name of the album. This is crucial, core-functionality (for me at least) stuff.",@user Hey there. Thanks for the feedback – we appreciate it! We’ll get this passed onto the right team 💚,,,,,,
b4_052,quality,t_1287761,I want to share a playlist online but i don't want ppl to know my full name. Is there a way to remedy this?,"Can you guys give me the track list to the Crash Course playlist from Oct.r 18th? Song stuck in head, don't remember the name","@user Hey there! Currently, there’s no way to retrieve previous playlists. Be sure to save your favorite tracks so you don't lose them",,,,,,
b4_052,quality,t_1878572,I want to share a playlist online but i don't want ppl to know my full name. Is there a way to remedy this?,how do I see who is following my playlist? I can no longer find out who is following specific playlists and I want to know!,"@user Hi Sam! We're afraid we don't have info to share. Not to worry, you can support the idea by voting for it at <url>",,,,,,
b4_052,quality,t_841080,I want to share a playlist online but i don't want ppl to know my full name. Is there a way to remedy this?,is there no way to share playlists between family accounts?,"@user Hey Steven,check this out: <url>! Let us know if you have any other questions",,,,,,
b4_052,quality,t_2663996,I want to share a playlist online but i don't want ppl to know my full name. Is there a way to remedy this?,"So saving an entire album to a playlist on Android no longer automatically names the playlist ""Artist - Album Name""? This is a step backwards !","@user Hey there! Don't worry, help's here. Can you let us know the device you're using along with its Android and Spotify versions? We'll be on the lookout for your reply",,,,,,
b4_052,quality,t_1602437,I want to share a playlist online but i don't want ppl to know my full name. Is there a way to remedy this?,throwback playlist that was generated for me was good. When do we get the look of it for all playlists?,"@user Hi there! We don't have any info to share at the moment, but we'll post updates regarding this. Anything else, let us know",,,,,,
b4_052,quality,current:contact,I want to share a playlist online but i don't want ppl to know my full name. Is there a way to remedy this?,Need official human support,Spotify's contact page offers messaging with customer support. The assistant cannot contact staff or access accounts.,,,,,,
b4_052,quality,current:playback,I want to share a playlist online but i don't want ppl to know my full name. Is there a way to remedy this?,Technical trouble playing Spotify,"For playback or app technical problems, restart or update the app. Reinstalling requires downloading offline music and podcasts again. These steps do not answer playlist editing, catalog, billing or feature questions.",,,,,,
b4_052,quality,policy:clarification,I want to share a playlist online but i don't want ppl to know my full name. Is there a way to remedy this?,Missing diagnostic context,"Cadence's reviewed response policy permits a specific, relevant question about the affected feature, device, app version or exact error. Never repeat information already supplied or ask for private account details. A question is not a resolution.",,,,,,
b4_052,balanced,t_573779,I want to share a playlist online but i don't want ppl to know my full name. Is there a way to remedy this?,". @user please revert your recent changes: If I create a playlist from an album I don't want to have to provide a playlist name. The playlist should just be the name of the album. This is crucial, core-functionality (for me at least) stuff.",@user Hey there. Thanks for the feedback – we appreciate it! We’ll get this passed onto the right team 💚,,,,,,
b4_052,balanced,t_1287761,I want to share a playlist online but i don't want ppl to know my full name. Is there a way to remedy this?,"Can you guys give me the track list to the Crash Course playlist from Oct.r 18th? Song stuck in head, don't remember the name","@user Hey there! Currently, there’s no way to retrieve previous playlists. Be sure to save your favorite tracks so you don't lose them",,,,,,
b4_052,balanced,t_1878572,I want to share a playlist online but i don't want ppl to know my full name. Is there a way to remedy this?,how do I see who is following my playlist? I can no longer find out who is following specific playlists and I want to know!,"@user Hi Sam! We're afraid we don't have info to share. Not to worry, you can support the idea by voting for it at <url>",,,,,,
b4_052,balanced,t_841080,I want to share a playlist online but i don't want ppl to know my full name. Is there a way to remedy this?,is there no way to share playlists between family accounts?,"@user Hey Steven,check this out: <url>! Let us know if you have any other questions",,,,,,
b4_052,balanced,t_2663996,I want to share a playlist online but i don't want ppl to know my full name. Is there a way to remedy this?,"So saving an entire album to a playlist on Android no longer automatically names the playlist ""Artist - Album Name""? This is a step backwards !","@user Hey there! Don't worry, help's here. Can you let us know the device you're using along with its Android and Spotify versions? We'll be on the lookout for your reply",,,,,,
b4_052,balanced,t_1602437,I want to share a playlist online but i don't want ppl to know my full name. Is there a way to remedy this?,throwback playlist that was generated for me was good. When do we get the look of it for all playlists?,"@user Hi there! We don't have any info to share at the moment, but we'll post updates regarding this. Anything else, let us know",,,,,,
b4_052,balanced,current:family,I want to share a playlist online but i don't want ppl to know my full name. Is there a way to remedy this?,"Official Spotify guidance, checked 2026-09-17",Premium Family is for family members living together. Members must live with the plan manager and use the same home address. This general rule does not establish a temporary-absence exception or eligibility of an individual account.,,,,,,
b4_052,balanced,current:wrapped,I want to share a playlist online but i don't want ppl to know my full name. Is there a way to remedy this?,"Official Spotify guidance, checked 2026-09-17",Wrapped is Spotify's annual listening summary and includes personalized playlists. Some features have eligibility requirements. The support page links official updates; it does not establish a release date for an upcoming edition.,,,,,,
b4_052,balanced,current:profile,I want to share a playlist online but i don't want ppl to know my full name. Is there a way to remedy this?,"Official Spotify guidance, checked 2026-09-17","A display name replaces the username on profiles, apps and playlists, but cannot be used to log in. Mobile: profile picture, View profile, EDIT, change name, Save.",,,,,,
b4_052,balanced,current:ideas,I want to share a playlist online but i don't want ppl to know my full name. Is there a way to remedy this?,"Official Spotify guidance, checked 2026-09-17","Customers can search the Community Ideas board, vote for an existing idea or submit a new idea after logging in. No particular idea, feature release or staff action is confirmed.",,,,,,
b4_052,balanced,current:catalog,I want to share a playlist online but i don't want ppl to know my full name. Is there a way to remedy this?,"Official Spotify guidance, checked 2026-09-17","Catalog availability varies over time and by country according to rights-holder permissions. No availability, removal cause or return date for a specific release is established.",,,,,,
b4_052,balanced,current:student,I want to share a playlist online but i don't want ppl to know my full name. Is there a way to remedy this?,"Official Spotify guidance, checked 2026-09-17","SheerID handles student verification. Try a private browser window to avoid autofill problems. If verification still fails, use the SheerID help route on this official page. Spotify cannot resolve SheerID verification issues.",,,,,,
b4_052,balanced,current:shuffle,I want to share a playlist online but i don't want ppl to know my full name. Is there a way to remedy this?,"Official Spotify guidance, checked 2026-09-17","Smart Shuffle mixes recommendations into playback. It is always active on free mobile. Premium mobile users can disable Include Smart Shuffle in play modes under Settings and privacy, Playback. Premium shuffle also offers a Fewer repeats style; it reduces, not eliminates, repeats.",,,,,,
b4_052,balanced,current:autoplay,I want to share a playlist online but i don't want ppl to know my full name. Is there a way to remedy this?,"Official Spotify guidance, checked 2026-09-17","Autoplay plays similar tracks after an album, playlist or selection ends. It can be disabled in settings: Playback, Autoplay on mobile; Autoplay in desktop settings. It does not explain extra tracks interspersed within a playlist.",,,,,,
b4_052,balanced,current:explicit,I want to share a playlist online but i don't want ppl to know my full name. Is there a way to remedy this?,"Official Spotify guidance, checked 2026-09-17",Explicit releases have E or EXPLICIT tags supplied by rights holders. Search for different versions; some explicit releases have no clean version. This does not prove an uncensored version of a given track exists.,,,,,,
b4_052,balanced,current:library,I want to share a playlist online but i don't want ppl to know my full name. Is there a way to remedy this?,"Official Spotify guidance, checked 2026-09-17","For music missing from Your Library, check filters on mobile and search to find and save it. A different account may explain missing saved content, but must not be asserted without evidence.",,,,,,
b4_052,balanced,current:contact,I want to share a playlist online but i don't want ppl to know my full name. Is there a way to remedy this?,Need official human support,Spotify's contact page offers messaging with customer support. The assistant cannot contact staff or access accounts.,,,,,,
b4_052,balanced,current:playback,I want to share a playlist online but i don't want ppl to know my full name. Is there a way to remedy this?,Technical trouble playing Spotify,"For playback or app technical problems, restart or update the app. Reinstalling requires downloading offline music and podcasts again. These steps do not answer playlist editing, catalog, billing or feature questions.",,,,,,
b4_052,balanced,policy:clarification,I want to share a playlist online but i don't want ppl to know my full name. Is there a way to remedy this?,Missing diagnostic context,"Cadence's reviewed response policy permits a specific, relevant question about the affected feature, device, app version or exact error. Never repeat information already supplied or ask for private account details. A question is not a resolution.",,,,,,
b4_052,balanced,policy:social,I want to share a playlist online but i don't want ppl to know my full name. Is there a way to remedy this?,Cadence conversational policy,A brief friendly acknowledgment of thanks or excitement is allowed without inventing facts or claiming an action. It is not a support resolution.,,,,,,
b4_053,quality,current:contact,umm my student premium account isn’t connecting to Hulu anymore,Need official human support,Spotify's contact page offers messaging with customer support. The assistant cannot contact staff or access accounts.,,,,,,
b4_053,balanced,current:student,umm my student premium account isn’t connecting to Hulu anymore,"Official Spotify guidance, checked 2026-09-17","SheerID handles student verification. Try a private browser window to avoid autofill problems. If verification still fails, use the SheerID help route on this official page. Spotify cannot resolve SheerID verification issues.",,,,,,
b4_053,agent,t_2264764,umm my student premium account isn’t connecting to Hulu anymore,so is @user really free with the premium/ student account,"@user 1: Hi, help's here! With the Student Discount + Hulu bundle, you can enjoy Premium at a discounted rate & access to Hulu’s streaming...",,,,,,
b4_053,agent,t_1814644,umm my student premium account isn’t connecting to Hulu anymore,why can I not use PayPal to pay for student premium???,"@user Hey! Right now, PayPal isn’t an available payment method for the student discount in your country. Apologies for any inconvenience",,,,,,
b4_053,agent,t_1222857,umm my student premium account isn’t connecting to Hulu anymore,"Hey I have a student account + hulu for now. If I upgrade it to a family account, will I still be able to retain my hulu acc?",@user Hey! We're afraid you can't apply additional discounts to a student discount. This includes any trial offers and Premium for Family,,,,,,
b4_053,agent,t_1941468,umm my student premium account isn’t connecting to Hulu anymore,Is the premium+hulu deal for students staying put or is it for a limited time?,@user Hey Kylie! We don't have any info on this. You can sign up for the student discount + Hulu bundle at <url>,,,,,,
b4_053,agent,t_2306928,umm my student premium account isn’t connecting to Hulu anymore,Wtf why isn’t Julian Alvarez on anymore?????,"@user Hey, thanks for reaching out! There's some info on Spotify content here: <url>",,,,,,
b4_053,agent,t_167763,umm my student premium account isn’t connecting to Hulu anymore,"if I have premium family account with Spotify, and I'm a student, can I still get the Hulu bundle?",@user Hi Julio! You'll need to leave your current Family plan in order to apply for the student discount + Hulu bundle. Hope this clears things up,,,,,,
b4_054,balanced,t_2532099,My spotify crashed and now I have to sit on a bus in complete silence pls send help,Okay theres more jus Sit Tight Ill Try Not To Crash Tha server Tho 😀 <url>,@user No worries. Just fire them over so we can check things out,,,,,,
b4_054,balanced,t_1964994,My spotify crashed and now I have to sit on a bus in complete silence pls send help,So are we just gonna sit here and not acknowledge that took off @user track? This is complete fuckery🙄😒😒 i want Come Outside back <url>,"@user Hey, we understand how you feel. Sometimes content gets temporarily removed because of licensing changes. We hope to have it again soon",,,,,,
b4_054,balanced,t_203133,My spotify crashed and now I have to sit on a bus in complete silence pls send help,sorry to report that a just have radio silence. I am using WIFI. Just getting silence. Please advise,"@user Got it. Do logging out, restarting your device, and logging back in help at all? Keep us posted",,,,,,
b4_054,balanced,t_2920738,My spotify crashed and now I have to sit on a bus in complete silence pls send help,Spotify is having issues and now I am working in silence. Help me ! Is there an ETA yet?,@user Hey Jenn! Everything should be running smoothly now. Let us know if you're still getting issues,,,,,,
b4_054,balanced,t_124148,My spotify crashed and now I have to sit on a bus in complete silence pls send help,"I have Spotify premium and have playlists downloaded but when using bus WiFi none of my downloaded playlists show up and it won’t connect, even though the WiFi is working fine <url>","@user Hey Emily, help has arrived! Could you DM us your account's email address? Sending us your iOS and Spotify app version would be great too <url>",,,,,,
b4_054,balanced,t_2968472,My spotify crashed and now I have to sit on a bus in complete silence pls send help,Hey what's going on the past couple days? It's crashing all the time. Not amused with a premium account that doesn't play any music #silence,"@user Hey Danielle, that doesn't sound right. Can you let us know the device, operating system, and Spotify version you're using? We'll see what we can suggest",,,,,,
b4_054,balanced,current:family,My spotify crashed and now I have to sit on a bus in complete silence pls send help,"Official Spotify guidance, checked 2026-09-17",Premium Family is for family members living together. Members must live with the plan manager and use the same home address. This general rule does not establish a temporary-absence exception or eligibility of an individual account.,,,,,,
b4_054,balanced,current:wrapped,My spotify crashed and now I have to sit on a bus in complete silence pls send help,"Official Spotify guidance, checked 2026-09-17",Wrapped is Spotify's annual listening summary and includes personalized playlists. Some features have eligibility requirements. The support page links official updates; it does not establish a release date for an upcoming edition.,,,,,,
b4_054,balanced,current:profile,My spotify crashed and now I have to sit on a bus in complete silence pls send help,"Official Spotify guidance, checked 2026-09-17","A display name replaces the username on profiles, apps and playlists, but cannot be used to log in. Mobile: profile picture, View profile, EDIT, change name, Save.",,,,,,
b4_054,balanced,current:ideas,My spotify crashed and now I have to sit on a bus in complete silence pls send help,"Official Spotify guidance, checked 2026-09-17","Customers can search the Community Ideas board, vote for an existing idea or submit a new idea after logging in. No particular idea, feature release or staff action is confirmed.",,,,,,
b4_054,balanced,current:catalog,My spotify crashed and now I have to sit on a bus in complete silence pls send help,"Official Spotify guidance, checked 2026-09-17","Catalog availability varies over time and by country according to rights-holder permissions. No availability, removal cause or return date for a specific release is established.",,,,,,
b4_054,balanced,current:student,My spotify crashed and now I have to sit on a bus in complete silence pls send help,"Official Spotify guidance, checked 2026-09-17","SheerID handles student verification. Try a private browser window to avoid autofill problems. If verification still fails, use the SheerID help route on this official page. Spotify cannot resolve SheerID verification issues.",,,,,,
b4_054,balanced,current:shuffle,My spotify crashed and now I have to sit on a bus in complete silence pls send help,"Official Spotify guidance, checked 2026-09-17","Smart Shuffle mixes recommendations into playback. It is always active on free mobile. Premium mobile users can disable Include Smart Shuffle in play modes under Settings and privacy, Playback. Premium shuffle also offers a Fewer repeats style; it reduces, not eliminates, repeats.",,,,,,
b4_054,balanced,current:autoplay,My spotify crashed and now I have to sit on a bus in complete silence pls send help,"Official Spotify guidance, checked 2026-09-17","Autoplay plays similar tracks after an album, playlist or selection ends. It can be disabled in settings: Playback, Autoplay on mobile; Autoplay in desktop settings. It does not explain extra tracks interspersed within a playlist.",,,,,,
b4_054,balanced,current:explicit,My spotify crashed and now I have to sit on a bus in complete silence pls send help,"Official Spotify guidance, checked 2026-09-17",Explicit releases have E or EXPLICIT tags supplied by rights holders. Search for different versions; some explicit releases have no clean version. This does not prove an uncensored version of a given track exists.,,,,,,
b4_054,balanced,current:library,My spotify crashed and now I have to sit on a bus in complete silence pls send help,"Official Spotify guidance, checked 2026-09-17","For music missing from Your Library, check filters on mobile and search to find and save it. A different account may explain missing saved content, but must not be asserted without evidence.",,,,,,
b4_054,balanced,current:contact,My spotify crashed and now I have to sit on a bus in complete silence pls send help,Need official human support,Spotify's contact page offers messaging with customer support. The assistant cannot contact staff or access accounts.,,,,,,
b4_054,balanced,current:playback,My spotify crashed and now I have to sit on a bus in complete silence pls send help,Technical trouble playing Spotify,"For playback or app technical problems, restart or update the app. Reinstalling requires downloading offline music and podcasts again. These steps do not answer playlist editing, catalog, billing or feature questions.",,,,,,
b4_054,balanced,policy:clarification,My spotify crashed and now I have to sit on a bus in complete silence pls send help,Missing diagnostic context,"Cadence's reviewed response policy permits a specific, relevant question about the affected feature, device, app version or exact error. Never repeat information already supplied or ask for private account details. A question is not a resolution.",,,,,,
b4_054,balanced,policy:social,My spotify crashed and now I have to sit on a bus in complete silence pls send help,Cadence conversational policy,A brief friendly acknowledgment of thanks or excitement is allowed without inventing facts or claiming an action. It is not a support resolution.,,,,,,
b4_054,agent,t_2532099,My spotify crashed and now I have to sit on a bus in complete silence pls send help,Okay theres more jus Sit Tight Ill Try Not To Crash Tha server Tho 😀 <url>,@user No worries. Just fire them over so we can check things out,,,,,,
b4_054,agent,t_1964994,My spotify crashed and now I have to sit on a bus in complete silence pls send help,So are we just gonna sit here and not acknowledge that took off @user track? This is complete fuckery🙄😒😒 i want Come Outside back <url>,"@user Hey, we understand how you feel. Sometimes content gets temporarily removed because of licensing changes. We hope to have it again soon",,,,,,
b4_054,agent,t_203133,My spotify crashed and now I have to sit on a bus in complete silence pls send help,sorry to report that a just have radio silence. I am using WIFI. Just getting silence. Please advise,"@user Got it. Do logging out, restarting your device, and logging back in help at all? Keep us posted",,,,,,
b4_054,agent,t_2920738,My spotify crashed and now I have to sit on a bus in complete silence pls send help,Spotify is having issues and now I am working in silence. Help me ! Is there an ETA yet?,@user Hey Jenn! Everything should be running smoothly now. Let us know if you're still getting issues,,,,,,
b4_054,agent,t_124148,My spotify crashed and now I have to sit on a bus in complete silence pls send help,"I have Spotify premium and have playlists downloaded but when using bus WiFi none of my downloaded playlists show up and it won’t connect, even though the WiFi is working fine <url>","@user Hey Emily, help has arrived! Could you DM us your account's email address? Sending us your iOS and Spotify app version would be great too <url>",,,,,,
b4_054,agent,t_2968472,My spotify crashed and now I have to sit on a bus in complete silence pls send help,Hey what's going on the past couple days? It's crashing all the time. Not amused with a premium account that doesn't play any music #silence,"@user Hey Danielle, that doesn't sound right. Can you let us know the device, operating system, and Spotify version you're using? We'll see what we can suggest",,,,,,
b4_054,quality,t_2532099,My spotify crashed and now I have to sit on a bus in complete silence pls send help,Okay theres more jus Sit Tight Ill Try Not To Crash Tha server Tho 😀 <url>,@user No worries. Just fire them over so we can check things out,,,,,,
b4_054,quality,t_1964994,My spotify crashed and now I have to sit on a bus in complete silence pls send help,So are we just gonna sit here and not acknowledge that took off @user track? This is complete fuckery🙄😒😒 i want Come Outside back <url>,"@user Hey, we understand how you feel. Sometimes content gets temporarily removed because of licensing changes. We hope to have it again soon",,,,,,
b4_054,quality,t_203133,My spotify crashed and now I have to sit on a bus in complete silence pls send help,sorry to report that a just have radio silence. I am using WIFI. Just getting silence. Please advise,"@user Got it. Do logging out, restarting your device, and logging back in help at all? Keep us posted",,,,,,
b4_054,quality,t_2920738,My spotify crashed and now I have to sit on a bus in complete silence pls send help,Spotify is having issues and now I am working in silence. Help me ! Is there an ETA yet?,@user Hey Jenn! Everything should be running smoothly now. Let us know if you're still getting issues,,,,,,
b4_054,quality,t_124148,My spotify crashed and now I have to sit on a bus in complete silence pls send help,"I have Spotify premium and have playlists downloaded but when using bus WiFi none of my downloaded playlists show up and it won’t connect, even though the WiFi is working fine <url>","@user Hey Emily, help has arrived! Could you DM us your account's email address? Sending us your iOS and Spotify app version would be great too <url>",,,,,,
b4_054,quality,t_2968472,My spotify crashed and now I have to sit on a bus in complete silence pls send help,Hey what's going on the past couple days? It's crashing all the time. Not amused with a premium account that doesn't play any music #silence,"@user Hey Danielle, that doesn't sound right. Can you let us know the device, operating system, and Spotify version you're using? We'll see what we can suggest",,,,,,
b4_054,quality,current:contact,My spotify crashed and now I have to sit on a bus in complete silence pls send help,Need official human support,Spotify's contact page offers messaging with customer support. The assistant cannot contact staff or access accounts.,,,,,,
b4_054,quality,current:playback,My spotify crashed and now I have to sit on a bus in complete silence pls send help,Technical trouble playing Spotify,"For playback or app technical problems, restart or update the app. Reinstalling requires downloading offline music and podcasts again. These steps do not answer playlist editing, catalog, billing or feature questions.",,,,,,
b4_054,quality,policy:clarification,My spotify crashed and now I have to sit on a bus in complete silence pls send help,Missing diagnostic context,"Cadence's reviewed response policy permits a specific, relevant question about the affected feature, device, app version or exact error. Never repeat information already supplied or ask for private account details. A question is not a resolution.",,,,,,
b4_055,agent,t_466824,please spotify...im dying......but thank you <url>,can you put Miss You already thank you I'm dying,@user Hey! We’ll have it available to you as soon as it’s available to us: <url>,,,,,,
b4_055,agent,t_356969,please spotify...im dying......but thank you <url>,please please please please get rid of the 3k offline download limit my plants are dying,"@user Hi Claudia, we hear you! We’d love to see your vote, and hear your feedback on this idea: <url>",,,,,,
b4_055,agent,t_562458,please spotify...im dying......but thank you <url>,please fix the .dll redirection issue in ur latest Windows release the community thread's exploding and I am dying,@user Hey there! Could you tell us what's happening exactly? Keep us posted,,,,,,
b4_055,agent,t_1843947,please spotify...im dying......but thank you <url>,"we are all dying to have the entire reputation album already please, save our lives","@user Hey Marta! Don't worry, we’ll have it available to you as soon as it’s available to us. For now, check out the singles: <url>",,,,,,
b4_055,agent,t_1106817,please spotify...im dying......but thank you <url>,I am dying .. now what do I do ?? 😭😭 <url>,"@user Hi there. Don't worry, help's here. Can you tell us what's going on exactly?",,,,,,
b4_055,agent,t_2317029,please spotify...im dying......but thank you <url>,can you put wrapped around your finger and if you don't know on spotify in america i'm dying,@user Hi there! We’ll have it available to you as soon as it’s available to us. More info here: <url>,,,,,,
b4_055,quality,current:contact,please spotify...im dying......but thank you <url>,Need official human support,Spotify's contact page offers messaging with customer support. The assistant cannot contact staff or access accounts.,,,,,,
b4_055,balanced,current:contact,please spotify...im dying......but thank you <url>,Need official human support,Spotify's contact page offers messaging with customer support. The assistant cannot contact staff or access accounts.,,,,,,
b4_056,quality,t_1980702,It's ridiculous that I cannot see who follows my original playlists. Can you explain why this feature isn't available?,why can't I see who follows my playlists that's legit all I want,@user Hey! Viewing playlist followers isn't available yet. Be sure to add your support to the idea in our Community: <url>,,,,,,
b4_056,quality,t_2513104,It's ridiculous that I cannot see who follows my original playlists. Can you explain why this feature isn't available?,Lmaoo please explain further ??? <url>,@user Hey! The Stranger Things Mode is in partnership with Netflix to promote the latest season of Stranger Things. It's a cool feature available for users who stream from the official playlists of the series. You can try it out to see for yourself,,,,,,
b4_056,quality,t_2297271,It's ridiculous that I cannot see who follows my original playlists. Can you explain why this feature isn't available?,there will be possible in future to see who is following my playlists?,"@user Hi there! It's currently not possible to view who's following your playlists, but we'll pass your feedback on to the right folks 😉",,,,,,
b4_056,quality,t_2820832,It's ridiculous that I cannot see who follows my original playlists. Can you explain why this feature isn't available?,Honestly confused why doesn’t show who follows playlists... let me see my fans!!,"@user Hi there! We're afraid it's not possible to view who follows your playlists, but we can see how that’d be useful. You can vote for the official idea here: <url>. Hope this clears everything up",,,,,,
b4_056,quality,t_2202376,It's ridiculous that I cannot see who follows my original playlists. Can you explain why this feature isn't available?,I need to see who is following my playlists so I can see who is *not* following my playlists u feel me?,"@user Hey there! We don't have any info on this right now, but we'll let the right team know it's something you'd like to see",,,,,,
b4_056,quality,t_2218877,It's ridiculous that I cannot see who follows my original playlists. Can you explain why this feature isn't available?,"Dear pls let me see who follows my playlists, I can't handle this stress of not knowing","@user Hey! This option isn't available at the moment, but you can add your support to the idea in our Community: <url>",,,,,,
b4_056,quality,current:contact,It's ridiculous that I cannot see who follows my original playlists. Can you explain why this feature isn't available?,Need official human support,Spotify's contact page offers messaging with customer support. The assistant cannot contact staff or access accounts.,,,,,,
b4_056,quality,current:playback,It's ridiculous that I cannot see who follows my original playlists. Can you explain why this feature isn't available?,Technical trouble playing Spotify,"For playback or app technical problems, restart or update the app. Reinstalling requires downloading offline music and podcasts again. These steps do not answer playlist editing, catalog, billing or feature questions.",,,,,,
b4_056,quality,policy:clarification,It's ridiculous that I cannot see who follows my original playlists. Can you explain why this feature isn't available?,Missing diagnostic context,"Cadence's reviewed response policy permits a specific, relevant question about the affected feature, device, app version or exact error. Never repeat information already supplied or ask for private account details. A question is not a resolution.",,,,,,
b4_056,balanced,t_1980702,It's ridiculous that I cannot see who follows my original playlists. Can you explain why this feature isn't available?,why can't I see who follows my playlists that's legit all I want,@user Hey! Viewing playlist followers isn't available yet. Be sure to add your support to the idea in our Community: <url>,,,,,,
b4_056,balanced,t_2513104,It's ridiculous that I cannot see who follows my original playlists. Can you explain why this feature isn't available?,Lmaoo please explain further ??? <url>,@user Hey! The Stranger Things Mode is in partnership with Netflix to promote the latest season of Stranger Things. It's a cool feature available for users who stream from the official playlists of the series. You can try it out to see for yourself,,,,,,
b4_056,balanced,t_2297271,It's ridiculous that I cannot see who follows my original playlists. Can you explain why this feature isn't available?,there will be possible in future to see who is following my playlists?,"@user Hi there! It's currently not possible to view who's following your playlists, but we'll pass your feedback on to the right folks 😉",,,,,,
b4_056,balanced,t_2820832,It's ridiculous that I cannot see who follows my original playlists. Can you explain why this feature isn't available?,Honestly confused why doesn’t show who follows playlists... let me see my fans!!,"@user Hi there! We're afraid it's not possible to view who follows your playlists, but we can see how that’d be useful. You can vote for the official idea here: <url>. Hope this clears everything up",,,,,,
b4_056,balanced,t_2202376,It's ridiculous that I cannot see who follows my original playlists. Can you explain why this feature isn't available?,I need to see who is following my playlists so I can see who is *not* following my playlists u feel me?,"@user Hey there! We don't have any info on this right now, but we'll let the right team know it's something you'd like to see",,,,,,
b4_056,balanced,t_2218877,It's ridiculous that I cannot see who follows my original playlists. Can you explain why this feature isn't available?,"Dear pls let me see who follows my playlists, I can't handle this stress of not knowing","@user Hey! This option isn't available at the moment, but you can add your support to the idea in our Community: <url>",,,,,,
b4_056,balanced,current:family,It's ridiculous that I cannot see who follows my original playlists. Can you explain why this feature isn't available?,"Official Spotify guidance, checked 2026-09-17",Premium Family is for family members living together. Members must live with the plan manager and use the same home address. This general rule does not establish a temporary-absence exception or eligibility of an individual account.,,,,,,
b4_056,balanced,current:wrapped,It's ridiculous that I cannot see who follows my original playlists. Can you explain why this feature isn't available?,"Official Spotify guidance, checked 2026-09-17",Wrapped is Spotify's annual listening summary and includes personalized playlists. Some features have eligibility requirements. The support page links official updates; it does not establish a release date for an upcoming edition.,,,,,,
b4_056,balanced,current:profile,It's ridiculous that I cannot see who follows my original playlists. Can you explain why this feature isn't available?,"Official Spotify guidance, checked 2026-09-17","A display name replaces the username on profiles, apps and playlists, but cannot be used to log in. Mobile: profile picture, View profile, EDIT, change name, Save.",,,,,,
b4_056,balanced,current:ideas,It's ridiculous that I cannot see who follows my original playlists. Can you explain why this feature isn't available?,"Official Spotify guidance, checked 2026-09-17","Customers can search the Community Ideas board, vote for an existing idea or submit a new idea after logging in. No particular idea, feature release or staff action is confirmed.",,,,,,
b4_056,balanced,current:catalog,It's ridiculous that I cannot see who follows my original playlists. Can you explain why this feature isn't available?,"Official Spotify guidance, checked 2026-09-17","Catalog availability varies over time and by country according to rights-holder permissions. No availability, removal cause or return date for a specific release is established.",,,,,,
b4_056,balanced,current:student,It's ridiculous that I cannot see who follows my original playlists. Can you explain why this feature isn't available?,"Official Spotify guidance, checked 2026-09-17","SheerID handles student verification. Try a private browser window to avoid autofill problems. If verification still fails, use the SheerID help route on this official page. Spotify cannot resolve SheerID verification issues.",,,,,,
b4_056,balanced,current:shuffle,It's ridiculous that I cannot see who follows my original playlists. Can you explain why this feature isn't available?,"Official Spotify guidance, checked 2026-09-17","Smart Shuffle mixes recommendations into playback. It is always active on free mobile. Premium mobile users can disable Include Smart Shuffle in play modes under Settings and privacy, Playback. Premium shuffle also offers a Fewer repeats style; it reduces, not eliminates, repeats.",,,,,,
b4_056,balanced,current:autoplay,It's ridiculous that I cannot see who follows my original playlists. Can you explain why this feature isn't available?,"Official Spotify guidance, checked 2026-09-17","Autoplay plays similar tracks after an album, playlist or selection ends. It can be disabled in settings: Playback, Autoplay on mobile; Autoplay in desktop settings. It does not explain extra tracks interspersed within a playlist.",,,,,,
b4_056,balanced,current:explicit,It's ridiculous that I cannot see who follows my original playlists. Can you explain why this feature isn't available?,"Official Spotify guidance, checked 2026-09-17",Explicit releases have E or EXPLICIT tags supplied by rights holders. Search for different versions; some explicit releases have no clean version. This does not prove an uncensored version of a given track exists.,,,,,,
b4_056,balanced,current:library,It's ridiculous that I cannot see who follows my original playlists. Can you explain why this feature isn't available?,"Official Spotify guidance, checked 2026-09-17","For music missing from Your Library, check filters on mobile and search to find and save it. A different account may explain missing saved content, but must not be asserted without evidence.",,,,,,
b4_056,balanced,current:contact,It's ridiculous that I cannot see who follows my original playlists. Can you explain why this feature isn't available?,Need official human support,Spotify's contact page offers messaging with customer support. The assistant cannot contact staff or access accounts.,,,,,,
b4_056,balanced,current:playback,It's ridiculous that I cannot see who follows my original playlists. Can you explain why this feature isn't available?,Technical trouble playing Spotify,"For playback or app technical problems, restart or update the app. Reinstalling requires downloading offline music and podcasts again. These steps do not answer playlist editing, catalog, billing or feature questions.",,,,,,
b4_056,balanced,policy:clarification,It's ridiculous that I cannot see who follows my original playlists. Can you explain why this feature isn't available?,Missing diagnostic context,"Cadence's reviewed response policy permits a specific, relevant question about the affected feature, device, app version or exact error. Never repeat information already supplied or ask for private account details. A question is not a resolution.",,,,,,
b4_056,balanced,policy:social,It's ridiculous that I cannot see who follows my original playlists. Can you explain why this feature isn't available?,Cadence conversational policy,A brief friendly acknowledgment of thanks or excitement is allowed without inventing facts or claiming an action. It is not a support resolution.,,,,,,
b4_056,agent,t_1980702,It's ridiculous that I cannot see who follows my original playlists. Can you explain why this feature isn't available?,why can't I see who follows my playlists that's legit all I want,@user Hey! Viewing playlist followers isn't available yet. Be sure to add your support to the idea in our Community: <url>,,,,,,
b4_056,agent,t_2513104,It's ridiculous that I cannot see who follows my original playlists. Can you explain why this feature isn't available?,Lmaoo please explain further ??? <url>,@user Hey! The Stranger Things Mode is in partnership with Netflix to promote the latest season of Stranger Things. It's a cool feature available for users who stream from the official playlists of the series. You can try it out to see for yourself,,,,,,
b4_056,agent,t_2297271,It's ridiculous that I cannot see who follows my original playlists. Can you explain why this feature isn't available?,there will be possible in future to see who is following my playlists?,"@user Hi there! It's currently not possible to view who's following your playlists, but we'll pass your feedback on to the right folks 😉",,,,,,
b4_056,agent,t_2820832,It's ridiculous that I cannot see who follows my original playlists. Can you explain why this feature isn't available?,Honestly confused why doesn’t show who follows playlists... let me see my fans!!,"@user Hi there! We're afraid it's not possible to view who follows your playlists, but we can see how that’d be useful. You can vote for the official idea here: <url>. Hope this clears everything up",,,,,,
b4_056,agent,t_2202376,It's ridiculous that I cannot see who follows my original playlists. Can you explain why this feature isn't available?,I need to see who is following my playlists so I can see who is *not* following my playlists u feel me?,"@user Hey there! We don't have any info on this right now, but we'll let the right team know it's something you'd like to see",,,,,,
b4_056,agent,t_2218877,It's ridiculous that I cannot see who follows my original playlists. Can you explain why this feature isn't available?,"Dear pls let me see who follows my playlists, I can't handle this stress of not knowing","@user Hey! This option isn't available at the moment, but you can add your support to the idea in our Community: <url>",,,,,,
b4_057,balanced,current:contact,I woke up and now my Spotify is signed out and I can't sign in. Keep getting 'error 404'. Please help. Very frustrating,Need official human support,Spotify's contact page offers messaging with customer support. The assistant cannot contact staff or access accounts.,,,,,,
b4_057,agent,t_2866592,I woke up and now my Spotify is signed out and I can't sign in. Keep getting 'error 404'. Please help. Very frustrating,"I can't sign up for spotify, I keep getting an ""oops"" error. :(","@user Hey there! We're here to help. Just to check, what country are you currently in?",,,,,,
b4_057,agent,t_1865819,I woke up and now my Spotify is signed out and I can't sign in. Keep getting 'error 404'. Please help. Very frustrating,I am not able to sign up.,"@user Hey there! Are you getting any error messages when signing up for Spotify? Also, what country are you signing up from? Keep us posted",,,,,,
b4_057,agent,t_1841652,I woke up and now my Spotify is signed out and I can't sign in. Keep getting 'error 404'. Please help. Very frustrating,i’m Trying To Make A Spotify Account & It Just Keep Loading. Can Y’all Please Help?,"@user Hey there! Just to check, are you getting any error messages when signing up for a Spotify account? If so, a screenshot would be handy",,,,,,
b4_057,agent,t_534627,I woke up and now my Spotify is signed out and I can't sign in. Keep getting 'error 404'. Please help. Very frustrating,. I am getting error code: 404 when I try to sign in to any app.,"@user Hi Ryan! Help's here. Can you DM us your account's username or email address, along with a screenshot of the error message you're getting? We'll check things backstage <url>",,,,,,
b4_057,agent,t_2789421,I woke up and now my Spotify is signed out and I can't sign in. Keep getting 'error 404'. Please help. Very frustrating,"can't sign up, keep getting error. Need to access the web API for some urgent work. Please help!","@user Hi there! Could you DM us the email address you're using to sign up? A screenshot of any error messages, along with the country you're currently in, would also help. We'll check backstage <url>",,,,,,
b4_057,agent,t_1750793,I woke up and now my Spotify is signed out and I can't sign in. Keep getting 'error 404'. Please help. Very frustrating,why is it impossible for me to sign up to your website??,"@user Hey there! Are you getting any errors when trying to sign in? Also, any screenshots of what's happening would help. Keep us posted",,,,,,
b4_057,quality,current:contact,I woke up and now my Spotify is signed out and I can't sign in. Keep getting 'error 404'. Please help. Very frustrating,Need official human support,Spotify's contact page offers messaging with customer support. The assistant cannot contact staff or access accounts.,,,,,,
b4_058,agent,t_2953015,Website not working today? -- Trying to download the client... :( <url>,"hi, how can I download the artwork with the Spotify code from my phone? I could do it using the website <url> before, but it's not working anymore, now only downloads de code.","@user Hi Ben, help's here! Does using a different browser help? You might also want to try using an incognito window. Let us know",,,,,,
b4_058,agent,t_2917857,Website not working today? -- Trying to download the client... :( <url>,"Spotify works with the Bose client but since half an hour not with your own client (iPhone, latest iOS).","@user Hey, thanks for the report! We had a little hiccup earlier, but everything should be running just fine now",,,,,,
b4_058,agent,t_1490389,Website not working today? -- Trying to download the client... :( <url>,"Why can't I hear any of Daft Punk's songs on Win10 desktop client, but it works on linux client, web client and phone?",@user Hey there! Can you tell us more about what's happening? What Spotify version are you using?,,,,,,
b4_058,agent,t_373039,Website not working today? -- Trying to download the client... :( <url>,I wish I could get the full Spotify client to work on raspberry pi. Please release a working client!,"@user Hey there! We don't have any info on this right now, but we'll let the right team know it's something you'd like to see",,,,,,
b4_058,agent,t_2960658,Website not working today? -- Trying to download the client... :( <url>,"Something's not quite right with your website today... It's ""all mixed up"".",@user Hey Sam! Our best tech folks are on the case as we speak. We'd recommend giving it another go in an hour 🙂,,,,,,
b4_058,agent,t_1000263,Website not working today? -- Trying to download the client... :( <url>,"Hi, Spotify client on Windows 7 still report that there is no connection (error 4) but my connection is working for other apps",@user Hey Laurent! Best thing to try here is a reinstall. Just follow the steps at <url>. Let us know how it goes,,,,,,
b4_058,quality,current:contact,Website not working today? -- Trying to download the client... :( <url>,Need official human support,Spotify's contact page offers messaging with customer support. The assistant cannot contact staff or access accounts.,,,,,,
b4_058,balanced,current:contact,Website not working today? -- Trying to download the client... :( <url>,Need official human support,Spotify's contact page offers messaging with customer support. The assistant cannot contact staff or access accounts.,,,,,,
b4_059,quality,t_2504234,I can' t listen any track/album of rock band Queen. This happens in all my iOS devices (last Spotify versions). Some issues?,how come you don’t have any albums from the rock band Tool available.,"@user We’d love to have all of their stuff available, but we have some info about content here: <url>",,,,,,
b4_059,quality,t_5017,I can' t listen any track/album of rock band Queen. This happens in all my iOS devices (last Spotify versions). Some issues?,The buttons on my headphones don’t pause my music anymore. Is this a Spotify or an iOS 11 issue?,@user Hey Collin! Can you let us know the device and Spotify version you're rocking? We'll see what we can suggest,,,,,,
b4_059,quality,t_1311652,I can' t listen any track/album of rock band Queen. This happens in all my iOS devices (last Spotify versions). Some issues?,Okay for some reason Spotify won't let me listen to the album. Really #meaningoflife <url>,"@user Hey! Help's here. What device, operating system, and Spotify version are you rocking? We'll see what we can suggest",,,,,,
b4_059,quality,t_1814357,I can' t listen any track/album of rock band Queen. This happens in all my iOS devices (last Spotify versions). Some issues?,Am I the only one that can’t listen to the Imagine Dragons album on Spotify?,"@user Hey, help's here! Do you see any specific error messages when this happens? Also, what devices does this issue occur on? Keep us posted",,,,,,
b4_059,quality,t_2511889,I can' t listen any track/album of rock band Queen. This happens in all my iOS devices (last Spotify versions). Some issues?,"what the fuck i was just listening to the exordium live album and all of a sudden miley cyrus’ wrecking ball came on, i just-","@user Hey there! Can you let us know the device, operating system, and Spotify version you're on? Are you rocking Free or Premium?",,,,,,
b4_059,quality,t_2198217,I can' t listen any track/album of rock band Queen. This happens in all my iOS devices (last Spotify versions). Some issues?,PLEASE STOP I just want to listen to some Queen <url>,@user Hey! What's happening exactly? Let us know and we'll see how we can help,,,,,,
b4_059,quality,current:contact,I can' t listen any track/album of rock band Queen. This happens in all my iOS devices (last Spotify versions). Some issues?,Need official human support,Spotify's contact page offers messaging with customer support. The assistant cannot contact staff or access accounts.,,,,,,
b4_059,quality,current:playback,I can' t listen any track/album of rock band Queen. This happens in all my iOS devices (last Spotify versions). Some issues?,Technical trouble playing Spotify,"For playback or app technical problems, restart or update the app. Reinstalling requires downloading offline music and podcasts again. These steps do not answer playlist editing, catalog, billing or feature questions.",,,,,,
b4_059,quality,policy:clarification,I can' t listen any track/album of rock band Queen. This happens in all my iOS devices (last Spotify versions). Some issues?,Missing diagnostic context,"Cadence's reviewed response policy permits a specific, relevant question about the affected feature, device, app version or exact error. Never repeat information already supplied or ask for private account details. A question is not a resolution.",,,,,,
b4_059,balanced,t_2504234,I can' t listen any track/album of rock band Queen. This happens in all my iOS devices (last Spotify versions). Some issues?,how come you don’t have any albums from the rock band Tool available.,"@user We’d love to have all of their stuff available, but we have some info about content here: <url>",,,,,,
b4_059,balanced,t_5017,I can' t listen any track/album of rock band Queen. This happens in all my iOS devices (last Spotify versions). Some issues?,The buttons on my headphones don’t pause my music anymore. Is this a Spotify or an iOS 11 issue?,@user Hey Collin! Can you let us know the device and Spotify version you're rocking? We'll see what we can suggest,,,,,,
b4_059,balanced,t_1311652,I can' t listen any track/album of rock band Queen. This happens in all my iOS devices (last Spotify versions). Some issues?,Okay for some reason Spotify won't let me listen to the album. Really #meaningoflife <url>,"@user Hey! Help's here. What device, operating system, and Spotify version are you rocking? We'll see what we can suggest",,,,,,
b4_059,balanced,t_1814357,I can' t listen any track/album of rock band Queen. This happens in all my iOS devices (last Spotify versions). Some issues?,Am I the only one that can’t listen to the Imagine Dragons album on Spotify?,"@user Hey, help's here! Do you see any specific error messages when this happens? Also, what devices does this issue occur on? Keep us posted",,,,,,
b4_059,balanced,t_2511889,I can' t listen any track/album of rock band Queen. This happens in all my iOS devices (last Spotify versions). Some issues?,"what the fuck i was just listening to the exordium live album and all of a sudden miley cyrus’ wrecking ball came on, i just-","@user Hey there! Can you let us know the device, operating system, and Spotify version you're on? Are you rocking Free or Premium?",,,,,,
b4_059,balanced,t_2198217,I can' t listen any track/album of rock band Queen. This happens in all my iOS devices (last Spotify versions). Some issues?,PLEASE STOP I just want to listen to some Queen <url>,@user Hey! What's happening exactly? Let us know and we'll see how we can help,,,,,,
b4_059,balanced,current:family,I can' t listen any track/album of rock band Queen. This happens in all my iOS devices (last Spotify versions). Some issues?,"Official Spotify guidance, checked 2026-09-17",Premium Family is for family members living together. Members must live with the plan manager and use the same home address. This general rule does not establish a temporary-absence exception or eligibility of an individual account.,,,,,,
b4_059,balanced,current:wrapped,I can' t listen any track/album of rock band Queen. This happens in all my iOS devices (last Spotify versions). Some issues?,"Official Spotify guidance, checked 2026-09-17",Wrapped is Spotify's annual listening summary and includes personalized playlists. Some features have eligibility requirements. The support page links official updates; it does not establish a release date for an upcoming edition.,,,,,,
b4_059,balanced,current:profile,I can' t listen any track/album of rock band Queen. This happens in all my iOS devices (last Spotify versions). Some issues?,"Official Spotify guidance, checked 2026-09-17","A display name replaces the username on profiles, apps and playlists, but cannot be used to log in. Mobile: profile picture, View profile, EDIT, change name, Save.",,,,,,
b4_059,balanced,current:ideas,I can' t listen any track/album of rock band Queen. This happens in all my iOS devices (last Spotify versions). Some issues?,"Official Spotify guidance, checked 2026-09-17","Customers can search the Community Ideas board, vote for an existing idea or submit a new idea after logging in. No particular idea, feature release or staff action is confirmed.",,,,,,
b4_059,balanced,current:catalog,I can' t listen any track/album of rock band Queen. This happens in all my iOS devices (last Spotify versions). Some issues?,"Official Spotify guidance, checked 2026-09-17","Catalog availability varies over time and by country according to rights-holder permissions. No availability, removal cause or return date for a specific release is established.",,,,,,
b4_059,balanced,current:student,I can' t listen any track/album of rock band Queen. This happens in all my iOS devices (last Spotify versions). Some issues?,"Official Spotify guidance, checked 2026-09-17","SheerID handles student verification. Try a private browser window to avoid autofill problems. If verification still fails, use the SheerID help route on this official page. Spotify cannot resolve SheerID verification issues.",,,,,,
b4_059,balanced,current:shuffle,I can' t listen any track/album of rock band Queen. This happens in all my iOS devices (last Spotify versions). Some issues?,"Official Spotify guidance, checked 2026-09-17","Smart Shuffle mixes recommendations into playback. It is always active on free mobile. Premium mobile users can disable Include Smart Shuffle in play modes under Settings and privacy, Playback. Premium shuffle also offers a Fewer repeats style; it reduces, not eliminates, repeats.",,,,,,
b4_059,balanced,current:autoplay,I can' t listen any track/album of rock band Queen. This happens in all my iOS devices (last Spotify versions). Some issues?,"Official Spotify guidance, checked 2026-09-17","Autoplay plays similar tracks after an album, playlist or selection ends. It can be disabled in settings: Playback, Autoplay on mobile; Autoplay in desktop settings. It does not explain extra tracks interspersed within a playlist.",,,,,,
b4_059,balanced,current:explicit,I can' t listen any track/album of rock band Queen. This happens in all my iOS devices (last Spotify versions). Some issues?,"Official Spotify guidance, checked 2026-09-17",Explicit releases have E or EXPLICIT tags supplied by rights holders. Search for different versions; some explicit releases have no clean version. This does not prove an uncensored version of a given track exists.,,,,,,
b4_059,balanced,current:library,I can' t listen any track/album of rock band Queen. This happens in all my iOS devices (last Spotify versions). Some issues?,"Official Spotify guidance, checked 2026-09-17","For music missing from Your Library, check filters on mobile and search to find and save it. A different account may explain missing saved content, but must not be asserted without evidence.",,,,,,
b4_059,balanced,current:contact,I can' t listen any track/album of rock band Queen. This happens in all my iOS devices (last Spotify versions). Some issues?,Need official human support,Spotify's contact page offers messaging with customer support. The assistant cannot contact staff or access accounts.,,,,,,
b4_059,balanced,current:playback,I can' t listen any track/album of rock band Queen. This happens in all my iOS devices (last Spotify versions). Some issues?,Technical trouble playing Spotify,"For playback or app technical problems, restart or update the app. Reinstalling requires downloading offline music and podcasts again. These steps do not answer playlist editing, catalog, billing or feature questions.",,,,,,
b4_059,balanced,policy:clarification,I can' t listen any track/album of rock band Queen. This happens in all my iOS devices (last Spotify versions). Some issues?,Missing diagnostic context,"Cadence's reviewed response policy permits a specific, relevant question about the affected feature, device, app version or exact error. Never repeat information already supplied or ask for private account details. A question is not a resolution.",,,,,,
b4_059,balanced,policy:social,I can' t listen any track/album of rock band Queen. This happens in all my iOS devices (last Spotify versions). Some issues?,Cadence conversational policy,A brief friendly acknowledgment of thanks or excitement is allowed without inventing facts or claiming an action. It is not a support resolution.,,,,,,
b4_059,agent,t_2504234,I can' t listen any track/album of rock band Queen. This happens in all my iOS devices (last Spotify versions). Some issues?,how come you don’t have any albums from the rock band Tool available.,"@user We’d love to have all of their stuff available, but we have some info about content here: <url>",,,,,,
b4_059,agent,t_5017,I can' t listen any track/album of rock band Queen. This happens in all my iOS devices (last Spotify versions). Some issues?,The buttons on my headphones don’t pause my music anymore. Is this a Spotify or an iOS 11 issue?,@user Hey Collin! Can you let us know the device and Spotify version you're rocking? We'll see what we can suggest,,,,,,
b4_059,agent,t_1311652,I can' t listen any track/album of rock band Queen. This happens in all my iOS devices (last Spotify versions). Some issues?,Okay for some reason Spotify won't let me listen to the album. Really #meaningoflife <url>,"@user Hey! Help's here. What device, operating system, and Spotify version are you rocking? We'll see what we can suggest",,,,,,
b4_059,agent,t_1814357,I can' t listen any track/album of rock band Queen. This happens in all my iOS devices (last Spotify versions). Some issues?,Am I the only one that can’t listen to the Imagine Dragons album on Spotify?,"@user Hey, help's here! Do you see any specific error messages when this happens? Also, what devices does this issue occur on? Keep us posted",,,,,,
b4_059,agent,t_2511889,I can' t listen any track/album of rock band Queen. This happens in all my iOS devices (last Spotify versions). Some issues?,"what the fuck i was just listening to the exordium live album and all of a sudden miley cyrus’ wrecking ball came on, i just-","@user Hey there! Can you let us know the device, operating system, and Spotify version you're on? Are you rocking Free or Premium?",,,,,,
b4_059,agent,t_2198217,I can' t listen any track/album of rock band Queen. This happens in all my iOS devices (last Spotify versions). Some issues?,PLEASE STOP I just want to listen to some Queen <url>,@user Hey! What's happening exactly? Let us know and we'll see how we can help,,,,,,
b4_060,balanced,current:contact,"Hi , after subscribing for a month, why am I not getting a 30 day free trial as I supposed to get because",Need official human support,Spotify's contact page offers messaging with customer support. The assistant cannot contact staff or access accounts.,,,,,,
b4_060,agent,t_1098955,"Hi , after subscribing for a month, why am I not getting a 30 day free trial as I supposed to get because","hey, how do I upgrade my account from 7 day free trial to 30 day free trial?","@user Hi there! To sign up for the 30-day trial, just go to <url>. Hope that helps",,,,,,
b4_060,agent,t_1780674,"Hi , after subscribing for a month, why am I not getting a 30 day free trial as I supposed to get because","Just migrated from Groove Music and subscribed to Spotify, under 30-day free trial now. How do I avail of the 60-day trial?","@user 1: Hey! Just to make sure, are you a Groove Music Pass subscriber? If yes, you'll automatically get the 60-day trial once you've...",,,,,,
b4_060,agent,t_2484423,"Hi , after subscribing for a month, why am I not getting a 30 day free trial as I supposed to get because","hi team, keen to try premium with a view to getting premium family. Are you doing 30 day trials, please? (AKA save me from HMV this Christmas 😉🤣)","@user Hi there! If you've never had Premium before, you can get the 30-day trial at <url>. Hope this helps",,,,,,
b4_060,agent,t_2297995,"Hi , after subscribing for a month, why am I not getting a 30 day free trial as I supposed to get because","Hi, I would like to know if, in case of having a gift card of 3 months for example, can we still enjoy the free trial of 30 days ? Thanks",@user Hi Andy! The 30-day free trial are for customers who haven't experienced being on Premium before. Hope this clears things up,,,,,,
b4_060,agent,t_2066340,"Hi , after subscribing for a month, why am I not getting a 30 day free trial as I supposed to get because",I’m thinking about getting Spotify next month do i get a free trial with the family plan,"@user 1: Hey Danny! We're afraid that trial offers are not valid for Premium for Family plans, but we have the free trial period for the...",,,,,,
b4_060,agent,t_1483991,"Hi , after subscribing for a month, why am I not getting a 30 day free trial as I supposed to get because",i love spotify but spotify premium costs too much,"@user Hey! If you haven't had Premium before, you can get our 30-day free trial at <url>",,,,,,
b4_060,quality,current:contact,"Hi , after subscribing for a month, why am I not getting a 30 day free trial as I supposed to get because",Need official human support,Spotify's contact page offers messaging with customer support. The assistant cannot contact staff or access accounts.,,,,,,
b4_061,agent,t_2711037,why don't you work properly?,can you work with @user and find the reason why the equalizer on the Pixel 2 doesn't work properly with the app? @user works perfectly with the equalizer 😑,"@user We hear you 🎧 Rest assured, your feedback will be passed on to the right folks",,,,,,
b4_061,agent,t_1313134,why don't you work properly?,when is your app going to work properly with iOS 11 🤷🏻‍♂️ hasn’t been working properly since it came out 😩 <url>,"@user Hey Tom! What's happening exactly? Also, what's your device's exact make/model and Spotify version? We'll see what we can suggest",,,,,,
b4_061,agent,t_446893,why don't you work properly?,Why does the shuffle function in your iPhone app constantly NOT work properly?,@user Hey Derek! Can you let us know your iOS and Spotify versions? We'll see what we can suggest,,,,,,
b4_061,agent,t_450882,why don't you work properly?,Why is the search function not working properly. It is just spinning when I try to search for artists? It is very annoying. With gratitude for help.,@user Hey there! That's not cool. Does logging out > restarting the device > logging back in help? Keep us posted,,,,,,
b4_061,agent,t_1358976,why don't you work properly?,my app isn’t working properly.... ):,"@user Hey, that doesn't sound good! Can you let us know what's happening exactly? We'll see how we can help",,,,,,
b4_061,agent,t_2653199,why don't you work properly?,hey ! your app is working properly! <url>,"@user Hey, that's not cool! Which device, Android, and Spotify version are you using? We'll see what we can suggest",,,,,,
b4_061,quality,current:contact,why don't you work properly?,Need official human support,Spotify's contact page offers messaging with customer support. The assistant cannot contact staff or access accounts.,,,,,,
b4_061,balanced,current:contact,why don't you work properly?,Need official human support,Spotify's contact page offers messaging with customer support. The assistant cannot contact staff or access accounts.,,,,,,
b4_062,quality,current:contact,Spotify is ignoring my email address. Says there isn’t an account with that email but there is!,Need official human support,Spotify's contact page offers messaging with customer support. The assistant cannot contact staff or access accounts.,,,,,,
b4_062,balanced,current:contact,Spotify is ignoring my email address. Says there isn’t an account with that email but there is!,Need official human support,Spotify's contact page offers messaging with customer support. The assistant cannot contact staff or access accounts.,,,,,,
b4_062,agent,t_921009,Spotify is ignoring my email address. Says there isn’t an account with that email but there is!,"Hey @user this appears on my lock screen but isn’t the current song playing, I love @user but he isn’t all I listen to. <url>","@user Hey there! Can you DM us your account's email address or username? Also, what iOS and Spotify versions are you using? <url>",,,,,,
b4_062,agent,t_2321314,Spotify is ignoring my email address. Says there isn’t an account with that email but there is!,music isn’t playing on the web player on any browser or my Spotify for windows app. Says no internet but that isn’t true!??,"@user Hi Lauren, help's here! Can you let us know the devices, browsers, and Spotify version you're using? We'll see what we can suggest",,,,,,
b4_062,agent,t_1293210,Spotify is ignoring my email address. Says there isn’t an account with that email but there is!,"hi, Spotify isn’t set on offline but every time I’m not on WiFi it says “Spotify is offline” but my data is activate","@user Hey Camille, that doesn't sound right. What device, operating system, and version of Spotify is this happening on? We'll lend a hand",,,,,,
b4_062,agent,t_2614441,Spotify is ignoring my email address. Says there isn’t an account with that email but there is!,"can you please help me, I want to cancel my subscription but I can’t remember my username and my account isn’t linked to my email or Facebook. 😥😥 I’ve forgotten t login details","@user Hi, help's here! Can you DM us any possible usernames or email addresses you may have used to sign up for Spotify? We'll check backstage <url>",,,,,,
b4_062,agent,t_1162353,Spotify is ignoring my email address. Says there isn’t an account with that email but there is!,Why isn’t #reputation on ???? 😭😭😭😭😭😭,"@user Hey! Fingers crossed we'll be able to have it soon, but there's info about Spotify content here: <url>",,,,,,
b4_062,agent,t_2982087,Spotify is ignoring my email address. Says there isn’t an account with that email but there is!,. why isn’t @user christmas album on spotify??? #Santaclauselane,"@user Hey there! Fingers crossed we'll be able to have it soon, but there's info about Spotify content here: <url>",,,,,,
b4_063,balanced,current:contact,What happened here? I can’t listen to that Song. <url>,Need official human support,Spotify's contact page offers messaging with customer support. The assistant cannot contact staff or access accounts.,,,,,,
b4_063,agent,t_971354,What happened here? I can’t listen to that Song. <url>,Hey I can’t listen this song💔💔😢😢😢 @user what happen? <url>,"@user Hi Josue! That doesn't sound good. What Spotify version are you using? Is this happening to a specific song, album, or artist only?",,,,,,
b4_063,agent,t_1739270,What happened here? I can’t listen to that Song. <url>,Explain . Why when I'm listening to a playlist songs not on the playlist play? Sometimes songs that are nothing like what's on it!,@user Hi Craig! We're here to help. Is this happening between songs or after listening to your playlist?,,,,,,
b4_063,agent,t_1480219,What happened here? I can’t listen to that Song. <url>,i literally listened to this song ONCE EVER and now iOS 11 refuses to let me forget about it <url>,"@user Hi Sheena, help's here. Can you let us know what exactly is happening here? We'll see what we can suggest",,,,,,
b4_063,agent,t_2364818,What happened here? I can’t listen to that Song. <url>,is there a way to block explicit songs from random playlists. I can’t listen to these at work.,"@user Hey there, we hear you! To help make it happen, we’d recommend showing your support for the idea here: <url>",,,,,,
b4_063,agent,t_2076376,What happened here? I can’t listen to that Song. <url>,LEMME LISTEN TO SOME FUCKING SONGS FFS,"@user Hey, help's here! Can you tell us what's happening exactly? Could you also fire over your account's email address? <url>",,,,,,
b4_063,agent,t_1269702,What happened here? I can’t listen to that Song. <url>,", why can’t I listen to Dua Lipa? I’m trying to get hyped for my next concert. Fix this or I’m switching to @user.","@user Hey Ricky, help's here! Just to confirm, are you unable to listen to any of their songs? What country is your account set to?",,,,,,
b4_063,quality,current:contact,What happened here? I can’t listen to that Song. <url>,Need official human support,Spotify's contact page offers messaging with customer support. The assistant cannot contact staff or access accounts.,,,,,,
b4_064,agent,t_1950462,Queue does not show added songs at all? What is going on?,"since a recent update I can't add multiple songs to the queue on android, and the app is also very slow.","@user Hey! Can you let us know which device, Android, and Spotify version you're using? Also, does logging out and back in help at all?",,,,,,
b4_064,agent,t_739916,Queue does not show added songs at all? What is going on?,Hey I guess yesterday on my work computer I set my account to play from queue but now on my phone I’m stuck there? Help?,@user Hey! Can you give us a bit more info on what's going on? Does logging out of all devices and back in help at all? Let us know,,,,,,
b4_064,agent,t_659566,Queue does not show added songs at all? What is going on?,I swear it's harder to queue music now. I end up usually accidentally playing the song instead of swiping to add it to queue :/,@user We hear you! Your feedback has been noted and passed onto the team 👊🏼,,,,,,
b4_064,agent,t_2234719,Queue does not show added songs at all? What is going on?,if you can add an album to a queue why not be able to add a playlist to a queue?,"@user Hey Ruben, we can see how that’d be useful! You can vote for the official idea here: <url>",,,,,,
b4_064,agent,t_557238,Queue does not show added songs at all? What is going on?,"Play Queue has a mind of its own. It shouldn’t matter what I added to queue three days ago; if I tap track 1 of an album now, I want to play it all, not just that track and then some unexpected thing from the queue!","@user Hi there. We're sorry you feel that way. Can you let us know what device, operating system, and Spotify version you're running?",,,,,,
b4_064,agent,t_769715,Queue does not show added songs at all? What is going on?,"make a ""i fucked up the queue by clicking a song i was trying to add to the queue go back to last song"" button PLEASE",@user Hey there! We can see how that’d be handy. Thanks for taking the time to reach out – your feedback's been noted 😉,,,,,,
b4_064,quality,t_1950462,Queue does not show added songs at all? What is going on?,"since a recent update I can't add multiple songs to the queue on android, and the app is also very slow.","@user Hey! Can you let us know which device, Android, and Spotify version you're using? Also, does logging out and back in help at all?",,,,,,
b4_064,quality,t_739916,Queue does not show added songs at all? What is going on?,Hey I guess yesterday on my work computer I set my account to play from queue but now on my phone I’m stuck there? Help?,@user Hey! Can you give us a bit more info on what's going on? Does logging out of all devices and back in help at all? Let us know,,,,,,
b4_064,quality,t_659566,Queue does not show added songs at all? What is going on?,I swear it's harder to queue music now. I end up usually accidentally playing the song instead of swiping to add it to queue :/,@user We hear you! Your feedback has been noted and passed onto the team 👊🏼,,,,,,
b4_064,quality,t_2234719,Queue does not show added songs at all? What is going on?,if you can add an album to a queue why not be able to add a playlist to a queue?,"@user Hey Ruben, we can see how that’d be useful! You can vote for the official idea here: <url>",,,,,,
b4_064,quality,t_557238,Queue does not show added songs at all? What is going on?,"Play Queue has a mind of its own. It shouldn’t matter what I added to queue three days ago; if I tap track 1 of an album now, I want to play it all, not just that track and then some unexpected thing from the queue!","@user Hi there. We're sorry you feel that way. Can you let us know what device, operating system, and Spotify version you're running?",,,,,,
b4_064,quality,t_769715,Queue does not show added songs at all? What is going on?,"make a ""i fucked up the queue by clicking a song i was trying to add to the queue go back to last song"" button PLEASE",@user Hey there! We can see how that’d be handy. Thanks for taking the time to reach out – your feedback's been noted 😉,,,,,,
b4_064,quality,current:contact,Queue does not show added songs at all? What is going on?,Need official human support,Spotify's contact page offers messaging with customer support. The assistant cannot contact staff or access accounts.,,,,,,
b4_064,quality,current:playback,Queue does not show added songs at all? What is going on?,Technical trouble playing Spotify,"For playback or app technical problems, restart or update the app. Reinstalling requires downloading offline music and podcasts again. These steps do not answer playlist editing, catalog, billing or feature questions.",,,,,,
b4_064,quality,policy:clarification,Queue does not show added songs at all? What is going on?,Missing diagnostic context,"Cadence's reviewed response policy permits a specific, relevant question about the affected feature, device, app version or exact error. Never repeat information already supplied or ask for private account details. A question is not a resolution.",,,,,,
b4_064,balanced,t_1950462,Queue does not show added songs at all? What is going on?,"since a recent update I can't add multiple songs to the queue on android, and the app is also very slow.","@user Hey! Can you let us know which device, Android, and Spotify version you're using? Also, does logging out and back in help at all?",,,,,,
b4_064,balanced,t_739916,Queue does not show added songs at all? What is going on?,Hey I guess yesterday on my work computer I set my account to play from queue but now on my phone I’m stuck there? Help?,@user Hey! Can you give us a bit more info on what's going on? Does logging out of all devices and back in help at all? Let us know,,,,,,
b4_064,balanced,t_659566,Queue does not show added songs at all? What is going on?,I swear it's harder to queue music now. I end up usually accidentally playing the song instead of swiping to add it to queue :/,@user We hear you! Your feedback has been noted and passed onto the team 👊🏼,,,,,,
b4_064,balanced,t_2234719,Queue does not show added songs at all? What is going on?,if you can add an album to a queue why not be able to add a playlist to a queue?,"@user Hey Ruben, we can see how that’d be useful! You can vote for the official idea here: <url>",,,,,,
b4_064,balanced,t_557238,Queue does not show added songs at all? What is going on?,"Play Queue has a mind of its own. It shouldn’t matter what I added to queue three days ago; if I tap track 1 of an album now, I want to play it all, not just that track and then some unexpected thing from the queue!","@user Hi there. We're sorry you feel that way. Can you let us know what device, operating system, and Spotify version you're running?",,,,,,
b4_064,balanced,t_769715,Queue does not show added songs at all? What is going on?,"make a ""i fucked up the queue by clicking a song i was trying to add to the queue go back to last song"" button PLEASE",@user Hey there! We can see how that’d be handy. Thanks for taking the time to reach out – your feedback's been noted 😉,,,,,,
b4_064,balanced,current:family,Queue does not show added songs at all? What is going on?,"Official Spotify guidance, checked 2026-09-17",Premium Family is for family members living together. Members must live with the plan manager and use the same home address. This general rule does not establish a temporary-absence exception or eligibility of an individual account.,,,,,,
b4_064,balanced,current:wrapped,Queue does not show added songs at all? What is going on?,"Official Spotify guidance, checked 2026-09-17",Wrapped is Spotify's annual listening summary and includes personalized playlists. Some features have eligibility requirements. The support page links official updates; it does not establish a release date for an upcoming edition.,,,,,,
b4_064,balanced,current:profile,Queue does not show added songs at all? What is going on?,"Official Spotify guidance, checked 2026-09-17","A display name replaces the username on profiles, apps and playlists, but cannot be used to log in. Mobile: profile picture, View profile, EDIT, change name, Save.",,,,,,
b4_064,balanced,current:ideas,Queue does not show added songs at all? What is going on?,"Official Spotify guidance, checked 2026-09-17","Customers can search the Community Ideas board, vote for an existing idea or submit a new idea after logging in. No particular idea, feature release or staff action is confirmed.",,,,,,
b4_064,balanced,current:catalog,Queue does not show added songs at all? What is going on?,"Official Spotify guidance, checked 2026-09-17","Catalog availability varies over time and by country according to rights-holder permissions. No availability, removal cause or return date for a specific release is established.",,,,,,
b4_064,balanced,current:student,Queue does not show added songs at all? What is going on?,"Official Spotify guidance, checked 2026-09-17","SheerID handles student verification. Try a private browser window to avoid autofill problems. If verification still fails, use the SheerID help route on this official page. Spotify cannot resolve SheerID verification issues.",,,,,,
b4_064,balanced,current:shuffle,Queue does not show added songs at all? What is going on?,"Official Spotify guidance, checked 2026-09-17","Smart Shuffle mixes recommendations into playback. It is always active on free mobile. Premium mobile users can disable Include Smart Shuffle in play modes under Settings and privacy, Playback. Premium shuffle also offers a Fewer repeats style; it reduces, not eliminates, repeats.",,,,,,
b4_064,balanced,current:autoplay,Queue does not show added songs at all? What is going on?,"Official Spotify guidance, checked 2026-09-17","Autoplay plays similar tracks after an album, playlist or selection ends. It can be disabled in settings: Playback, Autoplay on mobile; Autoplay in desktop settings. It does not explain extra tracks interspersed within a playlist.",,,,,,
b4_064,balanced,current:explicit,Queue does not show added songs at all? What is going on?,"Official Spotify guidance, checked 2026-09-17",Explicit releases have E or EXPLICIT tags supplied by rights holders. Search for different versions; some explicit releases have no clean version. This does not prove an uncensored version of a given track exists.,,,,,,
b4_064,balanced,current:library,Queue does not show added songs at all? What is going on?,"Official Spotify guidance, checked 2026-09-17","For music missing from Your Library, check filters on mobile and search to find and save it. A different account may explain missing saved content, but must not be asserted without evidence.",,,,,,
b4_064,balanced,current:contact,Queue does not show added songs at all? What is going on?,Need official human support,Spotify's contact page offers messaging with customer support. The assistant cannot contact staff or access accounts.,,,,,,
b4_064,balanced,current:playback,Queue does not show added songs at all? What is going on?,Technical trouble playing Spotify,"For playback or app technical problems, restart or update the app. Reinstalling requires downloading offline music and podcasts again. These steps do not answer playlist editing, catalog, billing or feature questions.",,,,,,
b4_064,balanced,policy:clarification,Queue does not show added songs at all? What is going on?,Missing diagnostic context,"Cadence's reviewed response policy permits a specific, relevant question about the affected feature, device, app version or exact error. Never repeat information already supplied or ask for private account details. A question is not a resolution.",,,,,,
b4_064,balanced,policy:social,Queue does not show added songs at all? What is going on?,Cadence conversational policy,A brief friendly acknowledgment of thanks or excitement is allowed without inventing facts or claiming an action. It is not a support resolution.,,,,,,
b4_065,quality,current:contact,Why doesn't the filter functionality work on my phone like it does on my laptop? I'll filter for an artist on a playlist and it'll filter the display but continue playing through the entire playlist - been like this for ages,Need official human support,Spotify's contact page offers messaging with customer support. The assistant cannot contact staff or access accounts.,,,,,,
b4_065,balanced,current:contact,Why doesn't the filter functionality work on my phone like it does on my laptop? I'll filter for an artist on a playlist and it'll filter the display but continue playing through the entire playlist - been like this for ages,Need official human support,Spotify's contact page offers messaging with customer support. The assistant cannot contact staff or access accounts.,,,,,,
b4_065,agent,t_774315,Why doesn't the filter functionality work on my phone like it does on my laptop? I'll filter for an artist on a playlist and it'll filter the display but continue playing through the entire playlist - been like this for ages,I can't play our church's album on the spotify in my laptop but it does play on my phone. what should I do? <url>,@user Hi there! Can you let us know your laptop's operating system and Spotify version? Does restarting help?,,,,,,
b4_065,agent,t_162242,Why doesn't the filter functionality work on my phone like it does on my laptop? I'll filter for an artist on a playlist and it'll filter the display but continue playing through the entire playlist - been like this for ages,I’ve noticed that shuffle hasn’t been working for me lately. It will start on a random song but then just continue through the playlist normally. Any reason?,"@user Hey Jarod, help's here! Does logging out > restarting the device > logging back in help? Keep us posted",,,,,,
b4_065,agent,t_2622847,Why doesn't the filter functionality work on my phone like it does on my laptop? I'll filter for an artist on a playlist and it'll filter the display but continue playing through the entire playlist - been like this for ages,why does my phone keep playing the same 20 or so songs repeatedly when my playlist has thousands 🤔,@user Hi there! That doesn't sound good. Is this issue happening while you're using Spotify connect? Keep us posted,,,,,,
b4_065,agent,t_258948,Why doesn't the filter functionality work on my phone like it does on my laptop? I'll filter for an artist on a playlist and it'll filter the display but continue playing through the entire playlist - been like this for ages,"Hey , does Spotify still scrobble to @user? Seems like it hasn't worked for me in ages.","@user Hey! What device, operating system, and Spotify version are you using? A screenshot of any error messages would be handy, too",,,,,,
b4_065,agent,t_1194215,Why doesn't the filter functionality work on my phone like it does on my laptop? I'll filter for an artist on a playlist and it'll filter the display but continue playing through the entire playlist - been like this for ages,restarting my phone doesn't work and when it stops playing I go back into the app and press play but this comes up... <url>,"@user 1: Thanks for the screenshot. Just to confirm, are you tapping the ""Shuffle Play"" button? We'd suggest going to your phone's...",,,,,,
b4_065,agent,t_1286617,Why doesn't the filter functionality work on my phone like it does on my laptop? I'll filter for an artist on a playlist and it'll filter the display but continue playing through the entire playlist - been like this for ages,Can your devs add functionality to filter playlists by genre & can your scientists blend the genres into a seamless playlist?!,@user Hey! We hear you 🎧 Rest assured your feedback will be passed on to the right folks,,,,,,
b4_066,balanced,current:contact,"Hey! My tracks are ""jumping""( cutting) on offline mode like it's on a CD or something . How come?",Need official human support,Spotify's contact page offers messaging with customer support. The assistant cannot contact staff or access accounts.,,,,,,
b4_066,agent,t_472543,"Hey! My tracks are ""jumping""( cutting) on offline mode like it's on a CD or something . How come?",Any idea why my spotify app on my phone keeps jumping like it's a scratched CD? 🤣🤣,"@user Hey Carl, that's a bit odd! Can you let us know the operating system and Spotify version you're rocking?",,,,,,
b4_066,agent,t_2122763,"Hey! My tracks are ""jumping""( cutting) on offline mode like it's on a CD or something . How come?","Now Spotify is jumping, like a scratched cd. This phone knows it's being replaced next week!","@user Hey Matt! Help's here. Can you send us the device, OS, and Spotify version you're using? We'll see what we can suggest",,,,,,
b4_066,agent,t_1767071,"Hey! My tracks are ""jumping""( cutting) on offline mode like it's on a CD or something . How come?",What's the song limit for offline mode?,"@user Hey there! Currently, there's a 3,333 track limit that you can sync offline. We have more info about this here: <url>",,,,,,
b4_066,agent,t_244632,"Hey! My tracks are ""jumping""( cutting) on offline mode like it's on a CD or something . How come?","songs are constantly jumping like a scratched CD, FAQs had no answer. Any help?","@user Hi Chloe! Just to check, is this happening with all songs or particular ones? Also, is it happening on one or more devices?",,,,,,
b4_066,agent,t_1089042,"Hey! My tracks are ""jumping""( cutting) on offline mode like it's on a CD or something . How come?","Hello, how come you don't develop an app for Apple Watch, so that premium members can listen to offline music from the watch?",@user Hey there! Check out the official idea and add your vote to convince our devs it's something to look into: <url>,,,,,,
b4_066,agent,t_2272752,"Hey! My tracks are ""jumping""( cutting) on offline mode like it's on a CD or something . How come?","looks like you updated the app recently and because mine was set to offline mode it wants me to set it to online but how to do it without loging on, oxymoron! <url> old problem, commonnfix it for your paying users!","@user Hey there, help's here! You can use offline mode for 30 days. After that, you need to go online to use the feature for another month",,,,,,
b4_066,quality,t_472543,"Hey! My tracks are ""jumping""( cutting) on offline mode like it's on a CD or something . How come?",Any idea why my spotify app on my phone keeps jumping like it's a scratched CD? 🤣🤣,"@user Hey Carl, that's a bit odd! Can you let us know the operating system and Spotify version you're rocking?",,,,,,
b4_066,quality,t_2122763,"Hey! My tracks are ""jumping""( cutting) on offline mode like it's on a CD or something . How come?","Now Spotify is jumping, like a scratched cd. This phone knows it's being replaced next week!","@user Hey Matt! Help's here. Can you send us the device, OS, and Spotify version you're using? We'll see what we can suggest",,,,,,
b4_066,quality,t_1767071,"Hey! My tracks are ""jumping""( cutting) on offline mode like it's on a CD or something . How come?",What's the song limit for offline mode?,"@user Hey there! Currently, there's a 3,333 track limit that you can sync offline. We have more info about this here: <url>",,,,,,
b4_066,quality,t_244632,"Hey! My tracks are ""jumping""( cutting) on offline mode like it's on a CD or something . How come?","songs are constantly jumping like a scratched CD, FAQs had no answer. Any help?","@user Hi Chloe! Just to check, is this happening with all songs or particular ones? Also, is it happening on one or more devices?",,,,,,
b4_066,quality,t_1089042,"Hey! My tracks are ""jumping""( cutting) on offline mode like it's on a CD or something . How come?","Hello, how come you don't develop an app for Apple Watch, so that premium members can listen to offline music from the watch?",@user Hey there! Check out the official idea and add your vote to convince our devs it's something to look into: <url>,,,,,,
b4_066,quality,t_2272752,"Hey! My tracks are ""jumping""( cutting) on offline mode like it's on a CD or something . How come?","looks like you updated the app recently and because mine was set to offline mode it wants me to set it to online but how to do it without loging on, oxymoron! <url> old problem, commonnfix it for your paying users!","@user Hey there, help's here! You can use offline mode for 30 days. After that, you need to go online to use the feature for another month",,,,,,
b4_066,quality,current:contact,"Hey! My tracks are ""jumping""( cutting) on offline mode like it's on a CD or something . How come?",Need official human support,Spotify's contact page offers messaging with customer support. The assistant cannot contact staff or access accounts.,,,,,,
b4_066,quality,current:playback,"Hey! My tracks are ""jumping""( cutting) on offline mode like it's on a CD or something . How come?",Technical trouble playing Spotify,"For playback or app technical problems, restart or update the app. Reinstalling requires downloading offline music and podcasts again. These steps do not answer playlist editing, catalog, billing or feature questions.",,,,,,
b4_066,quality,policy:clarification,"Hey! My tracks are ""jumping""( cutting) on offline mode like it's on a CD or something . How come?",Missing diagnostic context,"Cadence's reviewed response policy permits a specific, relevant question about the affected feature, device, app version or exact error. Never repeat information already supplied or ask for private account details. A question is not a resolution.",,,,,,
b4_067,agent,t_2118672,hey @user ... logged in but can't do much <url>,paying $15 a month and staring at this is much better than listening to music on my morning commute <url>,"@user Hey, that doesn't look good! Have you tried logging out > restarting your device > then logging back in? Let us know if that helps",,,,,,
b4_067,agent,t_2125267,hey @user ... logged in but can't do much <url>,"Please , fix your app for Windows Phone 10, you're amazing, your app blows. I have never spent this much time looking at a black screen","@user Hey Shaine, help's here! Does logging out > restarting the device > logging back in help? Keep us posted",,,,,,
b4_067,agent,t_525703,hey @user ... logged in but can't do much <url>,"dear could you PLEASE PLEASE add ""Independent"" by Uppermost to Spotify itself, thank you so much if you do that.","@user Hey there! Fingers crossed we'll be able to have it soon, but there's info about Spotify content here: <url>",,,,,,
b4_067,agent,t_2487420,hey @user ... logged in but can't do much <url>,Can my not do the eternal loading wheel on my desktop? Fuh.,"@user Hey Tawni, help's here! Does logging out > restarting the device > logging back in help? Keep us posted",,,,,,
b4_067,agent,t_832556,hey @user ... logged in but can't do much <url>,i love you so much but holy heck why do you have to update once a freakin day man,"@user Hey Elena, we love you too, and that doesn't sound right. Can you let us know what device and operating system you're using?",,,,,,
b4_067,agent,t_2653056,hey @user ... logged in but can't do much <url>,How do I unlink my account from devices I don’t use?,@user Hey Lauren! Do you mean you'd like to have your account logged out from devices you aren't using? You can try logging out of all devices by following the steps at <url>,,,,,,
b4_067,quality,current:contact,hey @user ... logged in but can't do much <url>,Need official human support,Spotify's contact page offers messaging with customer support. The assistant cannot contact staff or access accounts.,,,,,,
b4_067,balanced,current:contact,hey @user ... logged in but can't do much <url>,Need official human support,Spotify's contact page offers messaging with customer support. The assistant cannot contact staff or access accounts.,,,,,,
b4_068,quality,current:contact,The options under Connect aren't showing properly. Think it is because it is connected to my old phone. How do I switch it?,Need official human support,Spotify's contact page offers messaging with customer support. The assistant cannot contact staff or access accounts.,,,,,,
b4_068,balanced,current:contact,The options under Connect aren't showing properly. Think it is because it is connected to my old phone. How do I switch it?,Need official human support,Spotify's contact page offers messaging with customer support. The assistant cannot contact staff or access accounts.,,,,,,
b4_068,agent,t_1705028,The options under Connect aren't showing properly. Think it is because it is connected to my old phone. How do I switch it?,I've just got some Google Chromecast speakers. How do I remove my old Spotify Connect speaker? <url>,@user Hey Bobby! Have you tried the troubleshooting steps here: <url>? Keep us posted,,,,,,
b4_068,agent,t_1803355,The options under Connect aren't showing properly. Think it is because it is connected to my old phone. How do I switch it?,your ads are horrid. I switched back to pandora because they got so grating. Do you really think students talk that way?,"@user Hey, we didn't mean to cause any offense. We'll pass the feedback on to the right people",,,,,,
b4_068,agent,t_1261670,The options under Connect aren't showing properly. Think it is because it is connected to my old phone. How do I switch it?,do I need to open Spotify on my ps4 to connect my phone? Before the new update I was able to use my phone to connect instead,@user Hey! We suggest opening Spotify first so Connect can see your PlayStation 4 as a device. More info here: <url>,,,,,,
b4_068,agent,t_2477812,The options under Connect aren't showing properly. Think it is because it is connected to my old phone. How do I switch it?,"Ok yeah, I think it's most likely my internet because I'm not connected to the internet right now, im roaming. I will try connecting to a different network <url>","@user Sure thing! If anything comes up, you know where to find us. <url> 🙂",,,,,,
b4_068,agent,t_654566,The options under Connect aren't showing properly. Think it is because it is connected to my old phone. How do I switch it?,"hi, my ps4 isn't showing up as a device to connect to on my phone. help pls","@user Hi Alisha! What device, operating system, and Spotify version are you using Connect with? Are you connected to a public or your home WiFi network? We'll check this out",,,,,,
b4_068,agent,t_1984647,The options under Connect aren't showing properly. Think it is because it is connected to my old phone. How do I switch it?,How do I switch my Premium to a different account,@user Hey! The cavalry's here. Can you DM us both of your accounts' usernames or email addresses? We'll take a look under the hood <url>,,,,,,
b4_069,balanced,t_1873227,Heyy! I've been experiencing problems again lately with downloading music through my cellular data. Mond if you cab help me?,@user I've got download using cellular data off. However it still downloads music using my data. Please help.,"@user Hi! Help's here. Can you DM us your account's username or email address, along with your device, operating system, and app version? <url>",,,,,,
b4_069,balanced,t_1139900,Heyy! I've been experiencing problems again lately with downloading music through my cellular data. Mond if you cab help me?,You need to fix this shit . Data isn't free. Download over cellular is off and I've only streamed 15min in 48 hours. <url>,"@user Hi there! We hear you 🎧 Rest assured, your feedback will be passed on to the right folks",,,,,,
b4_069,balanced,t_2762194,Heyy! I've been experiencing problems again lately with downloading music through my cellular data. Mond if you cab help me?,my Spotify Android app has decided to ignore my don't download over cellular data setting and had started downloading music in the background. What gives?,@user Hey David! Which Android and Spotify version are you running? We'll see what we can suggest,,,,,,
b4_069,balanced,t_380825,Heyy! I've been experiencing problems again lately with downloading music through my cellular data. Mond if you cab help me?,Heyy i have songs downloaded for a long while then this happens can you explain <url>,@user Hi there! Check out the steps under “Downloads unexpectedly removed” at <url>. They should help with this,,,,,,
b4_069,balanced,t_112007,Heyy! I've been experiencing problems again lately with downloading music through my cellular data. Mond if you cab help me?,Is it just me or does erase your downloaded songs about once a month. I just blew through all my data AGAIN because of this bug. <url>,"@user Hi Eric, sorry to hear that! We'd suggest checking out the steps under “Downloads unexpectedly removed” at <url>. They should help with this",,,,,,
b4_069,balanced,t_683115,Heyy! I've been experiencing problems again lately with downloading music through my cellular data. Mond if you cab help me?,"I have ""Download using cellular"" turned off. Why did Spotify just download 4gb of songs using my cell data?","@user Hey! What device, operating system, and Spotify version are you using? We'll see what we can suggest",,,,,,
b4_069,balanced,current:family,Heyy! I've been experiencing problems again lately with downloading music through my cellular data. Mond if you cab help me?,"Official Spotify guidance, checked 2026-09-17",Premium Family is for family members living together. Members must live with the plan manager and use the same home address. This general rule does not establish a temporary-absence exception or eligibility of an individual account.,,,,,,
b4_069,balanced,current:wrapped,Heyy! I've been experiencing problems again lately with downloading music through my cellular data. Mond if you cab help me?,"Official Spotify guidance, checked 2026-09-17",Wrapped is Spotify's annual listening summary and includes personalized playlists. Some features have eligibility requirements. The support page links official updates; it does not establish a release date for an upcoming edition.,,,,,,
b4_069,balanced,current:profile,Heyy! I've been experiencing problems again lately with downloading music through my cellular data. Mond if you cab help me?,"Official Spotify guidance, checked 2026-09-17","A display name replaces the username on profiles, apps and playlists, but cannot be used to log in. Mobile: profile picture, View profile, EDIT, change name, Save.",,,,,,
b4_069,balanced,current:ideas,Heyy! I've been experiencing problems again lately with downloading music through my cellular data. Mond if you cab help me?,"Official Spotify guidance, checked 2026-09-17","Customers can search the Community Ideas board, vote for an existing idea or submit a new idea after logging in. No particular idea, feature release or staff action is confirmed.",,,,,,
b4_069,balanced,current:catalog,Heyy! I've been experiencing problems again lately with downloading music through my cellular data. Mond if you cab help me?,"Official Spotify guidance, checked 2026-09-17","Catalog availability varies over time and by country according to rights-holder permissions. No availability, removal cause or return date for a specific release is established.",,,,,,
b4_069,balanced,current:student,Heyy! I've been experiencing problems again lately with downloading music through my cellular data. Mond if you cab help me?,"Official Spotify guidance, checked 2026-09-17","SheerID handles student verification. Try a private browser window to avoid autofill problems. If verification still fails, use the SheerID help route on this official page. Spotify cannot resolve SheerID verification issues.",,,,,,
b4_069,balanced,current:shuffle,Heyy! I've been experiencing problems again lately with downloading music through my cellular data. Mond if you cab help me?,"Official Spotify guidance, checked 2026-09-17","Smart Shuffle mixes recommendations into playback. It is always active on free mobile. Premium mobile users can disable Include Smart Shuffle in play modes under Settings and privacy, Playback. Premium shuffle also offers a Fewer repeats style; it reduces, not eliminates, repeats.",,,,,,
b4_069,balanced,current:autoplay,Heyy! I've been experiencing problems again lately with downloading music through my cellular data. Mond if you cab help me?,"Official Spotify guidance, checked 2026-09-17","Autoplay plays similar tracks after an album, playlist or selection ends. It can be disabled in settings: Playback, Autoplay on mobile; Autoplay in desktop settings. It does not explain extra tracks interspersed within a playlist.",,,,,,
b4_069,balanced,current:explicit,Heyy! I've been experiencing problems again lately with downloading music through my cellular data. Mond if you cab help me?,"Official Spotify guidance, checked 2026-09-17",Explicit releases have E or EXPLICIT tags supplied by rights holders. Search for different versions; some explicit releases have no clean version. This does not prove an uncensored version of a given track exists.,,,,,,
b4_069,balanced,current:library,Heyy! I've been experiencing problems again lately with downloading music through my cellular data. Mond if you cab help me?,"Official Spotify guidance, checked 2026-09-17","For music missing from Your Library, check filters on mobile and search to find and save it. A different account may explain missing saved content, but must not be asserted without evidence.",,,,,,
b4_069,balanced,current:contact,Heyy! I've been experiencing problems again lately with downloading music through my cellular data. Mond if you cab help me?,Need official human support,Spotify's contact page offers messaging with customer support. The assistant cannot contact staff or access accounts.,,,,,,
b4_069,balanced,current:playback,Heyy! I've been experiencing problems again lately with downloading music through my cellular data. Mond if you cab help me?,Technical trouble playing Spotify,"For playback or app technical problems, restart or update the app. Reinstalling requires downloading offline music and podcasts again. These steps do not answer playlist editing, catalog, billing or feature questions.",,,,,,
b4_069,balanced,policy:clarification,Heyy! I've been experiencing problems again lately with downloading music through my cellular data. Mond if you cab help me?,Missing diagnostic context,"Cadence's reviewed response policy permits a specific, relevant question about the affected feature, device, app version or exact error. Never repeat information already supplied or ask for private account details. A question is not a resolution.",,,,,,
b4_069,balanced,policy:social,Heyy! I've been experiencing problems again lately with downloading music through my cellular data. Mond if you cab help me?,Cadence conversational policy,A brief friendly acknowledgment of thanks or excitement is allowed without inventing facts or claiming an action. It is not a support resolution.,,,,,,
b4_069,agent,t_1873227,Heyy! I've been experiencing problems again lately with downloading music through my cellular data. Mond if you cab help me?,@user I've got download using cellular data off. However it still downloads music using my data. Please help.,"@user Hi! Help's here. Can you DM us your account's username or email address, along with your device, operating system, and app version? <url>",,,,,,
b4_069,agent,t_1139900,Heyy! I've been experiencing problems again lately with downloading music through my cellular data. Mond if you cab help me?,You need to fix this shit . Data isn't free. Download over cellular is off and I've only streamed 15min in 48 hours. <url>,"@user Hi there! We hear you 🎧 Rest assured, your feedback will be passed on to the right folks",,,,,,
b4_069,agent,t_2762194,Heyy! I've been experiencing problems again lately with downloading music through my cellular data. Mond if you cab help me?,my Spotify Android app has decided to ignore my don't download over cellular data setting and had started downloading music in the background. What gives?,@user Hey David! Which Android and Spotify version are you running? We'll see what we can suggest,,,,,,
b4_069,agent,t_380825,Heyy! I've been experiencing problems again lately with downloading music through my cellular data. Mond if you cab help me?,Heyy i have songs downloaded for a long while then this happens can you explain <url>,@user Hi there! Check out the steps under “Downloads unexpectedly removed” at <url>. They should help with this,,,,,,
b4_069,agent,t_112007,Heyy! I've been experiencing problems again lately with downloading music through my cellular data. Mond if you cab help me?,Is it just me or does erase your downloaded songs about once a month. I just blew through all my data AGAIN because of this bug. <url>,"@user Hi Eric, sorry to hear that! We'd suggest checking out the steps under “Downloads unexpectedly removed” at <url>. They should help with this",,,,,,
b4_069,agent,t_683115,Heyy! I've been experiencing problems again lately with downloading music through my cellular data. Mond if you cab help me?,"I have ""Download using cellular"" turned off. Why did Spotify just download 4gb of songs using my cell data?","@user Hey! What device, operating system, and Spotify version are you using? We'll see what we can suggest",,,,,,
b4_069,quality,current:contact,Heyy! I've been experiencing problems again lately with downloading music through my cellular data. Mond if you cab help me?,Need official human support,Spotify's contact page offers messaging with customer support. The assistant cannot contact staff or access accounts.,,,,,,
b4_070,agent,t_2043835,make a better app. Won't even load the page so I can update payment method 👌 real quality app here crashing every time I try..,"Every time I try to update my payment method, I get ""This form has expired. Please reload the page and try again."" Any ideas?",@user Hi there! Could you give it another go using a different browser or an incognito window? A different device might also do the trick,,,,,,
b4_070,agent,t_2562462,make a better app. Won't even load the page so I can update payment method 👌 real quality app here crashing every time I try..,Hey Are you going to update your website or app so I can update my payment options?! The websites keeps crashing every time I click on the LOG IN button. Even clicked on the SPOTIFY PREMIUM FREE TRIAL option and it crashed. Please fix this soon!,"@user Hey there, help's here! Does using a different browser help? You might also want to try using an incognito window. Let us know how it goes",,,,,,
b4_070,agent,t_2803542,make a better app. Won't even load the page so I can update payment method 👌 real quality app here crashing every time I try..,"I keep trying to update my payment method to keep my Spotify account but every time I try, it just keeps loading, loading, and loading... Any help? I use Spotify on my MacBook Pro. Thanks. - __email__ <url>","@user Hey Mitchell! Could you please delete this tweet since it contains your personal info? On another note, we've just sent you a bit more info over DM. We'll carry on helping out there",,,,,,
b4_070,agent,t_825188,make a better app. Won't even load the page so I can update payment method 👌 real quality app here crashing every time I try..,Update your app -- experiencing a crash bug every single time I load up the app and look up @user.,"@user Hi there! Can you let us know the device, operating system, and app version you're using? We'll see what we can suggest",,,,,,
b4_070,agent,t_2246130,make a better app. Won't even load the page so I can update payment method 👌 real quality app here crashing every time I try..,Trying to update payment details. Form on the page won't load on two different browsers. Any ideas?,"@user Hi there. Can you let us know what device, OS, and browsers you're using? Also, are you getting any specific error messages",,,,,,
b4_070,agent,t_2857442,make a better app. Won't even load the page so I can update payment method 👌 real quality app here crashing every time I try..,"I'm trying to update my premium payment and I just get this loading page, what's the story? <url>",@user Hi Graham! Could you try updating your payment info at <url> on a desktop or laptop computer? Let us know how it plays out,,,,,,
b4_070,quality,current:contact,make a better app. Won't even load the page so I can update payment method 👌 real quality app here crashing every time I try..,Need official human support,Spotify's contact page offers messaging with customer support. The assistant cannot contact staff or access accounts.,,,,,,
b4_070,balanced,current:contact,make a better app. Won't even load the page so I can update payment method 👌 real quality app here crashing every time I try..,Need official human support,Spotify's contact page offers messaging with customer support. The assistant cannot contact staff or access accounts.,,,,,,
b4_071,quality,current:contact,Has Spotify changed their UI again?,Need official human support,Spotify's contact page offers messaging with customer support. The assistant cannot contact staff or access accounts.,,,,,,
b4_071,balanced,current:contact,Has Spotify changed their UI again?,Need official human support,Spotify's contact page offers messaging with customer support. The assistant cannot contact staff or access accounts.,,,,,,
b4_071,agent,t_2427685,Has Spotify changed their UI again?,"It has been daid hundred times. People are moving to other platforms because Spotify web is awful. Nothing happens! If it ain't broke, don't fix it And people was happpy with web UI. Not Anymore! Your Web UI SUX (again!)",@user Hi there! Sorry to hear you feel that way. Can you tell us more about what's happening with your web player? We'll take a look backstage,,,,,,
b4_071,agent,t_1865904,Has Spotify changed their UI again?,"I guys i need answers, why did my UI changes when I'm without connection. It's a problematic UI, It has never happened before","@user Hi Alex! Can you let us know what device, OS, and Spotify version you're running? Also, can you let us know what's happening exactly?",,,,,,
b4_071,agent,t_888579,Has Spotify changed their UI again?,Their UI sucks but their twitter team does not. <url>,"@user You're welcome! We don’t have any other info on this right now, but let us know if you need a hand with anything else",,,,,,
b4_071,agent,t_1004823,Has Spotify changed their UI again?,Has anyone else noticed that #iKON has a song under their Spotify profile that isn't theirs? 🤔 Please fix this :) <url>,@user Hey! Thanks for reporting. Can you send over the links to the song and the correct artist page? We'll check things out,,,,,,
b4_071,agent,t_2934756,Has Spotify changed their UI again?,"Hey , Bill Evans has been dead for 37 years. <url>",@user Hi there. We're sorry for the mix-up here. We've changed a few things around backstage and made sure this won't happen again,,,,,,
b4_071,agent,t_1217792,Has Spotify changed their UI again?,your connect w @user has issues #UI #UX,@user Hey Mike! Could you tell us more about what's happening? We'll see what we can suggest,,,,,,
b4_072,balanced,t_1702481,Why are you guys discriminating against my boys @user and @user. @user Should be uploaded,Hey get your shit together. I wanna listen on my chromebook. Why are you discriminating?,"@user Hey! Don't worry, we're on it. Our developers are looking into this, and we'll keep everyone updated",,,,,,
b4_072,balanced,t_1247568,Why are you guys discriminating against my boys @user and @user. @user Should be uploaded,I have a very important request to make. UPLOAD GOT7'S SONGS IN THE U.S. SO iGOT7S CAN HEAR OUR BOYS. PLEASE & THANK YOU.,"@user Hey! We’d love to have all of their stuff available, but we have some info about content here: <url>",,,,,,
b4_072,balanced,t_2028553,Why are you guys discriminating against my boys @user and @user. @user Should be uploaded,Why isn’t the boys n motion song on ??,"@user Hey! Fingers crossed we'll be able to have it soon, but there's info about Spotify content here: <url>",,,,,,
b4_072,balanced,t_585121,Why are you guys discriminating against my boys @user and @user. @user Should be uploaded,"Hi, can you guys please upload هلا بريحة هلي by الأنين thank you",@user Hey! We’ll have it available to you as soon as it’s available to us. More info here: <url>,,,,,,
b4_072,balanced,t_1596825,Why are you guys discriminating against my boys @user and @user. @user Should be uploaded,"C'mon guys. Give me the hard sell, I'm thinking about switching from @user to you. Why should I? 🤔","@user Hey James, we'd be happy to have you join the band! After all... <url> 😉",,,,,,
b4_072,balanced,t_1991694,Why are you guys discriminating against my boys @user and @user. @user Should be uploaded,"Hey what’s up with the Jersey boys playlist, why sis you suddenly deleted some songs",@user Hey there! Sometimes content gets temporarily removed because of licensing changes. Hopefully we'll have all of it available again soon,,,,,,
b4_072,balanced,current:family,Why are you guys discriminating against my boys @user and @user. @user Should be uploaded,"Official Spotify guidance, checked 2026-09-17",Premium Family is for family members living together. Members must live with the plan manager and use the same home address. This general rule does not establish a temporary-absence exception or eligibility of an individual account.,,,,,,
b4_072,balanced,current:wrapped,Why are you guys discriminating against my boys @user and @user. @user Should be uploaded,"Official Spotify guidance, checked 2026-09-17",Wrapped is Spotify's annual listening summary and includes personalized playlists. Some features have eligibility requirements. The support page links official updates; it does not establish a release date for an upcoming edition.,,,,,,
b4_072,balanced,current:profile,Why are you guys discriminating against my boys @user and @user. @user Should be uploaded,"Official Spotify guidance, checked 2026-09-17","A display name replaces the username on profiles, apps and playlists, but cannot be used to log in. Mobile: profile picture, View profile, EDIT, change name, Save.",,,,,,
b4_072,balanced,current:ideas,Why are you guys discriminating against my boys @user and @user. @user Should be uploaded,"Official Spotify guidance, checked 2026-09-17","Customers can search the Community Ideas board, vote for an existing idea or submit a new idea after logging in. No particular idea, feature release or staff action is confirmed.",,,,,,
b4_072,balanced,current:catalog,Why are you guys discriminating against my boys @user and @user. @user Should be uploaded,"Official Spotify guidance, checked 2026-09-17","Catalog availability varies over time and by country according to rights-holder permissions. No availability, removal cause or return date for a specific release is established.",,,,,,
b4_072,balanced,current:student,Why are you guys discriminating against my boys @user and @user. @user Should be uploaded,"Official Spotify guidance, checked 2026-09-17","SheerID handles student verification. Try a private browser window to avoid autofill problems. If verification still fails, use the SheerID help route on this official page. Spotify cannot resolve SheerID verification issues.",,,,,,
b4_072,balanced,current:shuffle,Why are you guys discriminating against my boys @user and @user. @user Should be uploaded,"Official Spotify guidance, checked 2026-09-17","Smart Shuffle mixes recommendations into playback. It is always active on free mobile. Premium mobile users can disable Include Smart Shuffle in play modes under Settings and privacy, Playback. Premium shuffle also offers a Fewer repeats style; it reduces, not eliminates, repeats.",,,,,,
b4_072,balanced,current:autoplay,Why are you guys discriminating against my boys @user and @user. @user Should be uploaded,"Official Spotify guidance, checked 2026-09-17","Autoplay plays similar tracks after an album, playlist or selection ends. It can be disabled in settings: Playback, Autoplay on mobile; Autoplay in desktop settings. It does not explain extra tracks interspersed within a playlist.",,,,,,
b4_072,balanced,current:explicit,Why are you guys discriminating against my boys @user and @user. @user Should be uploaded,"Official Spotify guidance, checked 2026-09-17",Explicit releases have E or EXPLICIT tags supplied by rights holders. Search for different versions; some explicit releases have no clean version. This does not prove an uncensored version of a given track exists.,,,,,,
b4_072,balanced,current:library,Why are you guys discriminating against my boys @user and @user. @user Should be uploaded,"Official Spotify guidance, checked 2026-09-17","For music missing from Your Library, check filters on mobile and search to find and save it. A different account may explain missing saved content, but must not be asserted without evidence.",,,,,,
b4_072,balanced,current:contact,Why are you guys discriminating against my boys @user and @user. @user Should be uploaded,Need official human support,Spotify's contact page offers messaging with customer support. The assistant cannot contact staff or access accounts.,,,,,,
b4_072,balanced,current:playback,Why are you guys discriminating against my boys @user and @user. @user Should be uploaded,Technical trouble playing Spotify,"For playback or app technical problems, restart or update the app. Reinstalling requires downloading offline music and podcasts again. These steps do not answer playlist editing, catalog, billing or feature questions.",,,,,,
b4_072,balanced,policy:clarification,Why are you guys discriminating against my boys @user and @user. @user Should be uploaded,Missing diagnostic context,"Cadence's reviewed response policy permits a specific, relevant question about the affected feature, device, app version or exact error. Never repeat information already supplied or ask for private account details. A question is not a resolution.",,,,,,
b4_072,balanced,policy:social,Why are you guys discriminating against my boys @user and @user. @user Should be uploaded,Cadence conversational policy,A brief friendly acknowledgment of thanks or excitement is allowed without inventing facts or claiming an action. It is not a support resolution.,,,,,,
b4_072,agent,t_1702481,Why are you guys discriminating against my boys @user and @user. @user Should be uploaded,Hey get your shit together. I wanna listen on my chromebook. Why are you discriminating?,"@user Hey! Don't worry, we're on it. Our developers are looking into this, and we'll keep everyone updated",,,,,,
b4_072,agent,t_1247568,Why are you guys discriminating against my boys @user and @user. @user Should be uploaded,I have a very important request to make. UPLOAD GOT7'S SONGS IN THE U.S. SO iGOT7S CAN HEAR OUR BOYS. PLEASE & THANK YOU.,"@user Hey! We’d love to have all of their stuff available, but we have some info about content here: <url>",,,,,,
b4_072,agent,t_2028553,Why are you guys discriminating against my boys @user and @user. @user Should be uploaded,Why isn’t the boys n motion song on ??,"@user Hey! Fingers crossed we'll be able to have it soon, but there's info about Spotify content here: <url>",,,,,,
b4_072,agent,t_585121,Why are you guys discriminating against my boys @user and @user. @user Should be uploaded,"Hi, can you guys please upload هلا بريحة هلي by الأنين thank you",@user Hey! We’ll have it available to you as soon as it’s available to us. More info here: <url>,,,,,,
b4_072,agent,t_1596825,Why are you guys discriminating against my boys @user and @user. @user Should be uploaded,"C'mon guys. Give me the hard sell, I'm thinking about switching from @user to you. Why should I? 🤔","@user Hey James, we'd be happy to have you join the band! After all... <url> 😉",,,,,,
b4_072,agent,t_1991694,Why are you guys discriminating against my boys @user and @user. @user Should be uploaded,"Hey what’s up with the Jersey boys playlist, why sis you suddenly deleted some songs",@user Hey there! Sometimes content gets temporarily removed because of licensing changes. Hopefully we'll have all of it available again soon,,,,,,
b4_072,quality,current:contact,Why are you guys discriminating against my boys @user and @user. @user Should be uploaded,Need official human support,Spotify's contact page offers messaging with customer support. The assistant cannot contact staff or access accounts.,,,,,,
b4_073,agent,t_2912533,really helped me to get everything up and running again. Thanks guys!!,yo wtf is going on my guy is everything alright at home,@user Hey! Thanks for letting us know. Everything should be back up and running again soon,,,,,,
b4_073,agent,t_2912453,really helped me to get everything up and running again. Thanks guys!!,getting a 504 gateway timeout. <url> reports others are too. <url>,@user Hi Ethan! Thanks for letting us know. Everything should be back up and running again soon,,,,,,
b4_073,agent,t_1315618,really helped me to get everything up and running again. Thanks guys!!,Thanks for the help Mind following me 😋,"@user No worries! We've just followed you. Just to check, is everything up and running now?",,,,,,
b4_073,agent,t_2850079,really helped me to get everything up and running again. Thanks guys!!,is your website down? I can't get it to load. Thanks.,@user Hi Hannah! Everything's up and running on our end. Are you getting any specific error messages? We'll do our best to help out,,,,,,
b4_073,agent,t_2297989,really helped me to get everything up and running again. Thanks guys!!,thank you for recovering my account and refunding the premium fee,"@user Glad everything's sorted out. Just give us a shout if you need us again, and we'll come running 🏃",,,,,,
b4_073,agent,t_2919270,really helped me to get everything up and running again. Thanks guys!!,what's up with the app? <url>,"@user Hey, thanks for the report! We had a little hiccup earlier, but everything should be running just fine now",,,,,,
b4_073,quality,current:contact,really helped me to get everything up and running again. Thanks guys!!,Need official human support,Spotify's contact page offers messaging with customer support. The assistant cannot contact staff or access accounts.,,,,,,
b4_073,balanced,current:contact,really helped me to get everything up and running again. Thanks guys!!,Need official human support,Spotify's contact page offers messaging with customer support. The assistant cannot contact staff or access accounts.,,,,,,
b4_074,quality,t_784937,"having a problem with all Katy Perry and Madonna songs. Say they are not available, but if I have the file I can import it.","Spotify isn't working for me. It's not allowing music to play. It keeps saying ""The song is not available. If you have the file on your computer you can import it"" with any song I click.",@user Hey there! Can you let us know the device/OS and Spotify version you're using? We'll see what we can suggest,,,,,,
b4_074,quality,t_1839068,"having a problem with all Katy Perry and Madonna songs. Say they are not available, but if I have the file I can import it.",I'm having problems with my phone playing back songs that are imported from my desktop.,"@user Hey Mason! Do you get an error message when trying to play your local files? If yes, can you send us screenshot of it? We'll take a look",,,,,,
b4_074,quality,t_2066223,"having a problem with all Katy Perry and Madonna songs. Say they are not available, but if I have the file I can import it.",Why am I getting “This song is not available. If you have the file you can import it.” constantly. It’s happening all the time,"@user Hey there! Don't worry, we're here to help. What operating system and Spotify version are you using? We'll see what we can suggest",,,,,,
b4_074,quality,t_1372120,"having a problem with all Katy Perry and Madonna songs. Say they are not available, but if I have the file I can import it.",anyone know how you can import songs on spotify??,"@user Hey there! If you have songs not on Spotify, you can add them as local files. There's more info here: <url>",,,,,,
b4_074,quality,t_320420,"having a problem with all Katy Perry and Madonna songs. Say they are not available, but if I have the file I can import it.","hi i have music in my iPhone but i cant import to spottily app ,i can't see import music from iPhone in setting pls help","@user 1: Hi there! It's currently not possible to import music from your phone to the mobile app. If you have the files on your computer, you ...",,,,,,
b4_074,quality,t_2005455,"having a problem with all Katy Perry and Madonna songs. Say they are not available, but if I have the file I can import it.","""This song is not available. If you have the file on your computer you can import it."" Is the message I get on EVERY song.","@user Hey Andy! Don't worry, help's here. Can you let us know the device, OS, and Spotify version you're using? We'll see what we can suggest",,,,,,
b4_074,quality,current:contact,"having a problem with all Katy Perry and Madonna songs. Say they are not available, but if I have the file I can import it.",Need official human support,Spotify's contact page offers messaging with customer support. The assistant cannot contact staff or access accounts.,,,,,,
b4_074,quality,current:playback,"having a problem with all Katy Perry and Madonna songs. Say they are not available, but if I have the file I can import it.",Technical trouble playing Spotify,"For playback or app technical problems, restart or update the app. Reinstalling requires downloading offline music and podcasts again. These steps do not answer playlist editing, catalog, billing or feature questions.",,,,,,
b4_074,quality,policy:clarification,"having a problem with all Katy Perry and Madonna songs. Say they are not available, but if I have the file I can import it.",Missing diagnostic context,"Cadence's reviewed response policy permits a specific, relevant question about the affected feature, device, app version or exact error. Never repeat information already supplied or ask for private account details. A question is not a resolution.",,,,,,
b4_074,balanced,t_784937,"having a problem with all Katy Perry and Madonna songs. Say they are not available, but if I have the file I can import it.","Spotify isn't working for me. It's not allowing music to play. It keeps saying ""The song is not available. If you have the file on your computer you can import it"" with any song I click.",@user Hey there! Can you let us know the device/OS and Spotify version you're using? We'll see what we can suggest,,,,,,
b4_074,balanced,t_1839068,"having a problem with all Katy Perry and Madonna songs. Say they are not available, but if I have the file I can import it.",I'm having problems with my phone playing back songs that are imported from my desktop.,"@user Hey Mason! Do you get an error message when trying to play your local files? If yes, can you send us screenshot of it? We'll take a look",,,,,,
b4_074,balanced,t_2066223,"having a problem with all Katy Perry and Madonna songs. Say they are not available, but if I have the file I can import it.",Why am I getting “This song is not available. If you have the file you can import it.” constantly. It’s happening all the time,"@user Hey there! Don't worry, we're here to help. What operating system and Spotify version are you using? We'll see what we can suggest",,,,,,
b4_074,balanced,t_1372120,"having a problem with all Katy Perry and Madonna songs. Say they are not available, but if I have the file I can import it.",anyone know how you can import songs on spotify??,"@user Hey there! If you have songs not on Spotify, you can add them as local files. There's more info here: <url>",,,,,,
b4_074,balanced,t_320420,"having a problem with all Katy Perry and Madonna songs. Say they are not available, but if I have the file I can import it.","hi i have music in my iPhone but i cant import to spottily app ,i can't see import music from iPhone in setting pls help","@user 1: Hi there! It's currently not possible to import music from your phone to the mobile app. If you have the files on your computer, you ...",,,,,,
b4_074,balanced,t_2005455,"having a problem with all Katy Perry and Madonna songs. Say they are not available, but if I have the file I can import it.","""This song is not available. If you have the file on your computer you can import it."" Is the message I get on EVERY song.","@user Hey Andy! Don't worry, help's here. Can you let us know the device, OS, and Spotify version you're using? We'll see what we can suggest",,,,,,
b4_074,balanced,current:family,"having a problem with all Katy Perry and Madonna songs. Say they are not available, but if I have the file I can import it.","Official Spotify guidance, checked 2026-09-17",Premium Family is for family members living together. Members must live with the plan manager and use the same home address. This general rule does not establish a temporary-absence exception or eligibility of an individual account.,,,,,,
b4_074,balanced,current:wrapped,"having a problem with all Katy Perry and Madonna songs. Say they are not available, but if I have the file I can import it.","Official Spotify guidance, checked 2026-09-17",Wrapped is Spotify's annual listening summary and includes personalized playlists. Some features have eligibility requirements. The support page links official updates; it does not establish a release date for an upcoming edition.,,,,,,
b4_074,balanced,current:profile,"having a problem with all Katy Perry and Madonna songs. Say they are not available, but if I have the file I can import it.","Official Spotify guidance, checked 2026-09-17","A display name replaces the username on profiles, apps and playlists, but cannot be used to log in. Mobile: profile picture, View profile, EDIT, change name, Save.",,,,,,
b4_074,balanced,current:ideas,"having a problem with all Katy Perry and Madonna songs. Say they are not available, but if I have the file I can import it.","Official Spotify guidance, checked 2026-09-17","Customers can search the Community Ideas board, vote for an existing idea or submit a new idea after logging in. No particular idea, feature release or staff action is confirmed.",,,,,,
b4_074,balanced,current:catalog,"having a problem with all Katy Perry and Madonna songs. Say they are not available, but if I have the file I can import it.","Official Spotify guidance, checked 2026-09-17","Catalog availability varies over time and by country according to rights-holder permissions. No availability, removal cause or return date for a specific release is established.",,,,,,
b4_074,balanced,current:student,"having a problem with all Katy Perry and Madonna songs. Say they are not available, but if I have the file I can import it.","Official Spotify guidance, checked 2026-09-17","SheerID handles student verification. Try a private browser window to avoid autofill problems. If verification still fails, use the SheerID help route on this official page. Spotify cannot resolve SheerID verification issues.",,,,,,
b4_074,balanced,current:shuffle,"having a problem with all Katy Perry and Madonna songs. Say they are not available, but if I have the file I can import it.","Official Spotify guidance, checked 2026-09-17","Smart Shuffle mixes recommendations into playback. It is always active on free mobile. Premium mobile users can disable Include Smart Shuffle in play modes under Settings and privacy, Playback. Premium shuffle also offers a Fewer repeats style; it reduces, not eliminates, repeats.",,,,,,
b4_074,balanced,current:autoplay,"having a problem with all Katy Perry and Madonna songs. Say they are not available, but if I have the file I can import it.","Official Spotify guidance, checked 2026-09-17","Autoplay plays similar tracks after an album, playlist or selection ends. It can be disabled in settings: Playback, Autoplay on mobile; Autoplay in desktop settings. It does not explain extra tracks interspersed within a playlist.",,,,,,
b4_074,balanced,current:explicit,"having a problem with all Katy Perry and Madonna songs. Say they are not available, but if I have the file I can import it.","Official Spotify guidance, checked 2026-09-17",Explicit releases have E or EXPLICIT tags supplied by rights holders. Search for different versions; some explicit releases have no clean version. This does not prove an uncensored version of a given track exists.,,,,,,
b4_074,balanced,current:library,"having a problem with all Katy Perry and Madonna songs. Say they are not available, but if I have the file I can import it.","Official Spotify guidance, checked 2026-09-17","For music missing from Your Library, check filters on mobile and search to find and save it. A different account may explain missing saved content, but must not be asserted without evidence.",,,,,,
b4_074,balanced,current:contact,"having a problem with all Katy Perry and Madonna songs. Say they are not available, but if I have the file I can import it.",Need official human support,Spotify's contact page offers messaging with customer support. The assistant cannot contact staff or access accounts.,,,,,,
b4_074,balanced,current:playback,"having a problem with all Katy Perry and Madonna songs. Say they are not available, but if I have the file I can import it.",Technical trouble playing Spotify,"For playback or app technical problems, restart or update the app. Reinstalling requires downloading offline music and podcasts again. These steps do not answer playlist editing, catalog, billing or feature questions.",,,,,,
b4_074,balanced,policy:clarification,"having a problem with all Katy Perry and Madonna songs. Say they are not available, but if I have the file I can import it.",Missing diagnostic context,"Cadence's reviewed response policy permits a specific, relevant question about the affected feature, device, app version or exact error. Never repeat information already supplied or ask for private account details. A question is not a resolution.",,,,,,
b4_074,balanced,policy:social,"having a problem with all Katy Perry and Madonna songs. Say they are not available, but if I have the file I can import it.",Cadence conversational policy,A brief friendly acknowledgment of thanks or excitement is allowed without inventing facts or claiming an action. It is not a support resolution.,,,,,,
b4_074,agent,t_784937,"having a problem with all Katy Perry and Madonna songs. Say they are not available, but if I have the file I can import it.","Spotify isn't working for me. It's not allowing music to play. It keeps saying ""The song is not available. If you have the file on your computer you can import it"" with any song I click.",@user Hey there! Can you let us know the device/OS and Spotify version you're using? We'll see what we can suggest,,,,,,
b4_074,agent,t_1839068,"having a problem with all Katy Perry and Madonna songs. Say they are not available, but if I have the file I can import it.",I'm having problems with my phone playing back songs that are imported from my desktop.,"@user Hey Mason! Do you get an error message when trying to play your local files? If yes, can you send us screenshot of it? We'll take a look",,,,,,
b4_074,agent,t_2066223,"having a problem with all Katy Perry and Madonna songs. Say they are not available, but if I have the file I can import it.",Why am I getting “This song is not available. If you have the file you can import it.” constantly. It’s happening all the time,"@user Hey there! Don't worry, we're here to help. What operating system and Spotify version are you using? We'll see what we can suggest",,,,,,
b4_074,agent,t_1372120,"having a problem with all Katy Perry and Madonna songs. Say they are not available, but if I have the file I can import it.",anyone know how you can import songs on spotify??,"@user Hey there! If you have songs not on Spotify, you can add them as local files. There's more info here: <url>",,,,,,
b4_074,agent,t_320420,"having a problem with all Katy Perry and Madonna songs. Say they are not available, but if I have the file I can import it.","hi i have music in my iPhone but i cant import to spottily app ,i can't see import music from iPhone in setting pls help","@user 1: Hi there! It's currently not possible to import music from your phone to the mobile app. If you have the files on your computer, you ...",,,,,,
b4_074,agent,t_2005455,"having a problem with all Katy Perry and Madonna songs. Say they are not available, but if I have the file I can import it.","""This song is not available. If you have the file on your computer you can import it."" Is the message I get on EVERY song.","@user Hey Andy! Don't worry, help's here. Can you let us know the device, OS, and Spotify version you're using? We'll see what we can suggest",,,,,,
b4_075,balanced,current:contact,Yoooo what is u doin baby,Need official human support,Spotify's contact page offers messaging with customer support. The assistant cannot contact staff or access accounts.,,,,,,
b4_075,agent,t_2225651,Yoooo what is u doin baby,but why the hell was reem by joey essex recommended for me what are u doin to me,@user Hi Lucy! Help's here. Can you let us know if you're getting it as a Suggested Track or is it on your playlists?,,,,,,
b4_075,agent,t_2300622,Yoooo what is u doin baby,y u guys doin me dirty <url>,@user Hey! Can you DM us your account's email address? We'll see what we can suggest <url>,,,,,,
b4_075,agent,t_1770703,Yoooo what is u doin baby,yoooo my app is mad screwed up like hella bad,"@user Hey Paige, help's arrived! Can you tell us what's happening exactly? We'll see what we can suggest",,,,,,
b4_075,agent,t_1913651,Yoooo what is u doin baby,Aye yo... what y’all doin taking the hardest song of the year off the app? <url>,"@user Hi there! Fingers crossed we'll be able to have it soon, but there's info about Spotify content here: <url>",,,,,,
b4_075,agent,t_1988805,Yoooo what is u doin baby,y'all still don't got baby come back on the baby come back album by player wtf,"@user Hey, help's here! Can you DM us your account's email address and the country you're in right now? We'll check backstage <url>",,,,,,
b4_075,agent,t_2677493,Yoooo what is u doin baby,yoooo @user how do I change my country on my Spotify account I'm currently in the UK and I need dem Premium,@user Hey! You can update your account's country settings by following the steps that are on this link: <url>,,,,,,
b4_075,quality,current:contact,Yoooo what is u doin baby,Need official human support,Spotify's contact page offers messaging with customer support. The assistant cannot contact staff or access accounts.,,,,,,
b4_076,agent,t_1983947,need help in deactivating card associated with account.,I want to change the account associated with my artist account (Verified). Help me.,@user Hey! Our friends in Artist Support are the right folks to help with this. You can get in touch with them here: <url>,,,,,,
b4_076,agent,t_2528347,need help in deactivating card associated with account.,THANK YOU for helping me disconnect my account from my deactivated facebook account that I could not access. Doing so made my display name the same as my username. Amazing. Thank you for your time and patience!! You rock,@user Hey there! We're glad to have been of help 🙂 Give us a shout if you ever need us again. We'd be... <url>,,,,,,
b4_076,agent,t_2495281,need help in deactivating card associated with account.,how can I purchase premium with a visa gift card,@user Hey! Your payment card will need to meet these requirements: <url>. Hope that helps,,,,,,
b4_076,agent,t_44431,need help in deactivating card associated with account.,I need help with deactivating my account.,@user Hi there! Help's here. Can you DM us your account's email address or username? We'll take a look backstage <url>,,,,,,
b4_076,agent,t_40663,need help in deactivating card associated with account.,hi I was wondering I recently lost my bank card I was wondering if my payment would still come out of my account,"@user Hi Sammy, help's here! If your card was lost you'll need to update your payment details. Check out <url> for more info",,,,,,
b4_076,agent,t_2975083,need help in deactivating card associated with account.,I can't log into my account and I need to cancel my account. All I have is my credit card number HELP!!!!,@user Hi there! Can you DM us any email addresses or usernames you might've used for your account? We'll take a look backstage <url>,,,,,,
b4_076,quality,current:contact,need help in deactivating card associated with account.,Need official human support,Spotify's contact page offers messaging with customer support. The assistant cannot contact staff or access accounts.,,,,,,
b4_076,balanced,current:contact,need help in deactivating card associated with account.,Need official human support,Spotify's contact page offers messaging with customer support. The assistant cannot contact staff or access accounts.,,,,,,
b4_077,quality,current:contact,PAASA 👎 <url>,Need official human support,Spotify's contact page offers messaging with customer support. The assistant cannot contact staff or access accounts.,,,,,,
b4_077,balanced,current:contact,PAASA 👎 <url>,Need official human support,Spotify's contact page offers messaging with customer support. The assistant cannot contact staff or access accounts.,,,,,,
b4_078,balanced,current:contact,they have changed the email to __email__ 🤬,Need official human support,Spotify's contact page offers messaging with customer support. The assistant cannot contact staff or access accounts.,,,,,,
b4_078,agent,t_2059128,they have changed the email to __email__ 🤬,"please help, my account has been hacked and they have changed my email address so I can't log in 😬😱",@user Hey Lucinda! We’re sorry to hear that. Check out <url> for what to do next. Let us know if you have other questions,,,,,,
b4_078,agent,t_1692816,they have changed the email to __email__ 🤬,Is your API really slow today? Or have you changed something since Friday? OAuth callbacks are timing out. Trying to debug...,"@user Hey! This sounds like something for @user. They should be able to help, don't worry 🙂",,,,,,
b4_078,agent,t_1971842,they have changed the email to __email__ 🤬,my account has been hacked. The email address has been changed. Please can someone help. Thanks,"@user Hey Tim, we're sorry to hear that. It'd be best to check out <url> for the steps needed to be done. They should help",,,,,,
b4_078,agent,t_2456326,they have changed the email to __email__ 🤬,my spotify is somehow connected to someone else’s device so my music keeps changing because they’re changing their music and i literally want to die fix your shitty app,@user Hey there. We’re sorry to hear that. Check out <url> for what to do next,,,,,,
b4_078,agent,t_599463,they have changed the email to __email__ 🤬,"Somehow the adress in my Family Account changed (we moved and I changed my PayPal address), can't view it. Family members were asked to reauthorize which first seemed to work, but they got thrown out of the account.",@user Hey Stephan! Could you send us a DM with your account's username or email address? We'll take a look and see what we can suggest 🔍 <url>,,,,,,
b4_078,agent,t_516756,they have changed the email to __email__ 🤬,Do you have a customer service email? Someone has hacked my account and changed my password. I can prove I am me. The website asked me to log in and the person changed my password,@user Hey! We’re sorry to hear that. Check out <url> for what to do next,,,,,,
b4_078,quality,current:contact,they have changed the email to __email__ 🤬,Need official human support,Spotify's contact page offers messaging with customer support. The assistant cannot contact staff or access accounts.,,,,,,
b4_079,agent,t_590129,I tried to buy your new year long thing. There’s no ‘buy it now’ link on the webpage the email goes to.,"your app just offered me a year of premium for $99. Clicking the link brings me this page that repeats the offer, but gives no way to buy. Help? <url>",@user Hey there! Help's here. Can you try this link instead: <url>? Let us know how it goes,,,,,,
b4_079,agent,t_560951,I tried to buy your new year long thing. There’s no ‘buy it now’ link on the webpage the email goes to.,how do I buy your year of premium for £99? The pink advert page has no buy or continue link..! <url>,"@user Hey, help's here! Just head to <url> > Get Premium > log in to your Account page > See more offer > select your preferred subscription. Let us know how it goes",,,,,,
b4_079,agent,t_566321,I tried to buy your new year long thing. There’s no ‘buy it now’ link on the webpage the email goes to.,"Spotify just offered me the option to buy a year of Premium and a discounted rate, and it takes me to… another ad for the same offer? But no way to actually get it. <url>","@user Hey Peter! Can you DM us the link so we can take a closer look? In the meantime, you can get this offer by heading here: <url>. Let us know how it goes <url>",,,,,,
b4_079,agent,t_2763654,I tried to buy your new year long thing. There’s no ‘buy it now’ link on the webpage the email goes to.,why are entire albums that were just released on Spotify less than two weeks ago now suddenly saying they are unavailable? Same goes with others that have been on there for years that won't play now. Why even list them?,@user Hey Kurt! Can you send us the Album Links? Just tap the three dots > Share > Copy Link. What country is your account set to? We'll check things out,,,,,,
b4_079,agent,t_104118,I tried to buy your new year long thing. There’s no ‘buy it now’ link on the webpage the email goes to.,where tf do I buy premium in the app???? Sos,"@user Hey Brandon! Currently, there's no way to buy Premium on the app. Don't worry though, you can upgrade here: <url>. Let us know how it goes <url>",,,,,,
b4_079,agent,t_557251,I tried to buy your new year long thing. There’s no ‘buy it now’ link on the webpage the email goes to.,Are you fuckibg serious? I'm paying £9.99 a month and I've been a paying customer for 4 years now😡 <url>,"@user Hey there! Right now, this offer’s for new subscribers only. We’d recommend checking out our new Spotify Yearly discount - 12 months for the price of 10: <url>. Let us know how it goes",,,,,,
b4_079,quality,current:contact,I tried to buy your new year long thing. There’s no ‘buy it now’ link on the webpage the email goes to.,Need official human support,Spotify's contact page offers messaging with customer support. The assistant cannot contact staff or access accounts.,,,,,,
b4_079,balanced,current:contact,I tried to buy your new year long thing. There’s no ‘buy it now’ link on the webpage the email goes to.,Need official human support,Spotify's contact page offers messaging with customer support. The assistant cannot contact staff or access accounts.,,,,,,
b4_080,quality,current:contact,". is unusable on Windows, constant stopping and reloading.. <url>",Need official human support,Spotify's contact page offers messaging with customer support. The assistant cannot contact staff or access accounts.,,,,,,
b4_080,balanced,t_809554,". is unusable on Windows, constant stopping and reloading.. <url>","trying to sign up for spoitfy student but keep reloading and getting ""this form has expired, please reload and try again""","@user Hi there, help's here! Can you open this link: <url> on a different browser or in an incognito window? Any better?",,,,,,
b4_080,balanced,t_2290373,". is unusable on Windows, constant stopping and reloading.. <url>",Is it just me or lately web app is unusable without at least 10 reloads per day? 🤨,"@user Hi! Can you let us know what's happening exactly? Can you also let us know the device, operating system, and web browser you're using?",,,,,,
b4_080,balanced,t_1342974,". is unusable on Windows, constant stopping and reloading.. <url>","can't use website player. keep getting ""ooops, something went wrong. Reload."" I've reloaded, restarted, signed out & in...","@user Hey Drew, help's here! Could you give it another shot using an incognito window or a different browser? Let us know how it plays out",,,,,,
b4_080,balanced,t_1864888,". is unusable on Windows, constant stopping and reloading.. <url>","Yo your mac desktop app blows. Constant stopping and starting of songs with the ""can't play current song""",@user Hey! That doesn't sound good. What Mac OS and Spotify versions are you using? Can you also DM us your account's email address? <url>,,,,,,
b4_080,balanced,t_1707308,". is unusable on Windows, constant stopping and reloading.. <url>",", please fix your web player. i have to reload the page every hour of use",@user Hey there! Does clearing your cache/cookies help? You might also want to try using an incognito/private window. Let us know how it goes,,,,,,
b4_080,balanced,t_1829525,". is unusable on Windows, constant stopping and reloading.. <url>","Getting a lot of issues with web player - 'Oops something went wrong, reload', seeing nginx 503 errors!","@user Hey Roo! Can you try clearing your browser's cache and cookies? Using an incognito window might do the trick, too. Keep us posted",,,,,,
b4_080,balanced,current:family,". is unusable on Windows, constant stopping and reloading.. <url>","Official Spotify guidance, checked 2026-09-17",Premium Family is for family members living together. Members must live with the plan manager and use the same home address. This general rule does not establish a temporary-absence exception or eligibility of an individual account.,,,,,,
b4_080,balanced,current:wrapped,". is unusable on Windows, constant stopping and reloading.. <url>","Official Spotify guidance, checked 2026-09-17",Wrapped is Spotify's annual listening summary and includes personalized playlists. Some features have eligibility requirements. The support page links official updates; it does not establish a release date for an upcoming edition.,,,,,,
b4_080,balanced,current:profile,". is unusable on Windows, constant stopping and reloading.. <url>","Official Spotify guidance, checked 2026-09-17","A display name replaces the username on profiles, apps and playlists, but cannot be used to log in. Mobile: profile picture, View profile, EDIT, change name, Save.",,,,,,
b4_080,balanced,current:ideas,". is unusable on Windows, constant stopping and reloading.. <url>","Official Spotify guidance, checked 2026-09-17","Customers can search the Community Ideas board, vote for an existing idea or submit a new idea after logging in. No particular idea, feature release or staff action is confirmed.",,,,,,
b4_080,balanced,current:catalog,". is unusable on Windows, constant stopping and reloading.. <url>","Official Spotify guidance, checked 2026-09-17","Catalog availability varies over time and by country according to rights-holder permissions. No availability, removal cause or return date for a specific release is established.",,,,,,
b4_080,balanced,current:student,". is unusable on Windows, constant stopping and reloading.. <url>","Official Spotify guidance, checked 2026-09-17","SheerID handles student verification. Try a private browser window to avoid autofill problems. If verification still fails, use the SheerID help route on this official page. Spotify cannot resolve SheerID verification issues.",,,,,,
b4_080,balanced,current:shuffle,". is unusable on Windows, constant stopping and reloading.. <url>","Official Spotify guidance, checked 2026-09-17","Smart Shuffle mixes recommendations into playback. It is always active on free mobile. Premium mobile users can disable Include Smart Shuffle in play modes under Settings and privacy, Playback. Premium shuffle also offers a Fewer repeats style; it reduces, not eliminates, repeats.",,,,,,
b4_080,balanced,current:autoplay,". is unusable on Windows, constant stopping and reloading.. <url>","Official Spotify guidance, checked 2026-09-17","Autoplay plays similar tracks after an album, playlist or selection ends. It can be disabled in settings: Playback, Autoplay on mobile; Autoplay in desktop settings. It does not explain extra tracks interspersed within a playlist.",,,,,,
b4_080,balanced,current:explicit,". is unusable on Windows, constant stopping and reloading.. <url>","Official Spotify guidance, checked 2026-09-17",Explicit releases have E or EXPLICIT tags supplied by rights holders. Search for different versions; some explicit releases have no clean version. This does not prove an uncensored version of a given track exists.,,,,,,
b4_080,balanced,current:library,". is unusable on Windows, constant stopping and reloading.. <url>","Official Spotify guidance, checked 2026-09-17","For music missing from Your Library, check filters on mobile and search to find and save it. A different account may explain missing saved content, but must not be asserted without evidence.",,,,,,
b4_080,balanced,current:contact,". is unusable on Windows, constant stopping and reloading.. <url>",Need official human support,Spotify's contact page offers messaging with customer support. The assistant cannot contact staff or access accounts.,,,,,,
b4_080,balanced,current:playback,". is unusable on Windows, constant stopping and reloading.. <url>",Technical trouble playing Spotify,"For playback or app technical problems, restart or update the app. Reinstalling requires downloading offline music and podcasts again. These steps do not answer playlist editing, catalog, billing or feature questions.",,,,,,
b4_080,balanced,policy:clarification,". is unusable on Windows, constant stopping and reloading.. <url>",Missing diagnostic context,"Cadence's reviewed response policy permits a specific, relevant question about the affected feature, device, app version or exact error. Never repeat information already supplied or ask for private account details. A question is not a resolution.",,,,,,
b4_080,balanced,policy:social,". is unusable on Windows, constant stopping and reloading.. <url>",Cadence conversational policy,A brief friendly acknowledgment of thanks or excitement is allowed without inventing facts or claiming an action. It is not a support resolution.,,,,,,
b4_080,agent,t_809554,". is unusable on Windows, constant stopping and reloading.. <url>","trying to sign up for spoitfy student but keep reloading and getting ""this form has expired, please reload and try again""","@user Hi there, help's here! Can you open this link: <url> on a different browser or in an incognito window? Any better?",,,,,,
b4_080,agent,t_2290373,". is unusable on Windows, constant stopping and reloading.. <url>",Is it just me or lately web app is unusable without at least 10 reloads per day? 🤨,"@user Hi! Can you let us know what's happening exactly? Can you also let us know the device, operating system, and web browser you're using?",,,,,,
b4_080,agent,t_1342974,". is unusable on Windows, constant stopping and reloading.. <url>","can't use website player. keep getting ""ooops, something went wrong. Reload."" I've reloaded, restarted, signed out & in...","@user Hey Drew, help's here! Could you give it another shot using an incognito window or a different browser? Let us know how it plays out",,,,,,
b4_080,agent,t_1864888,". is unusable on Windows, constant stopping and reloading.. <url>","Yo your mac desktop app blows. Constant stopping and starting of songs with the ""can't play current song""",@user Hey! That doesn't sound good. What Mac OS and Spotify versions are you using? Can you also DM us your account's email address? <url>,,,,,,
b4_080,agent,t_1707308,". is unusable on Windows, constant stopping and reloading.. <url>",", please fix your web player. i have to reload the page every hour of use",@user Hey there! Does clearing your cache/cookies help? You might also want to try using an incognito/private window. Let us know how it goes,,,,,,
b4_080,agent,t_1829525,". is unusable on Windows, constant stopping and reloading.. <url>","Getting a lot of issues with web player - 'Oops something went wrong, reload', seeing nginx 503 errors!","@user Hey Roo! Can you try clearing your browser's cache and cookies? Using an incognito window might do the trick, too. Keep us posted",,,,,,
